[12/05/2026 14:27:57] Written data (COM11) 
    06                                                .                
[12/05/2026 14:27:57] Read data (COM11) 
    86                                                                
[12/05/2026 14:27:57] Written data (COM11) 
    ff 03 00 00 10 00 82 00 00 00 01 00 02 00 03 00   .............. 
    f0 00 00 62 00 00 00 00 00 00 00 00 00 00 00 00   ๐..b............ 
    00 00 00 00 00 00 00 fc                           .......         
[12/05/2026 14:27:57] Read data (COM11) 
    ff 03 00 01 19 00 82 40 30 00 00 00 00 00 00 01   .....@0....... 
    60 00 00 19 20 00 00 01 00 00 00 00 b2 00 00 00   `... .......ฒ... 
    00 00 00 00 1a 90 00 77                           ......w         
[12/05/2026 14:27:57] Written data (COM11) 
    ff 03 00 00 0a 00 82 01 f6 09 f7 09 00 88 00 00   ......๖.๗.... 
    00 00 00 00 00 00 00 00 00 00 00 00 00 00 00 00   ................ 
    00 00 00 00 00 00 00 fc                           .......         
[12/05/2026 14:27:57] Read data (COM11) 
    ff 03 00 01 0d 00 82 00 00 00 00 00 00 00 00 00   .............. 
    8f 00 00 00 00 00 00 00 00 00 00 00 00 00 00 00   ............... 
    00 00 00 00 1d 90 01 71                           ......q         
[12/05/2026 14:27:57] Written data (COM11) 
    ff 03 00 00 05 00 03 00 06 00 00 00 00 00 00 00   ............... 
    00 00 00 00 00 00 00 00 00 00 00 00 00 00 00 00   ................ 
    00 00 00 00 00 00 00 fc                           .......         
[12/05/2026 14:27:58] Read data (COM11) 
    ff 03 00 01 05 00 03 00 06 00 00 00 00 00 00 00   ............... 
    00 00 00 00 00 00 00 00 00 00 00 00 00 00 00 00   ................ 
    00 00 00 00 21 90 02 4e                           ....!.N         
[12/05/2026 14:27:58] Written data (COM11) 
    06                                                .                
[12/05/2026 14:27:58] Read data (COM11) 
    86                                                                
[12/05/2026 14:27:58] Written data (COM11) 
    ff 03 00 00 0c 00 83 00 82 01 01 00 00 00 00 0d   ............. 
    00 00 00 00 00 00 00 00 00 00 00 00 00 00 00 00   ................ 
    00 00 00 00 00 00 00 fc                           .......         
[12/05/2026 14:27:58] Read data (COM11) 
    ff 03 00 01 06 00 83 00 00 85 00 00 00 00 00 00   .......…...... 
    00 00 00 00 00 00 00 00 00 00 00 00 00 00 00 00   ................ 
    00 00 00 00 cb 90 00 a6                           ....ห.ฆ         
[12/05/2026 14:27:58] Written data (COM11) 
    ff 03 00 00 12 00 83 01 f6 09 01 60 00 00 f7 09   ......๖..`..๗. 
    00 00 00 00 00 f0 00 00 00 00 00 00 00 00 00 00   .....๐.......... 
    00 00 00 00 00 00 00 fc                           .......         
[12/05/2026 14:27:58] Read data (COM11) 
    ff 03 00 01 07 00 83 00 00 00 84 00 00 00 00 00   ............. 
    00 00 00 00 00 00 00 00 00 00 00 00 00 00 00 00   ................ 
    00 00 00 00 cf 90 01 a3                           ....ฯ.ฃ         
[12/05/2026 14:27:58] Written data (COM11) 
    ff 03 00 00 08 00 82 01 00 06 00 8d 00 00 00 00   ............. 
    00 00 00 00 00 00 00 00 00 00 00 00 00 00 00 00   ................ 
    00 00 00 00 00 00 00 fc                           .......         
[12/05/2026 14:27:58] Read data (COM11) 
    ff 03 00 01 09 00 82 00 00 00 00 00 8b 00 00 00   ............. 
    00 00 00 00 00 00 00 00 00 00 00 00 00 00 00 00   ................ 
    00 00 00 00 d3 90 02 bc                           ....ำ.ผ         
[12/05/2026 14:27:58] Written data (COM11) 
    ff 03 00 00 08 00 82 01 01 06 00 8c 00 00 00 00   ............. 
    00 00 00 00 00 00 00 00 00 00 00 00 00 00 00 00   ................ 
    00 00 00 00 00 00 00 fc                           .......         
[12/05/2026 14:27:58] Read data (COM11) 
    ff 03 00 01 09 00 82 00 00 00 00 00 8b 00 00 00   ............. 
    00 00 00 00 00 00 00 00 00 00 00 00 00 00 00 00   ................ 
    00 00 00 00 d4 90 03 ba                           ....ิ.บ         
[12/05/2026 14:27:58] Written data (COM11) 
    ff 03 00 00 08 00 82 01 02 06 00 8f 00 00 00 00   ............. 
    00 00 00 00 00 00 00 00 00 00 00 00 00 00 00 00   ................ 
    00 00 00 00 00 00 00 fc                           .......         
[12/05/2026 14:27:58] Read data (COM11) 
    ff 03 00 01 09 00 82 00 00 00 00 00 8b 00 00 00   ............. 
    00 00 00 00 00 00 00 00 00 00 00 00 00 00 00 00   ................ 
    00 00 00 00 d4 90 04 bd                           ....ิ.ฝ         
[12/05/2026 14:27:58] Written data (COM11) 
    ff 03 00 00 08 00 82 01 03 06 00 8e 00 00 00 00   ............. 
    00 00 00 00 00 00 00 00 00 00 00 00 00 00 00 00   ................ 
    00 00 00 00 00 00 00 fc                           .......         
[12/05/2026 14:27:58] Read data (COM11) 
    ff 03 00 01 09 00 82 00 00 00 00 00 8b 00 00 00   ............. 
    00 00 00 00 00 00 00 00 00 00 00 00 00 00 00 00   ................ 
    00 00 00 00 d5 90 05 bd                           ....ี.ฝ         
[12/05/2026 14:27:58] Written data (COM11) 
    ff 03 00 00 08 00 82 01 04 06 00 89 00 00 00 00   ............. 
    00 00 00 00 00 00 00 00 00 00 00 00 00 00 00 00   ................ 
    00 00 00 00 00 00 00 fc                           .......         
[12/05/2026 14:27:58] Read data (COM11) 
    ff 03 00 01 09 00 82 00 00 00 00 00 8b 00 00 00   ............. 
    00 00 00 00 00 00 00 00 00 00 00 00 00 00 00 00   ................ 
    00 00 00 00 d6 90 06 bd                           ....ึ.ฝ         
[12/05/2026 14:27:58] Written data (COM11) 
    ff 03 00 00 08 00 82 01 05 06 00 88 00 00 00 00   ............. 
    00 00 00 00 00 00 00 00 00 00 00 00 00 00 00 00   ................ 
    00 00 00 00 00 00 00 fc                           .......         
[12/05/2026 14:27:58] Read data (COM11) 
    ff 03 00 01 09 00 82 00 00 00 00 00 8b 00 00 00   ............. 
    00 00 00 00 00 00 00 00 00 00 00 00 00 00 00 00   ................ 
    00 00 00 00 d7 90 07 bd                           ....ื.ฝ         
[12/05/2026 14:27:58] Written data (COM11) 
    ff 03 00 00 08 00 82 01 06 06 00 8b 00 00 00 00   ............. 
    00 00 00 00 00 00 00 00 00 00 00 00 00 00 00 00   ................ 
    00 00 00 00 00 00 00 fc                           .......         
[12/05/2026 14:27:58] Read data (COM11) 
    ff 03 00 01 09 00 82 00 00 00 00 00 8b 00 00 00   ............. 
    00 00 00 00 00 00 00 00 00 00 00 00 00 00 00 00   ................ 
    00 00 00 00 d8 90 08 bd                           ....ุ.ฝ         
[12/05/2026 14:27:58] Written data (COM11) 
    ff 03 00 00 08 00 82 01 07 06 00 8a 00 00 00 00   ............. 
    00 00 00 00 00 00 00 00 00 00 00 00 00 00 00 00   ................ 
    00 00 00 00 00 00 00 fc                           .......         
[12/05/2026 14:27:58] Read data (COM11) 
    ff 03 00 01 09 00 82 00 00 00 00 00 8b 00 00 00   ............. 
    00 00 00 00 00 00 00 00 00 00 00 00 00 00 00 00   ................ 
    00 00 00 00 d9 90 09 bd                           ....ู.ฝ         
[12/05/2026 14:27:58] Written data (COM11) 
    ff 03 00 00 08 00 82 01 08 06 00 85 00 00 00 00   .........….... 
    00 00 00 00 00 00 00 00 00 00 00 00 00 00 00 00   ................ 
    00 00 00 00 00 00 00 fc                           .......         
[12/05/2026 14:27:58] Read data (COM11) 
    ff 03 00 01 09 00 82 00 00 00 00 00 8b 00 00 00   ............. 
    00 00 00 00 00 00 00 00 00 00 00 00 00 00 00 00   ................ 
    00 00 00 00 da 90 0a bd                           ....ฺ.ฝ         
[12/05/2026 14:27:58] Written data (COM11) 
    ff 03 00 00 08 00 82 01 09 06 00 84 00 00 00 00   ............. 
    00 00 00 00 00 00 00 00 00 00 00 00 00 00 00 00   ................ 
    00 00 00 00 00 00 00 fc                           .......         
[12/05/2026 14:27:58] Read data (COM11) 
    ff 03 00 01 09 00 82 00 00 00 00 00 8b 00 00 00   ............. 
    00 00 00 00 00 00 00 00 00 00 00 00 00 00 00 00   ................ 
    00 00 00 00 db 90 0b bd                           .....ฝ         
[12/05/2026 14:27:58] Written data (COM11) 
    ff 03 00 00 08 00 82 01 0a 06 00 87 00 00 00 00   ............. 
    00 00 00 00 00 00 00 00 00 00 00 00 00 00 00 00   ................ 
    00 00 00 00 00 00 00 fc                           .......         
[12/05/2026 14:27:58] Read data (COM11) 
    ff 03 00 01 09 00 82 00 00 00 00 00 8b 00 00 00   ............. 
    00 00 00 00 00 00 00 00 00 00 00 00 00 00 00 00   ................ 
    00 00 00 00 db 90 0c ba                           .....บ         
[12/05/2026 14:27:58] Written data (COM11) 
    ff 03 00 00 08 00 82 01 0b 06 00 86 00 00 00 00   ............. 
    00 00 00 00 00 00 00 00 00 00 00 00 00 00 00 00   ................ 
    00 00 00 00 00 00 00 fc                           .......         
[12/05/2026 14:27:58] Read data (COM11) 
    ff 03 00 01 09 00 82 00 00 00 00 00 8b 00 00 00   ............. 
    00 00 00 00 00 00 00 00 00 00 00 00 00 00 00 00   ................ 
    00 00 00 00 dc 90 0d bc                           .....ผ         
[12/05/2026 14:27:58] Written data (COM11) 
    ff 03 00 00 08 00 82 01 0c 06 00 81 00 00 00 00   ............. 
    00 00 00 00 00 00 00 00 00 00 00 00 00 00 00 00   ................ 
    00 00 00 00 00 00 00 fc                           .......         
[12/05/2026 14:27:58] Read data (COM11) 
    ff 03 00 01 09 00 82 00 00 00 00 00 8b 00 00 00   ............. 
    00 00 00 00 00 00 00 00 00 00 00 00 00 00 00 00   ................ 
    00 00 00 00 dd 90 0e be                           .....พ         
[12/05/2026 14:27:58] Written data (COM11) 
    ff 03 00 00 08 00 82 01 0d 06 00 80 00 00 00 00   .........€.... 
    00 00 00 00 00 00 00 00 00 00 00 00 00 00 00 00   ................ 
    00 00 00 00 00 00 00 fc                           .......         
[12/05/2026 14:27:58] Read data (COM11) 
    ff 03 00 01 09 00 82 00 00 00 00 00 8b 00 00 00   ............. 
    00 00 00 00 00 00 00 00 00 00 00 00 00 00 00 00   ................ 
    00 00 00 00 de 90 0f bc                           .....ผ         
[12/05/2026 14:27:58] Written data (COM11) 
    ff 03 00 00 08 00 82 01 0e 06 00 83 00 00 00 00   ............. 
    00 00 00 00 00 00 00 00 00 00 00 00 00 00 00 00   ................ 
    00 00 00 00 00 00 00 fc                           .......         
[12/05/2026 14:27:58] Read data (COM11) 
    ff 03 00 01 09 00 82 00 00 00 00 00 8b 00 00 00   ............. 
    00 00 00 00 00 00 00 00 00 00 00 00 00 00 00 00   ................ 
    00 00 00 00 de 90 10 a3                           .....ฃ         
[12/05/2026 14:27:58] Written data (COM11) 
    ff 03 00 00 08 00 82 01 0f 06 00 82 00 00 00 00   ............. 
    00 00 00 00 00 00 00 00 00 00 00 00 00 00 00 00   ................ 
    00 00 00 00 00 00 00 fc                           .......         
[12/05/2026 14:27:58] Read data (COM11) 
    ff 03 00 01 09 00 82 00 00 00 00 00 8b 00 00 00   ............. 
    00 00 00 00 00 00 00 00 00 00 00 00 00 00 00 00   ................ 
    00 00 00 00 df 90 11 a3                           ....฿.ฃ         
[12/05/2026 14:27:58] Written data (COM11) 
    ff 03 00 00 08 00 82 00 12 00 00 98 00 00 00 00   ............. 
    00 00 00 00 00 00 00 00 00 00 00 00 00 00 00 00   ................ 
    00 00 00 00 00 00 00 fc                           .......         
[12/05/2026 14:27:58] Read data (COM11) 
    ff 03 00 01 09 00 82 62 01 00 00 00 e8 00 00 00   .....b....่... 
    00 00 00 00 00 00 00 00 00 00 00 00 00 00 00 00   ................ 
    00 00 00 00 e0 90 12 9f                           ....เ.         
[12/05/2026 14:27:58] Written data (COM11) 
    ff 01 00 00 fc 00 c3 01 10 01 00 00 00 00 1f 01   ....ร......... 
    00 00 00 00 26 01 e8 03 00 00 28 01 f4 01 00 00   ....&.่...(.๔... 
    29 01 01 00 00 00 00 f6 ff 00 00 00 00 00 2a 01   )......๖.....*. 
    01 00 00 00 2c 01 01 00 00 00 2d 01 00 00 00 00   ....,.....-..... 
    2e 01 e8 03 00 00 2f 01 0a 00 00 00 00 00 00 35   ..่.../........5 
    ff 00 00 00 30 01 b4 00 00 00 31 01 e8 03 00 00   ...0.ด...1.่... 
    32 01 01 00 00 00 33 01 64 00 00 00 34 01 00 00   2.....3.d...4... 
    00 00 35 01 00 00 00 c4 ff 00 00 00 00 00 00 00   ..5....ฤ....... 
    36 01 01 00 00 00 37 01 e8 03 00 00 38 01 00 00   6.....7.่...8... 
    00 00 39 01 2d 00 00 00 40 01 40 42 00 00 00 7b   ..9.-...@.@B...{ 
    ff 00 00 00 0f 00 41 01 40 42 0f 00 42 01 f4 01   .....A.@B..B.๔. 
    00 00 46 01 01 00 00 00 47 01 00 00 00 00 48 01   ..F.....G.....H. 
    00 00 00 00 00 00 00 42 ff 00 00 00 50 01 01 00   .......B...P... 
    00 00 51 01 e8 03 00 00 52 01 40 42 0f 00 53 01   ..Q.่...R.@B..S. 
    f4 01 00 00 54 01 88 13 00 00 58 01 00 00 00 7a   ๔...T....X....z 
    ff 00 00 00 88 13 00 00 59 01 40 42 0f 00 5a 01   ......Y.@B..Z. 
    f4 01 00 00 5e 01 01 00 00 00 5f 01 e8 03 00 00   ๔...^....._.่... 
    60 01 01 00 00 00 00 14 ff 02 00 00 00 00 61 01   `............a. 
    01 00 00 00 62 01 40 42 0f 00 63 01 f4 01 00 00   ....b.@B..c.๔... 
    64 01 e8 03 00 00 00 b8 00 00 00 00 00 00 00 53   d.่....ธ.......S 
[12/05/2026 14:27:58] Read data (COM11) 
    ff 01 00 02 2e 00 c3 00 00 00 00 00 00 00 00 00   .....ร......... 
    00 00 00 00 00 00 00 00 00 00 00 00 00 00 00 00   ................ 
    00 00 00 00 1a 91 13 89 ff 02 01 02 00 00 00 00   .....‘........ 
    00 00 00 00 00 00 00 00 00 ed 00 00 00 00 00 00   .........ํ...... 
    00 00 00 00 00 00 00 00 00 00 00 00 1a 91 14 8c   .............‘. 
[12/05/2026 14:27:58] Written data (COM11) 
    ff 01 00 00 ba 00 c3 01 65 01 f4 01 00 00 66 01   ...บ.ร.e.๔...f. 
    00 00 00 00 67 01 00 00 00 00 68 01 00 00 00 00   ....g.....h..... 
    69 01 f4 01 00 00 00 e2 ff 00 00 00 00 00 6a 01   i.๔....โ.....j. 
    f4 01 00 00 6b 01 e8 03 00 00 6c 01 00 00 00 00   ๔...k.่...l..... 
    6d 01 c8 00 00 00 6e 01 f4 01 00 00 00 00 00 b3   m.ศ...n.๔......ณ 
    ff 00 00 00 80 01 32 00 00 00 81 01 2c 01 00 00   ...€.2....,... 
    90 01 00 00 00 00 91 01 00 00 00 00 98 01 00 00   .....‘........ 
    00 00 99 01 00 00 00 e1 ff 00 00 00 01 00 00 00   ......แ....... 
    9a 01 00 00 00 00 9b 01 00 00 00 00 9c 01 01 00   ............. 
    00 00 a0 01 55 00 00 00 a1 01 32 00 00 00 00 05   .. .U...ก.2..... 
    ff 00 00 00 00 00 a2 01 00 00 00 00 a5 01 2c 01   .....ข.....ฅ.,. 
    00 00 a8 01 55 00 00 00 a9 01 b3 01 00 00 aa 01   ..จ.U...ฉ.ณ...ช. 
    78 00 00 00 00 00 00 e0 ff 02 00 00 ab 01 76 02   x......เ...ซ.v. 
    00 00 ac 01 b4 00 00 00 af 01 00 00 00 00 b0 01   ..ฌ.ด...ฏ.....ฐ. 
    00 00 00 00 00 73 00 00 00 00 00 00 00 00 00 56   .....s.........V 
[12/05/2026 14:27:58] Read data (COM11) 
    ff 01 00 02 23 00 c3 00 00 00 00 00 00 00 00 00   ...#.ร......... 
    00 00 00 00 00 00 00 00 00 00 00 00 00 00 00 00   ................ 
    00 00 00 00 22 91 15 ba ff 02 01 02 00 00 e0 00   ...."‘.บ.....เ. 
    00 00 00 00 00 00 00 00 00 00 00 00 00 00 00 00   ................ 
    00 00 00 00 00 00 00 00 00 00 00 00 22 91 16 bb   ............"‘.ป 
[12/05/2026 14:27:58] Written data (COM11) 
    ff 01 00 00 fc 00 c3 01 b1 01 00 00 00 00 b2 01   ....ร.ฑ.....ฒ. 
    00 00 00 00 b3 01 01 00 00 00 b4 01 01 00 00 00   ....ณ.....ด..... 
    bc 01 80 00 00 00 00 f9 ff 00 00 00 00 00 bd 01   ผ.€....๙.....ฝ. 
    00 00 00 00 be 01 01 00 00 00 bf 01 01 00 00 00   ....พ.....ฟ..... 
    c0 01 01 00 00 00 c1 01 01 00 00 00 00 00 00 43   ภ.....ม........C 
    ff 00 00 00 c2 01 01 00 00 00 c3 01 03 00 00 00   ...ย.....ร..... 
    c4 01 ff ff ff 7f c5 01 00 00 00 80 c6 01 00 00   ฤ.ล....€ฦ... 
    00 00 c7 01 00 00 00 fc ff 00 00 00 01 00 00 00   ..ว........... 
    c9 01 0a 00 00 00 cb 01 88 13 00 00 cc 01 00 00   ษ.....ห....ฬ... 
    00 00 cd 01 01 00 00 00 f0 01 01 00 00 00 00 9d   ..อ.....๐...... 
    ff 00 00 00 00 00 f2 01 01 00 00 00 f3 01 00 00   .....๒.....๓... 
    00 00 fa 01 ff ff ff ff fe 01 00 00 00 00 ff 01   ..๚....... 
    00 00 00 00 00 00 00 05 ff 00 00 00 00 06 00 00   ............... 
    00 00 01 06 00 00 00 00 02 06 00 00 00 00 03 06   ................ 
    00 00 00 00 04 06 00 00 00 00 05 06 00 00 00 fe   ............... 
    ff 00 00 00 00 00 00 00 06 06 00 00 00 00 07 06   ............... 
    00 00 00 00 08 06 00 00 00 00 09 06 00 00 00 00   ................ 
    0a 06 00 00 00 00 00 f3 ff 02 00 00 00 00 0b 06   .......๓....... 
    00 00 00 00 0c 06 00 00 00 00 0d 06 00 00 00 00   ................ 
    0e 06 00 00 00 00 00 29 00 00 00 00 00 00 00 d0   .......).......ะ 
[12/05/2026 14:27:58] Read data (COM11) 
    ff 01 00 02 2e 00 c3 00 00 00 00 00 00 00 00 00   .....ร......... 
    00 00 00 00 00 00 00 00 00 00 00 00 00 00 00 00   ................ 
    00 00 00 00 2e 91 17 b9 ff 02 01 02 00 00 00 00   .....‘.น....... 
    00 00 00 00 00 00 00 00 00 ed 00 00 00 00 00 00   .........ํ...... 
    00 00 00 00 00 00 00 00 00 00 00 00 2e 91 18 b4   .............‘.ด 
[12/05/2026 14:27:58] Written data (COM11) 
    ff 01 00 00 ba 00 c3 01 0f 06 00 00 00 00 00 07   ...บ.ร......... 
    03 00 00 00 01 07 02 00 00 00 02 07 01 00 00 00   ................ 
    03 07 12 00 00 00 00 9d ff 00 00 00 00 00 04 07   .............. 
    00 00 00 00 05 07 01 00 00 00 06 07 01 00 00 00   ................ 
    07 07 12 00 00 00 08 07 0a 00 00 00 00 00 00 e8   ...............่ 
    ff 00 00 00 09 07 00 00 00 00 0a 07 00 00 00 00   ............... 
    0b 07 00 00 00 00 0c 07 0a 00 00 00 0d 07 f4 01   ..............๔. 
    00 00 0e 07 00 00 00 07 ff 00 00 00 00 00 00 00   ............... 
    0f 07 32 00 00 00 10 07 e8 03 00 00 11 07 f4 01   ..2.....่.....๔. 
    00 00 12 07 e8 03 00 00 13 07 00 00 00 00 00 30   ....่..........0 
    ff 00 00 00 00 00 14 07 01 00 00 00 15 07 08 00   ............... 
    00 00 16 07 00 00 00 00 17 07 64 00 00 00 18 07   ..........d..... 
    00 00 00 00 00 00 00 8d ff 02 00 00 19 07 1e 00   .............. 
    00 00 1a 07 00 00 00 00 40 07 00 00 00 00 41 07   ........@.....A. 
    00 00 00 00 00 2d 00 00 00 00 00 00 00 00 00 cc   .....-.........ฬ 
[12/05/2026 14:27:58] Read data (COM11) 
    ff 01 00 02 23 00 c3 00 00 00 00 00 00 00 00 00   ...#.ร......... 
    00 00 00 00 00 00 00 00 00 00 00 00 00 00 00 00   ................ 
    00 00 00 00 35 91 19 a1 ff 02 01 02 00 00 e0 00   ....5‘.ก.....เ. 
    00 00 00 00 00 00 00 00 00 00 00 00 00 00 00 00   ................ 
    00 00 00 00 00 00 00 00 00 00 00 00 35 91 1a a0   ............5‘.  
[12/05/2026 14:27:58] Written data (COM11) 
    ff 01 00 00 fc 00 c3 01 42 07 00 00 00 00 43 07   ....ร.B.....C. 
    00 00 00 00 44 07 00 00 00 00 45 07 00 00 00 00   ....D.....E..... 
    46 07 00 00 00 00 00 81 ff 00 00 00 00 00 47 07   F...........G. 
    00 00 00 00 48 07 00 00 00 00 49 07 00 00 00 00   ....H.....I..... 
    4a 07 00 00 00 00 4b 07 00 00 00 00 00 00 00 bf   J.....K........ฟ 
    ff 00 00 00 4c 07 00 00 00 00 4d 07 00 00 00 00   ...L.....M..... 
    4e 07 00 00 00 00 4f 07 00 00 00 00 50 07 00 00   N.....O.....P... 
    00 00 51 07 00 00 00 fe ff 00 00 00 00 00 00 00   ..Q........... 
    52 07 00 00 00 00 53 07 00 00 00 00 54 07 00 00   R.....S.....T... 
    00 00 55 07 00 00 00 00 56 07 00 00 00 00 00 ae   ..U.....V......ฎ 
    ff 00 00 00 00 00 57 07 00 00 00 00 58 07 00 00   .....W.....X... 
    00 00 59 07 00 00 00 00 5a 07 00 00 00 00 5b 07   ..Y.....Z.....[. 
    00 00 00 00 00 00 00 af ff 00 00 00 5c 07 00 00   .......ฏ...\... 
    00 00 5d 07 00 00 00 00 5e 07 00 00 00 00 5f 07   ..].....^....._. 
    00 00 00 00 60 07 00 00 00 00 61 07 00 00 00 fe   ....`.....a.... 
    ff 00 00 00 01 00 00 00 62 07 02 00 00 00 63 07   .......b.....c. 
    03 00 00 00 64 07 04 00 00 00 65 07 05 00 00 00   ....d.....e..... 
    66 07 06 00 00 00 00 99 ff 02 00 00 00 00 67 07   f...........g. 
    07 00 00 00 68 07 00 00 00 00 69 07 01 00 00 00   ....h.....i..... 
    6a 07 02 00 00 00 00 50 00 00 00 00 00 00 00 a5   j......P.......ฅ 
[12/05/2026 14:27:58] Read data (COM11) 
    ff 01 00 02 2e 00 c3 00 00 00 00 00 00 00 00 00   .....ร......... 
    00 00 00 00 00 00 00 00 00 00 00 00 00 00 00 00   ................ 
    00 00 00 00 3a 91 1b a1 ff 02 01 02 00 00 00 00   ....:‘.ก....... 
    00 00 00 00 00 00 00 00 00 ed 00 00 00 00 00 00   .........ํ...... 
    00 00 00 00 00 00 00 00 00 00 00 00 3a 91 1c a4   ............:‘.ค 
[12/05/2026 14:27:58] Written data (COM11) 
    ff 01 00 00 ba 00 c3 01 6b 07 03 00 00 00 6c 07   ...บ.ร.k.....l. 
    04 00 00 00 6d 07 05 00 00 00 6e 07 06 00 00 00   ....m.....n..... 
    6f 07 07 00 00 00 00 e9 ff 00 00 00 00 00 a0 07   o......้..... . 
    01 00 00 00 a1 07 01 00 00 00 a2 07 01 00 00 00   ....ก.....ข..... 
    a3 07 01 00 00 00 a4 07 01 00 00 00 00 00 00 5d   ฃ.....ค........] 
    ff 00 00 00 a5 07 01 00 00 00 a6 07 01 00 00 00   ...ฅ.....ฆ..... 
    a7 07 01 00 00 00 a8 07 01 00 00 00 a9 07 01 00   ง.....จ.....ฉ... 
    00 00 aa 07 00 00 00 f1 ff 00 00 00 01 00 00 00   ..ช....๑....... 
    ab 07 01 00 00 00 ac 07 01 00 00 00 ad 07 01 00   ซ.....ฌ.....ญ... 
    00 00 ae 07 01 00 00 00 af 07 01 00 00 00 00 53   ..ฎ.....ฏ......S 
    ff 00 00 00 00 00 b0 07 01 00 00 00 b1 07 01 00   .....ฐ.....ฑ... 
    00 00 b2 07 01 00 00 00 b3 07 01 00 00 00 b4 07   ..ฒ.....ณ.....ด. 
    01 00 00 00 00 00 00 4d ff 02 00 00 b5 07 01 00   .......M...ต... 
    00 00 b6 07 01 00 00 00 b7 07 01 00 00 00 b8 07   ..ถ.....ท.....ธ. 
    01 00 00 00 00 a9 00 00 00 00 00 00 00 00 00 58   .....ฉ.........X 
[12/05/2026 14:27:58] Read data (COM11) 
    ff 01 00 02 23 00 c3 00 00 00 00 00 00 00 00 00   ...#.ร......... 
    00 00 00 00 00 00 00 00 00 00 00 00 00 00 00 00   ................ 
    00 00 00 00 3d 91 1d ad ff 02 01 02 00 00 e0 00   ....=‘.ญ.....เ. 
    00 00 00 00 00 00 00 00 00 00 00 00 00 00 00 00   ................ 
    00 00 00 00 00 00 00 00 00 00 00 00 3d 91 1e ac   ............=‘.ฌ 
[12/05/2026 14:27:58] Written data (COM11) 
    ff 01 00 00 fc 00 c3 01 b9 07 01 00 00 00 ba 07   ....ร.น.....บ. 
    01 00 00 00 bb 07 01 00 00 00 bc 07 01 00 00 00   ....ป.....ผ..... 
    bd 07 01 00 00 00 00 7f ff 00 00 00 00 00 be 07   ฝ...........พ. 
    01 00 00 00 bf 07 01 00 00 00 d8 07 00 00 00 00   ....ฟ.....ุ..... 
    d9 07 00 00 00 00 da 07 00 00 00 00 00 00 00 22   ู.....ฺ........" 
    ff 00 00 00 db 07 00 00 00 00 dc 07 00 00 00 00   ............. 
    dd 07 00 00 00 00 de 07 00 00 00 00 df 07 00 00   ..........฿... 
    00 00 e0 07 00 00 00 c4 ff 00 00 00 00 00 00 00   ..เ....ฤ....... 
    e1 07 01 00 00 00 f0 07 00 00 00 00 f1 07 00 00   แ.....๐.....๑... 
    00 00 f2 07 00 00 00 00 f3 07 00 00 00 00 00 18   ..๒.....๓....... 
    ff 00 00 00 00 00 f4 07 00 00 00 00 f5 07 00 00   .....๔.....๕... 
    00 00 00 08 ff ff ff ff 01 08 ff ff ff ff 02 08   ........ 
    ff ff ff ff 00 00 00 f5 ff 00 00 00 40 08 25 00   ...๕...@.%. 
    00 00 41 08 01 00 00 00 42 08 05 00 00 00 43 08   ..A.....B.....C. 
    08 00 00 00 44 08 30 00 00 00 45 08 00 00 00 e7   ....D.0...E....็ 
    ff 00 00 00 31 00 00 00 46 08 00 00 00 00 47 08   ...1...F.....G. 
    00 00 00 00 48 08 00 00 00 00 49 08 00 00 00 00   ....H.....I..... 
    50 08 00 00 00 00 00 96 ff 02 00 00 00 00 51 08   P......–.....Q. 
    00 00 00 00 52 08 00 00 00 00 53 08 00 00 00 00   ....R.....S..... 
    54 08 00 00 00 00 00 ff 00 00 00 00 00 00 00 06   T.............. 
[12/05/2026 14:27:58] Read data (COM11) 
    ff 01 00 02 2e 00 c3 00 00 00 00 00 00 00 00 00   .....ร......... 
    00 00 00 00 00 00 00 00 00 00 00 00 00 00 00 00   ................ 
    00 00 00 00 5f 91 1f c0 ff 02 01 02 00 00 00 00   ...._‘.ภ....... 
    00 00 00 00 00 00 00 00 00 ed 00 00 00 00 00 00   .........ํ...... 
    00 00 00 00 00 00 00 00 00 00 00 00 5f 91 20 fd   ............_‘  
[12/05/2026 14:27:58] Written data (COM11) 
    ff 01 00 00 ba 00 c3 01 55 08 00 00 00 00 56 08   ...บ.ร.U.....V. 
    00 00 00 00 57 08 00 00 00 00 58 08 00 00 00 00   ....W.....X..... 
    59 08 00 00 00 00 00 db ff 00 00 00 00 00 60 08   Y...........`. 
    90 00 00 00 61 08 8a 00 00 00 62 08 85 00 00 00   ...a....b.…... 
    63 08 84 00 00 00 64 08 86 00 00 00 00 00 00 0e   c....d........ 
    ff 00 00 00 65 08 82 00 00 00 70 08 00 00 00 00   ...e....p..... 
    71 08 00 00 00 00 72 08 00 00 00 00 73 08 00 00   q.....r.....s... 
    00 00 74 08 00 00 00 6c ff 00 00 00 00 00 00 00   ..t....l....... 
    75 08 00 00 00 00 80 08 00 00 00 00 81 08 00 00   u.....€........ 
    00 00 82 08 00 00 00 00 83 08 00 00 00 00 00 82   ............. 
    ff 00 00 00 00 00 84 08 00 00 00 00 85 08 00 00   ..........…... 
    00 00 86 08 00 00 00 00 87 08 00 00 00 00 88 08   ............. 
    00 00 00 00 00 00 00 7f ff 02 00 00 89 08 00 00   ............. 
    00 00 90 08 80 00 00 00 91 08 80 00 00 00 92 08   ...€...‘.€...’. 
    80 00 00 00 00 20 00 00 00 00 00 00 00 00 00 47   €.... .........G 
[12/05/2026 14:27:58] Read data (COM11) 
    ff 01 00 02 23 00 c3 00 00 00 00 00 00 00 00 00   ...#.ร......... 
    00 00 00 00 00 00 00 00 00 00 00 00 00 00 00 00   ................ 
    00 00 00 00 62 91 21 ce ff 02 01 02 00 00 e0 00   ....b‘!ฮ.....เ. 
    00 00 00 00 00 00 00 00 00 00 00 00 00 00 00 00   ................ 
    00 00 00 00 00 00 00 00 00 00 00 00 62 91 22 cf   ............b‘"ฯ 
[12/05/2026 14:27:58] Written data (COM11) 
    ff 01 00 00 fc 00 c3 01 93 08 80 00 00 00 94 08   ....ร.“.€...”. 
    80 00 00 00 95 08 80 00 00 00 a0 08 00 00 00 00   €...•.€... ..... 
    a1 08 00 00 00 00 00 db ff 00 00 00 00 00 a2 08   ก...........ข. 
    00 00 00 00 a3 08 00 00 00 00 a4 08 00 00 00 00   ....ฃ.....ค..... 
    a5 08 00 00 00 00 b0 08 01 00 00 00 00 00 00 46   ฅ.....ฐ........F 
    ff 00 00 00 b1 08 01 00 00 00 b2 08 01 00 00 00   ...ฑ.....ฒ..... 
    b3 08 01 00 00 00 b4 08 01 00 00 00 b5 08 01 00   ณ.....ด.....ต... 
    00 00 c0 08 00 00 00 8f ff 00 00 00 00 00 00 00   ..ภ........... 
    c1 08 00 00 00 00 c2 08 00 00 00 00 c3 08 00 00   ม.....ย.....ร... 
    00 00 c4 08 00 00 00 00 c5 08 00 00 00 00 00 36   ..ฤ.....ล......6 
    ff 00 00 00 00 00 c6 08 00 00 00 00 c7 08 00 00   .....ฦ.....ว... 
    00 00 c8 08 00 00 00 00 c9 08 00 00 00 00 d0 08   ..ศ.....ษ.....ะ. 
    00 00 00 00 00 00 00 27 ff 00 00 00 d1 08 00 00   .......'...ั... 
    00 00 d2 08 00 00 00 00 d3 08 00 00 00 00 d4 08   ..า.....ำ.....ิ. 
    00 00 00 00 d5 08 00 00 00 00 d6 08 00 00 00 f8   ....ี.....ึ....๘ 
    ff 00 00 00 00 00 00 00 d7 08 00 00 00 00 d8 08   .......ื.....ุ. 
    00 00 00 00 d9 08 00 00 00 00 e0 08 00 00 00 00   ....ู.....เ..... 
    e1 08 00 00 00 00 00 20 ff 02 00 00 00 00 e2 08   แ...... .....โ. 
    00 00 00 00 e3 08 00 00 00 00 e4 08 00 00 00 00   ....ใ.....ไ..... 
    e5 08 00 00 00 00 00 25 00 00 00 00 00 00 00 d8   ๅ......%.......ุ 
[12/05/2026 14:27:58] Read data (COM11) 
    ff 01 00 02 2e 00 c3 00 00 00 00 00 00 00 00 00   .....ร......... 
    00 00 00 00 00 00 00 00 00 00 00 00 00 00 00 00   ................ 
    00 00 00 00 67 91 23 c4 ff 02 01 02 00 00 00 00   ....g‘#ฤ....... 
    00 00 00 00 00 00 00 00 00 ed 00 00 00 00 00 00   .........ํ...... 
    00 00 00 00 00 00 00 00 00 00 00 00 67 91 24 c1   ............g‘$ม 
[12/05/2026 14:27:58] Written data (COM11) 
    ff 01 00 00 ba 00 c3 01 00 09 00 00 00 00 01 09   ...บ.ร......... 
    00 00 00 00 02 09 00 00 00 00 03 09 00 00 00 00   ................ 
    04 09 00 00 00 00 00 8b ff 00 00 00 00 00 05 09   .............. 
    00 00 00 00 06 09 00 00 00 00 07 09 00 00 00 00   ................ 
    08 09 00 00 00 00 09 09 00 00 00 00 00 00 00 f3   ...............๓ 
    ff 00 00 00 0a 09 00 00 00 00 0b 09 00 00 00 00   ............... 
    0c 09 00 00 00 00 0d 09 00 00 00 00 0e 09 00 00   ................ 
    00 00 0f 09 00 00 00 fe ff 00 00 00 00 00 00 00   .............. 
    10 09 40 00 00 00 11 09 41 00 00 00 12 09 42 00   ..@.....A.....B. 
    00 00 13 09 20 00 00 00 14 09 90 00 00 00 00 11   .... .......... 
    ff 00 00 00 00 00 15 09 84 00 00 00 16 09 87 00   ............. 
    00 00 17 09 81 00 00 00 18 09 88 00 00 00 19 09   .............. 
    a0 00 00 00 00 00 00 49 ff 02 00 00 1a 09 a1 00    ......I.....ก. 
    00 00 1b 09 a2 00 00 00 1c 09 9d 00 00 00 1d 09   ....ข.......... 
    86 00 00 00 00 38 00 00 00 00 00 00 00 00 00 dd   ....8......... 
[12/05/2026 14:27:58] Read data (COM11) 
    ff 01 00 02 23 00 c3 00 00 00 00 00 00 00 00 00   ...#.ร......... 
    00 00 00 00 00 00 00 00 00 00 00 00 00 00 00 00   ................ 
    00 00 00 00 6b 91 25 c3 ff 02 01 02 00 00 e0 00   ....k‘%ร.....เ. 
    00 00 00 00 00 00 00 00 00 00 00 00 00 00 00 00   ................ 
    00 00 00 00 00 00 00 00 00 00 00 00 6b 91 26 c2   ............k‘&ย 
[12/05/2026 14:27:58] Written data (COM11) 
    ff 01 00 00 fc 00 c3 01 1e 09 8a 00 00 00 1f 09   ....ร........ 
    8c 00 00 00 30 09 00 00 00 00 31 09 00 00 00 00   ...0.....1..... 
    32 09 00 00 00 00 00 fd ff 00 00 00 00 00 33 09   2...........3. 
    00 00 00 00 34 09 00 00 00 00 35 09 00 00 00 00   ....4.....5..... 
    36 09 00 00 00 00 37 09 00 00 00 00 00 00 00 c5   6.....7........ล 
    ff 00 00 00 38 09 00 00 00 00 39 09 00 00 00 00   ...8.....9..... 
    3a 09 00 00 00 00 3b 09 00 00 00 00 3c 09 00 00   :.....;.....<... 
    00 00 3d 09 00 00 00 fe ff 00 00 00 00 00 00 00   ..=........... 
    3e 09 00 00 00 00 3f 09 00 00 00 00 40 09 00 00   >.....?.....@... 
    00 00 41 09 00 00 00 00 42 09 00 00 00 00 00 b4   ..A.....B......ด 
    ff 00 00 00 00 00 43 09 00 00 00 00 44 09 80 00   .....C.....D.€. 
    00 00 45 09 80 00 00 00 46 09 80 00 00 00 47 09   ..E.€...F.€...G. 
    80 00 00 00 00 00 00 b5 ff 00 00 00 48 09 00 00   €......ต...H... 
    00 00 49 09 00 00 00 00 4a 09 00 00 00 00 4b 09   ..I.....J.....K. 
    00 00 00 00 4c 09 00 00 00 00 4d 09 00 00 00 fe   ....L.....M.... 
    ff 00 00 00 00 00 00 00 4e 09 00 00 00 00 4f 09   .......N.....O. 
    00 00 00 00 50 09 00 00 00 00 51 09 00 00 00 00   ....P.....Q..... 
    52 09 00 00 00 00 00 a4 ff 02 00 00 00 00 53 09   R......ค.....S. 
    00 00 00 00 60 09 80 00 00 00 61 09 80 00 00 00   ....`.€...a.€... 
    62 09 00 00 00 00 00 53 00 00 00 00 00 00 00 9e   b......S....... 
[12/05/2026 14:27:58] Read data (COM11) 
    ff 01 00 02 2e 00 c3 00 00 00 00 00 00 00 00 00   .....ร......... 
    00 00 00 00 00 00 00 00 00 00 00 00 00 00 00 00   ................ 
    00 00 00 00 70 91 27 d7 ff 02 01 02 00 00 00 00   ....p‘'ื....... 
    00 00 00 00 00 00 00 00 00 ed 00 00 00 00 00 00   .........ํ...... 
    00 00 00 00 00 00 00 00 00 00 00 00 70 91 28 da   ............p‘(ฺ 
[12/05/2026 14:27:58] Written data (COM11) 
    ff 01 00 00 ba 00 c3 01 63 09 00 00 00 00 64 09   ...บ.ร.c.....d. 
    80 00 00 00 65 09 80 00 00 00 66 09 00 00 00 00   €...e.€...f..... 
    67 09 00 00 00 00 00 ec ff 00 00 00 00 00 68 09   g......์.....h. 
    01 00 00 00 69 09 01 00 00 00 70 09 09 00 00 00   ....i.....p..... 
    71 09 00 00 00 00 72 09 0a 00 00 00 00 00 00 87   q.....r........ 
    ff 00 00 00 73 09 1e 00 00 00 74 09 0a 00 00 00   ...s.....t..... 
    78 09 00 00 00 00 7a 09 80 00 00 00 7b 09 80 00   x.....z.€...{.€. 
    00 00 7c 09 00 00 00 e9 ff 00 00 00 00 00 00 00   ..|....้....... 
    7d 09 00 00 00 00 7e 09 00 00 00 00 7f 09 00 00   }.....~........ 
    00 00 f4 09 02 00 00 00 f5 09 01 00 00 00 00 88   ..๔.....๕...... 
    ff 00 00 00 00 00 f9 09 00 00 00 00 fa 09 00 00   .....๙.....๚... 
    00 00 fb 09 00 00 00 00 00 0a 00 00 00 00 08 0a   ..๛............. 
    00 00 00 00 00 00 00 06 ff 02 00 00 10 0a 00 00   ............... 
    00 00 18 0a 00 00 00 00 20 0a 00 00 00 00 28 0a   ........ .....(. 
    00 00 00 00 00 f2 00 00 00 00 00 00 00 00 00 0f   .....๒.......... 
[12/05/2026 14:27:58] Read data (COM11) 
    ff 01 00 02 23 00 c3 00 00 00 00 00 00 00 00 00   ...#.ร......... 
    00 00 00 00 00 00 00 00 00 00 00 00 00 00 00 00   ................ 
    00 00 00 00 74 91 29 d0 ff 02 01 02 00 00 e0 00   ....t‘)ะ.....เ. 
    00 00 00 00 00 00 00 00 00 00 00 00 00 00 00 00   ................ 
    00 00 00 00 00 00 00 00 00 00 00 00 74 91 2a d1   ............t‘*ั 
[12/05/2026 14:27:58] Written data (COM11) 
    ff 01 00 00 fc 00 c3 01 30 0a 00 00 00 00 38 0a   ....ร.0.....8. 
    00 00 00 00 40 0a 00 00 00 00 48 0a 00 00 00 00   ....@.....H..... 
    50 0a 00 00 00 00 00 9a ff 00 00 00 00 00 58 0a   P...........X. 
    00 00 00 00 60 0a 00 00 00 00 68 0a 00 00 00 00   ....`.....h..... 
    70 0a 00 00 00 00 78 0a 00 00 00 00 00 00 00 ad   p.....x........ญ 
    ff 00 00 00 80 0a 00 00 00 00 88 0a 00 00 00 00   ...€.......... 
    90 0a 00 00 00 00 98 0a 00 00 00 00 a0 0a 00 00   .......... ... 
    00 00 a8 0a 00 00 00 f7 ff 00 00 00 00 00 00 00   ..จ....๗....... 
    b0 0a 00 00 00 00 b8 0a 00 00 00 00 c0 0a 00 00   ฐ.....ธ.....ภ... 
    00 00 c8 0a 00 00 00 00 d0 0a 00 00 00 00 00 25   ..ศ.....ะ......% 
    ff 00 00 00 00 00 d8 0a 00 00 00 00 e0 0a 00 00   .....ุ.....เ... 
    00 00 e8 0a 00 00 00 00 f0 0a 00 00 00 00 f8 0a   ..่.....๐.....๘. 
    00 00 00 00 00 00 00 2d ff 00 00 00 01 0a 00 ff   .......-...... 
    ff ff 09 0a 00 ff ff ff 11 0a 00 ff ff ff 19 0a   ........ 
    00 ff ff ff 21 0a 00 ff ff ff 29 0a 00 00 00 08   .!..)..... 
    ff 00 00 00 00 ff ff ff 31 0a 00 ff ff ff 39 0a   ....1..9. 
    00 ff ff ff 41 0a 00 ff ff ff 49 0a 00 ff ff ff   .A..I.. 
    51 0a 00 ff 00 00 00 a4 ff 02 00 00 ff ff 59 0a   Q.....ค...Y. 
    00 ff ff ff 61 0a 00 ff ff ff 69 0a 00 ff ff ff   .a..i.. 
    71 0a 00 ff ff ff 00 ba 00 00 00 00 00 00 00 67   q...บ.......g 
[12/05/2026 14:27:58] Read data (COM11) 
    ff 01 00 02 2e 00 c3 00 00 00 00 00 00 00 00 00   .....ร......... 
    00 00 00 00 00 00 00 00 00 00 00 00 00 00 00 00   ................ 
    00 00 00 00 7a 91 2b d1 ff 02 01 02 00 00 00 00   ....z‘+ั....... 
    00 00 00 00 00 00 00 00 00 ed 00 00 00 00 00 00   .........ํ...... 
    00 00 00 00 00 00 00 00 00 00 00 00 7a 91 2c d4   ............z‘,ิ 
[12/05/2026 14:27:58] Written data (COM11) 
    ff 01 00 00 ba 00 c3 01 79 0a 00 ff ff ff 81 0a   ...บ.ร.y... 
    00 ff ff ff 89 0a 00 ff ff ff 91 0a 00 ff ff ff   ...‘.. 
    99 0a 00 ff 00 00 00 0a ff 00 00 00 ff ff a1 0a   .........ก. 
    00 ff ff ff a9 0a 00 ff ff ff b1 0a 00 ff ff ff   .ฉ..ฑ.. 
    b9 0a 00 ff ff ff c1 0a 00 ff ff ff 00 00 00 cb   น..ม.....ห 
    ff 00 00 00 c9 0a 00 ff ff ff d1 0a 00 ff ff ff   ...ษ..ั.. 
    d9 0a 00 ff ff ff e1 0a 00 ff ff ff e9 0a 00 ff   ู..แ..้.. 
    ff ff f1 0a 00 00 00 38 ff 00 00 00 00 ff ff ff   ๑....8.... 
    f9 0a 00 ff ff ff 02 0a 00 00 00 00 0a 0a 00 00   ๙............ 
    00 00 12 0a 00 00 00 00 1a 0a 00 00 00 00 00 0c   ................ 
    ff 00 00 00 00 00 22 0a 00 00 00 00 2a 0a 00 00   .....".....*... 
    00 00 32 0a 00 00 00 00 3a 0a 00 00 00 00 42 0a   ..2.....:.....B. 
    00 00 00 00 00 00 00 b7 ff 02 00 00 4a 0a 00 00   .......ท...J... 
    00 00 52 0a 00 00 00 00 5a 0a 00 00 00 00 62 0a   ..R.....Z.....b. 
    00 00 00 00 00 9c 00 00 00 00 00 00 00 00 00 41   ..............A 
[12/05/2026 14:27:58] Read data (COM11) 
    ff 01 00 02 23 00 c3 00 00 00 00 00 00 00 00 00   ...#.ร......... 
    00 00 00 00 00 00 00 00 00 00 00 00 00 00 00 00   ................ 
    00 00 00 00 7f 91 2d df ff 02 01 02 00 00 e0 00   ....‘-฿.....เ. 
    00 00 00 00 00 00 00 00 00 00 00 00 00 00 00 00   ................ 
    00 00 00 00 00 00 00 00 00 00 00 00 7f 91 2e de   ............‘. 
[12/05/2026 14:27:58] Written data (COM11) 
    ff 01 00 00 fc 00 c3 01 6a 0a 00 00 00 00 72 0a   ....ร.j.....r. 
    00 00 00 00 7a 0a 00 00 00 00 82 0a 00 00 00 00   ....z.......... 
    8a 0a 00 00 00 00 00 a0 ff 00 00 00 00 00 92 0a   ...... .....’. 
    00 00 00 00 9a 0a 00 00 00 00 a2 0a 00 00 00 00   .........ข..... 
    aa 0a 00 00 00 00 b2 0a 00 00 00 00 00 00 00 47   ช.....ฒ........G 
    ff 00 00 00 ba 0a 00 00 00 00 c2 0a 00 00 00 00   ...บ.....ย..... 
    ca 0a 00 00 00 00 d2 0a 00 00 00 00 da 0a 00 00   ส.....า.....ฺ... 
    00 00 e2 0a 00 00 00 a7 ff 00 00 00 00 00 00 00   ..โ....ง....... 
    ea 0a 00 00 00 00 f2 0a 00 00 00 00 fa 0a 00 00   ๊.....๒.....๚... 
    00 00 03 0a 00 00 00 00 0b 0a 00 00 00 00 00 1f   ................ 
    ff 00 00 00 00 00 13 0a 00 00 00 00 1b 0a 00 00   ............... 
    00 00 23 0a 00 00 00 00 2b 0a 00 00 00 00 33 0a   ..#.....+.....3. 
    00 00 00 00 00 00 00 c6 ff 00 00 00 3b 0a 00 00   .......ฦ...;... 
    00 00 43 0a 00 00 00 00 4b 0a 00 00 00 00 53 0a   ..C.....K.....S. 
    00 00 00 00 5b 0a 00 00 00 00 63 0a 00 00 00 a7   ....[.....c....ง 
    ff 00 00 00 00 00 00 00 6b 0a 00 00 00 00 73 0a   .......k.....s. 
    00 00 00 00 7b 0a 00 00 00 00 83 0a 00 00 00 00   ....{.......... 
    8b 0a 00 00 00 00 00 9e ff 02 00 00 00 00 93 0a   ...........“. 
    00 00 00 00 9b 0a 00 00 00 00 a3 0a 00 00 00 00   .........ฃ..... 
    ab 0a 00 00 00 00 00 5e 00 00 00 00 00 00 00 a3   ซ......^.......ฃ 
[12/05/2026 14:27:58] Read data (COM11) 
    ff 01 00 02 2e 00 c3 00 00 00 00 00 00 00 00 00   .....ร......... 
    00 00 00 00 00 00 00 00 00 00 00 00 00 00 00 00   ................ 
    00 00 00 00 85 91 2f 2a ff 02 01 02 00 00 00 00   ....…‘/*....... 
    00 00 00 00 00 00 00 00 00 ed 00 00 00 00 00 00   .........ํ...... 
    00 00 00 00 00 00 00 00 00 00 00 00 85 91 30 37   ............…‘07 
[12/05/2026 14:27:58] Written data (COM11) 
    ff 01 00 00 ba 00 c3 01 b3 0a 00 00 00 00 bb 0a   ...บ.ร.ณ.....ป. 
    00 00 00 00 c3 0a 00 00 00 00 cb 0a 00 00 00 00   ....ร.....ห..... 
    d3 0a 00 00 00 00 00 5f ff 00 00 00 00 00 db 0a   ำ......_...... 
    00 00 00 00 e3 0a 00 00 00 00 eb 0a 00 00 00 00   ....ใ.....๋..... 
    f3 0a 00 00 00 00 fb 0a 00 00 00 00 00 00 00 2e   ๓.....๛......... 
    ff 00 00 00 04 0a 00 00 00 00 0c 0a 00 00 00 00   ............... 
    14 0a 00 00 00 00 1c 0a 00 00 00 00 24 0a 00 00   ............$... 
    00 00 2c 0a 00 00 00 f7 ff 00 00 00 00 00 00 00   ..,....๗....... 
    34 0a 00 00 00 00 3c 0a 00 00 00 00 44 0a 00 00   4.....<.....D... 
    00 00 4c 0a 00 00 00 00 54 0a 00 00 00 00 00 a1   ..L.....T......ก 
    ff 00 00 00 00 00 5c 0a 00 00 00 00 64 0a 00 00   .....\.....d... 
    00 00 6c 0a 00 00 00 00 74 0a 00 00 00 00 7c 0a   ..l.....t.....|. 
    00 00 00 00 00 00 00 a9 ff 02 00 00 84 0a 00 00   .......ฉ...... 
    00 00 8c 0a 00 00 00 00 94 0a 00 00 00 00 9c 0a   .......”...... 
    00 00 00 00 00 70 00 00 00 00 00 00 00 00 00 8d   .....p......... 
[12/05/2026 14:27:58] Read data (COM11) 
    ff 01 00 02 23 00 c3 00 00 00 00 00 00 00 00 00   ...#.ร......... 
    00 00 00 00 00 00 00 00 00 00 00 00 00 00 00 00   ................ 
    00 00 00 00 8b 91 31 37 ff 02 01 02 00 00 e0 00   ....‘17.....เ. 
    00 00 00 00 00 00 00 00 00 00 00 00 00 00 00 00   ................ 
    00 00 00 00 00 00 00 00 00 00 00 00 8b 91 32 36   ............‘26 
[12/05/2026 14:27:58] Written data (COM11) 
    ff 01 00 00 fc 00 c3 01 a4 0a 00 00 00 00 ac 0a   ....ร.ค.....ฌ. 
    00 00 00 00 b4 0a 00 00 00 00 bc 0a 00 00 00 00   ....ด.....ผ..... 
    c4 0a 00 00 00 00 00 0e ff 00 00 00 00 00 cc 0a   ฤ............ฬ. 
    00 00 00 00 d4 0a 00 00 00 00 dc 0a 00 00 00 00   ....ิ.......... 
    e4 0a 00 00 00 00 ec 0a 00 00 00 00 00 00 00 39   ไ.....์........9 
    ff 00 00 00 f4 0a 00 00 00 00 fc 0a 00 00 00 00   ...๔.......... 
    05 0a 00 00 00 00 0d 0a 00 00 00 00 15 0a 00 00   ................ 
    00 00 1d 0a 00 00 00 f7 ff 00 00 00 00 00 00 00   .......๗....... 
    25 0a 00 00 00 00 2d 0a 00 00 00 00 35 0a 00 00   %.....-.....5... 
    00 00 3d 0a 00 00 00 00 45 0a 00 00 00 00 00 b0   ..=.....E......ฐ 
    ff 00 00 00 00 00 4d 0a 00 00 00 00 55 0a 00 00   .....M.....U... 
    00 00 5d 0a 00 00 00 00 65 0a 00 00 00 00 6d 0a   ..].....e.....m. 
    00 00 00 00 00 00 00 b8 ff 00 00 00 75 0a 00 00   .......ธ...u... 
    00 00 7d 0a 00 00 00 00 85 0a 00 00 00 00 8d 0a   ..}.....…...... 
    00 00 00 00 95 0a 00 00 00 00 9d 0a 00 00 00 f7   ....•.........๗ 
    ff 00 00 00 00 00 00 00 a5 0a 00 00 00 00 ad 0a   .......ฅ.....ญ. 
    00 00 00 00 b5 0a 00 00 00 00 bd 0a 00 00 00 00   ....ต.....ฝ..... 
    c5 0a 00 00 00 00 00 30 ff 02 00 00 00 00 cd 0a   ล......0.....อ. 
    00 00 00 00 d5 0a 00 00 00 00 dd 0a 00 00 00 00   ....ี.......... 
    e5 0a 00 00 00 00 00 d1 00 00 00 00 00 00 00 0c   ๅ......ั........ 
[12/05/2026 14:27:58] Read data (COM11) 
    ff 01 00 02 2e 00 c3 00 00 00 00 00 00 00 00 00   .....ร......... 
    00 00 00 00 00 00 00 00 00 00 00 00 00 00 00 00   ................ 
    00 00 00 00 92 91 33 21 ff 02 01 02 00 00 00 00   ....’‘3!....... 
    00 00 00 00 00 00 00 00 00 ed 00 00 00 00 00 00   .........ํ...... 
    00 00 00 00 00 00 00 00 00 00 00 00 92 91 34 24   ............’‘4$ 
[12/05/2026 14:27:58] Written data (COM11) 
    ff 01 00 00 ba 00 c3 01 ed 0a 00 00 00 00 f5 0a   ...บ.ร.ํ.....๕. 
    00 00 00 00 fd 0a 00 00 00 00 00 0c 01 00 00 00   ............... 
    20 0c 01 00 00 00 00 49 ff 00 00 00 00 00 40 0c    ......I.....@. 
    02 00 00 00 60 0c 02 00 00 00 80 0c 02 00 00 00   ....`.....€..... 
    a0 0c 02 00 00 00 c0 0c 02 00 00 00 00 00 00 31    .....ภ........1 
    ff 00 00 00 e0 0c 02 00 00 00 00 0d 02 00 00 00   ...เ........... 
    20 0d 02 00 00 00 40 0d 02 00 00 00 60 0d 02 00    .....@.....`... 
    00 00 80 0d 00 00 00 9c ff 00 00 00 02 00 00 00   ..€........... 
    a0 0d 02 00 00 00 c0 0d 02 00 00 00 e0 0d 02 00    .....ภ.....เ... 
    00 00 00 0e 02 00 00 00 20 0e 02 00 00 00 00 52   ........ ......R 
    ff 00 00 00 00 00 40 0e 02 00 00 00 60 0e 02 00   .....@.....`... 
    00 00 80 0e 02 00 00 00 a0 0e 02 00 00 00 c0 0e   ..€..... .....ภ. 
    02 00 00 00 00 00 00 33 ff 02 00 00 e0 0e 02 00   .......3...เ... 
    00 00 00 0f 02 00 00 00 20 0f 02 00 00 00 40 0f   ........ .....@. 
    02 00 00 00 00 fa 00 00 00 00 00 00 00 00 00 86   .....๚......... 
[12/05/2026 14:27:58] Read data (COM11) 
    ff 01 00 02 23 00 c3 00 00 00 00 00 00 00 00 00   ...#.ร......... 
    00 00 00 00 00 00 00 00 00 00 00 00 00 00 00 00   ................ 
    00 00 00 00 98 91 35 20 ff 02 01 02 00 00 e0 00   ....‘5 .....เ. 
    00 00 00 00 00 00 00 00 00 00 00 00 00 00 00 00   ................ 
    00 00 00 00 00 00 00 00 00 00 00 00 98 91 36 21   ............‘6! 
[12/05/2026 14:27:58] Written data (COM11) 
    ff 01 00 00 fc 00 c3 01 60 0f 02 00 00 00 80 0f   ....ร.`.....€. 
    02 00 00 00 a0 0f 02 00 00 00 c0 0f 02 00 00 00   .... .....ภ..... 
    e0 0f 02 00 00 00 00 ad ff 00 00 00 00 00 00 10   เ......ญ....... 
    02 00 00 00 20 10 02 00 00 00 40 10 02 00 00 00   .... .....@..... 
    60 10 02 00 00 00 80 10 02 00 00 00 00 00 00 6d   `.....€........m 
    ff 00 00 00 a0 10 02 00 00 00 c0 10 02 00 00 00   ... .....ภ..... 
    e0 10 02 00 00 00 00 11 02 00 00 00 20 11 02 00   เ........... ... 
    00 00 40 11 00 00 00 1c ff 00 00 00 02 00 00 00   ..@............ 
    60 11 02 00 00 00 80 11 02 00 00 00 a0 11 02 00   `.....€..... ... 
    00 00 c0 11 02 00 00 00 e0 11 02 00 00 00 00 8e   ..ภ.....เ...... 
    ff 00 00 00 00 00 00 12 02 00 00 00 20 12 02 00   ........... ... 
    00 00 40 12 02 00 00 00 60 12 02 00 00 00 80 12   ..@.....`.....€. 
    02 00 00 00 00 00 00 6f ff 00 00 00 a0 12 02 00   .......o... ... 
    00 00 c0 12 02 00 00 00 e0 12 02 00 00 00 00 13   ..ภ.....เ....... 
    02 00 00 00 20 13 02 00 00 00 40 13 00 00 00 1c   .... .....@..... 
    ff 00 00 00 02 00 00 00 60 13 02 00 00 00 80 13   .......`.....€. 
    02 00 00 00 a0 13 02 00 00 00 c0 13 02 00 00 00   .... .....ภ..... 
    e0 13 02 00 00 00 00 8c ff 02 00 00 00 00 00 14   เ............. 
    02 00 00 00 20 14 02 00 00 00 40 14 02 00 00 00   .... .....@..... 
    60 14 02 00 00 00 00 53 00 00 00 00 00 00 00 ae   `......S.......ฎ 
[12/05/2026 14:27:58] Read data (COM11) 
    ff 01 00 02 2e 00 c3 00 00 00 00 00 00 00 00 00   .....ร......... 
    00 00 00 00 00 00 00 00 00 00 00 00 00 00 00 00   ................ 
    00 00 00 00 a1 91 37 16 ff 02 01 02 00 00 00 00   ....ก‘7........ 
    00 00 00 00 00 00 00 00 00 ed 00 00 00 00 00 00   .........ํ...... 
    00 00 00 00 00 00 00 00 00 00 00 00 a1 91 38 1b   ............ก‘8. 
[12/05/2026 14:27:58] Written data (COM11) 
    ff 01 00 00 ba 00 c3 01 80 14 02 00 00 00 a0 14   ...บ.ร.€..... . 
    02 00 00 00 c0 14 02 00 00 00 e0 14 02 00 00 00   ....ภ.....เ..... 
    00 15 02 00 00 00 00 91 ff 00 00 00 00 00 20 15   .......‘..... . 
    02 00 00 00 40 15 02 00 00 00 60 15 02 00 00 00   ....@.....`..... 
    80 15 02 00 00 00 a0 15 02 00 00 00 00 00 00 c8   €..... ........ศ 
    ff 00 00 00 c0 15 02 00 00 00 e0 15 02 00 00 00   ...ภ.....เ..... 
    00 16 02 00 00 00 20 16 02 00 00 00 40 16 02 00   ...... .....@... 
    00 00 60 16 00 00 00 dd ff 00 00 00 02 00 00 00   ..`........... 
    80 16 02 00 00 00 a0 16 02 00 00 00 c0 16 02 00   €..... .....ภ... 
    00 00 e0 16 02 00 00 00 00 17 02 00 00 00 00 e8   ..เ............่ 
    ff 00 00 00 00 00 20 17 02 00 00 00 40 17 02 00   ..... .....@... 
    00 00 60 17 02 00 00 00 80 17 02 00 00 00 a0 17   ..`.....€..... . 
    02 00 00 00 00 00 00 ca ff 02 00 00 c0 17 02 00   .......ส...ภ... 
    00 00 e0 17 02 00 00 00 00 18 02 00 00 00 20 18   ..เ........... . 
    02 00 00 00 00 58 00 00 00 00 00 00 00 00 00 a5   .....X.........ฅ 
[12/05/2026 14:27:58] Read data (COM11) 
    ff 01 00 02 23 00 c3 00 00 00 00 00 00 00 00 00   ...#.ร......... 
    00 00 00 00 00 00 00 00 00 00 00 00 00 00 00 00   ................ 
    00 00 00 00 a7 91 39 13 ff 02 01 02 00 00 e0 00   ....ง‘9......เ. 
    00 00 00 00 00 00 00 00 00 00 00 00 00 00 00 00   ................ 
    00 00 00 00 00 00 00 00 00 00 00 00 a7 91 3a 12   ............ง‘:. 
[12/05/2026 14:27:58] Written data (COM11) 
    ff 01 00 00 fc 00 c3 01 40 18 02 00 00 00 60 18   ....ร.@.....`. 
    02 00 00 00 80 18 02 00 00 00 a0 18 02 00 00 00   ....€..... ..... 
    c0 18 02 00 00 00 00 1a ff 00 00 00 00 00 e0 18   ภ............เ. 
    02 00 00 00 00 19 02 00 00 00 20 19 02 00 00 00   .......... ..... 
    40 19 02 00 00 00 60 19 02 00 00 00 00 00 00 05   @.....`......... 
    ff 00 00 00 80 19 02 00 00 00 a0 19 02 00 00 00   ...€..... ..... 
    c0 19 02 00 00 00 e0 19 02 00 00 00 00 1a 02 00   ภ.....เ......... 
    00 00 20 1a 00 00 00 dd ff 00 00 00 02 00 00 00   .. ........... 
    40 1a 02 00 00 00 60 1a 02 00 00 00 80 1a 02 00   @.....`.....€... 
    00 00 a0 1a 02 00 00 00 c0 1a 02 00 00 00 00 25   .. .....ภ......% 
    ff 00 00 00 00 00 e0 1a 02 00 00 00 00 1b 02 00   .....เ......... 
    00 00 20 1b 02 00 00 00 40 1b 02 00 00 00 60 1b   .. .....@.....`. 
    02 00 00 00 00 00 00 07 ff 00 00 00 80 1b 02 00   ...........€... 
    00 00 a0 1b 02 00 00 00 c0 1b 02 00 00 00 e0 1b   .. .....ภ.....เ. 
    02 00 00 00 00 1c 02 00 00 00 20 1c 00 00 00 dd   .......... .... 
    ff 00 00 00 02 00 00 00 40 1c 02 00 00 00 60 1c   .......@.....`. 
    02 00 00 00 80 1c 02 00 00 00 a0 1c 02 00 00 00   ....€..... ..... 
    c0 1c 02 00 00 00 00 23 ff 02 00 00 00 00 e0 1c   ภ......#.....เ. 
    02 00 00 00 00 1d 02 00 00 00 20 1d 02 00 00 00   .......... ..... 
    40 1d 02 00 00 00 00 61 00 00 00 00 00 00 00 1d   @......a........ 
[12/05/2026 14:27:58] Read data (COM11) 
    ff 01 00 02 2e 00 c3 00 00 00 00 00 00 00 00 00   .....ร......... 
    00 00 00 00 00 00 00 00 00 00 00 00 00 00 00 00   ................ 
    00 00 00 00 b0 91 3b 0b ff 02 01 02 00 00 00 00   ....ฐ‘;........ 
    00 00 00 00 00 00 00 00 00 ed 00 00 00 00 00 00   .........ํ...... 
    00 00 00 00 00 00 00 00 00 00 00 00 b0 91 3c 0e   ............ฐ‘<. 
[12/05/2026 14:27:58] Written data (COM11) 
    ff 01 00 00 ba 00 c3 01 60 1d 02 00 00 00 80 1d   ...บ.ร.`.....€. 
    02 00 00 00 a0 1d 02 00 00 00 c0 1d 02 00 00 00   .... .....ภ..... 
    e0 1d 02 00 00 00 00 f9 ff 00 00 00 00 00 00 1e   เ......๙....... 
    02 00 00 00 20 1e 02 00 00 00 40 1e 02 00 00 00   .... .....@..... 
    60 1e 02 00 00 00 80 1e 02 00 00 00 00 00 00 63   `.....€........c 
    ff 00 00 00 a0 1e 02 00 00 00 c0 1e 02 00 00 00   ... .....ภ..... 
    e0 1e 02 00 00 00 00 1f 02 00 00 00 20 1f 02 00   เ........... ... 
    00 00 40 1f 00 00 00 1c ff 00 00 00 02 00 00 00   ..@............ 
    60 1f 02 00 00 00 80 1f 02 00 00 00 a0 1f 02 00   `.....€..... ... 
    00 00 c0 1f 02 00 00 00 e0 1f 02 00 00 00 00 80   ..ภ.....เ......€ 
    ff 00 00 00 00 00 00 20 02 00 00 00 20 20 02 00   ...... ....  .. 
    00 00 40 20 02 00 00 00 60 20 02 00 00 00 80 20   ..@ ....` ....€  
    02 00 00 00 00 00 00 5d ff 02 00 00 a0 20 02 00   .......]...  .. 
    00 00 c0 20 02 00 00 00 e0 20 02 00 00 00 00 21   ..ภ ....เ .....! 
    02 00 00 00 00 24 00 00 00 00 00 00 00 00 00 58   .....$.........X 
[12/05/2026 14:27:58] Read data (COM11) 
    ff 01 00 02 23 00 c3 00 00 00 00 00 00 00 00 00   ...#.ร......... 
    00 00 00 00 00 00 00 00 00 00 00 00 00 00 00 00   ................ 
    00 00 00 00 b7 91 3d 07 ff 02 01 02 00 00 e0 00   ....ท‘=......เ. 
    00 00 00 00 00 00 00 00 00 00 00 00 00 00 00 00   ................ 
    00 00 00 00 00 00 00 00 00 00 00 00 b7 91 3e 06   ............ท‘>. 
[12/05/2026 14:27:58] Written data (COM11) 
    ff 01 00 00 fc 00 c3 01 20 21 02 00 00 00 40 21   ....ร. !....@! 
    02 00 00 00 60 21 02 00 00 00 80 21 02 00 00 00   ....`!....€!.... 
    a0 21 02 00 00 00 00 c3 ff 00 00 00 00 00 c0 21    !.....ร.....ภ! 
    02 00 00 00 e0 21 02 00 00 00 00 22 02 00 00 00   ....เ!.....".... 
    20 22 02 00 00 00 40 22 02 00 00 00 00 00 00 9f    "....@"....... 
    ff 00 00 00 60 22 02 00 00 00 80 22 02 00 00 00   ...`"....€".... 
    a0 22 02 00 00 00 c0 22 02 00 00 00 e0 22 02 00    "....ภ"....เ".. 
    00 00 00 23 00 00 00 9c ff 00 00 00 02 00 00 00   ...#.......... 
    20 23 02 00 00 00 40 23 02 00 00 00 60 23 02 00    #....@#....`#.. 
    00 00 80 23 02 00 00 00 a0 23 02 00 00 00 00 fc   ..€#.... #..... 
    ff 00 00 00 00 00 c0 23 02 00 00 00 e0 23 02 00   .....ภ#....เ#.. 
    00 00 00 24 02 00 00 00 20 24 02 00 00 00 40 24   ...$.... $....@$ 
    02 00 00 00 00 00 00 99 ff 00 00 00 60 24 02 00   ..........`$.. 
    00 00 80 24 02 00 00 00 a0 24 02 00 00 00 c0 24   ..€$.... $....ภ$ 
    02 00 00 00 e0 24 02 00 00 00 00 25 00 00 00 9c   ....เ$.....%... 
    ff 00 00 00 02 00 00 00 20 25 02 00 00 00 40 25   ....... %....@% 
    02 00 00 00 60 25 02 00 00 00 80 25 02 00 00 00   ....`%....€%.... 
    a0 25 02 00 00 00 00 fa ff 02 00 00 00 00 c0 25    %.....๚.....ภ% 
    02 00 00 00 e0 25 02 00 00 00 00 26 02 00 00 00   ....เ%.....&.... 
    20 26 02 00 00 00 00 3d 00 00 00 00 00 00 00 c0    &.....=.......ภ 
[12/05/2026 14:27:58] Read data (COM11) 
    ff 01 00 02 2e 00 c3 00 00 00 00 00 00 00 00 00   .....ร......... 
    00 00 00 00 00 00 00 00 00 00 00 00 00 00 00 00   ................ 
    00 00 00 00 c0 91 3f 7f ff 02 01 02 00 00 00 00   ....ภ‘?....... 
    00 00 00 00 00 00 00 00 00 ed 00 00 00 00 00 00   .........ํ...... 
    00 00 00 00 00 00 00 00 00 00 00 00 c0 91 40 02   ............ภ‘@. 
[12/05/2026 14:27:58] Written data (COM11) 
    ff 01 00 00 ba 00 c3 01 40 26 02 00 00 00 60 26   ...บ.ร.@&....`& 
    02 00 00 00 80 26 02 00 00 00 a0 26 02 00 00 00   ....€&.... &.... 
    c0 26 02 00 00 00 00 62 ff 00 00 00 00 00 e0 26   ภ&.....b.....เ& 
    02 00 00 00 00 27 02 00 00 00 20 27 02 00 00 00   .....'.... '.... 
    40 27 02 00 00 00 60 27 02 00 00 00 00 00 00 3b   @'....`'.......; 
    ff 00 00 00 80 27 02 00 00 00 a0 27 02 00 00 00   ...€'.... '.... 
    c0 27 02 00 00 00 e0 27 02 00 00 00 00 28 02 00   ภ'....เ'.....(.. 
    00 00 20 28 00 00 00 dd ff 00 00 00 02 00 00 00   .. (.......... 
    40 28 02 00 00 00 60 28 02 00 00 00 80 28 02 00   @(....`(....€(.. 
    00 00 a0 28 02 00 00 00 c0 28 02 00 00 00 00 17   .. (....ภ(...... 
    ff 00 00 00 00 00 e0 28 02 00 00 00 00 29 02 00   .....เ(.....).. 
    00 00 20 29 02 00 00 00 40 29 02 00 00 00 60 29   .. )....@)....`) 
    02 00 00 00 00 00 00 35 ff 02 00 00 80 29 02 00   .......5...€).. 
    00 00 a0 29 02 00 00 00 c0 29 02 00 00 00 e0 29   .. )....ภ)....เ) 
    02 00 00 00 00 58 00 00 00 00 00 00 00 00 00 a5   .....X.........ฅ 
[12/05/2026 14:27:58] Read data (COM11) 
    ff 01 00 02 23 00 c3 00 00 00 00 00 00 00 00 00   ...#.ร......... 
    00 00 00 00 00 00 00 00 00 00 00 00 00 00 00 00   ................ 
    00 00 00 00 c6 91 41 0a ff 02 01 02 00 00 e0 00   ....ฦ‘A......เ. 
    00 00 00 00 00 00 00 00 00 00 00 00 00 00 00 00   ................ 
    00 00 00 00 00 00 00 00 00 00 00 00 c6 91 42 0b   ............ฦ‘B. 
[12/05/2026 14:27:58] Written data (COM11) 
    ff 01 00 00 fc 00 c3 01 00 2a 02 00 00 00 20 2a   ....ร..*.... * 
    02 00 00 00 40 2a 02 00 00 00 60 2a 02 00 00 00   ....@*....`*.... 
    80 2a 02 00 00 00 00 68 ff 00 00 00 00 00 a0 2a   €*.....h..... * 
    02 00 00 00 c0 2a 02 00 00 00 e0 2a 02 00 00 00   ....ภ*....เ*.... 
    00 2b 02 00 00 00 20 2b 02 00 00 00 00 00 00 77   .+.... +.......w 
    ff 00 00 00 40 2b 02 00 00 00 60 2b 02 00 00 00   ...@+....`+.... 
    80 2b 02 00 00 00 a0 2b 02 00 00 00 c0 2b 02 00   €+.... +....ภ+.. 
    00 00 e0 2b 00 00 00 dd ff 00 00 00 02 00 00 00   ..เ+.......... 
    01 0c a8 61 00 00 21 0c a8 61 00 00 41 0c 00 00   ..จa..!.จa..A... 
    00 00 61 0c 00 00 00 00 81 0c 00 00 00 00 00 70   ..a...........p 
    ff 00 00 00 00 00 a1 0c 00 00 00 00 c1 0c 00 00   .....ก.....ม... 
    00 00 e1 0c 00 00 00 00 01 0d 00 00 00 00 21 0d   ..แ...........!. 
    00 00 00 00 00 00 00 52 ff 00 00 00 41 0d 00 00   .......R...A... 
    00 00 61 0d 00 00 00 00 81 0d 00 00 00 00 a1 0d   ..a..........ก. 
    00 00 00 00 c1 0d 00 00 00 00 e1 0d 00 00 00 df   ....ม.....แ....฿ 
    ff 00 00 00 00 00 00 00 01 0e 00 00 00 00 21 0e   .............!. 
    00 00 00 00 41 0e 00 00 00 00 61 0e 00 00 00 00   ....A.....a..... 
    81 0e 00 00 00 00 00 70 ff 02 00 00 00 00 a1 0e   ......p.....ก. 
    00 00 00 00 c1 0e 00 00 00 00 e1 0e 00 00 00 00   ....ม.....แ..... 
    01 0f 00 00 00 00 00 30 00 00 00 00 00 00 00 4c   .......0.......L 
[12/05/2026 14:27:58] Read data (COM11) 
    ff 01 00 02 2e 00 c3 00 00 00 00 00 00 00 00 00   .....ร......... 
    00 00 00 00 00 00 00 00 00 00 00 00 00 00 00 00   ................ 
    00 00 00 00 cf 91 43 0c ff 02 01 02 00 00 00 00   ....ฯ‘C........ 
    00 00 00 00 00 00 00 00 00 ed 00 00 00 00 00 00   .........ํ...... 
    00 00 00 00 00 00 00 00 00 00 00 00 cf 91 44 09   ............ฯ‘D. 
[12/05/2026 14:27:58] Written data (COM11) 
    ff 01 00 00 ba 00 c3 01 21 0f 00 00 00 00 41 0f   ...บ.ร.!.....A. 
    00 00 00 00 61 0f 00 00 00 00 81 0f 00 00 00 00   ....a.......... 
    a1 0f 00 00 00 00 00 a8 ff 00 00 00 00 00 c1 0f   ก......จ.....ม. 
    00 00 00 00 e1 0f 00 00 00 00 01 10 00 00 00 00   ....แ........... 
    21 10 00 00 00 00 41 10 00 00 00 00 00 00 00 ae   !.....A........ฎ 
    ff 00 00 00 61 10 00 00 00 00 81 10 00 00 00 00   ...a.......... 
    a1 10 00 00 00 00 c1 10 00 00 00 00 e1 10 00 00   ก.....ม.....แ... 
    00 00 01 11 00 00 00 9e ff 00 00 00 00 00 00 00   .............. 
    21 11 00 00 00 00 41 11 00 00 00 00 61 11 00 00   !.....A.....a... 
    00 00 81 11 00 00 00 00 a1 11 00 00 00 00 00 cf   .......ก......ฯ 
    ff 00 00 00 00 00 c1 11 00 00 00 00 e1 11 00 00   .....ม.....แ... 
    00 00 01 12 00 00 00 00 21 12 00 00 00 00 41 12   ........!.....A. 
    00 00 00 00 00 00 00 ac ff 02 00 00 61 12 00 00   .......ฌ...a... 
    00 00 81 12 00 00 00 00 a1 12 00 00 00 00 c1 12   .......ก.....ม. 
    00 00 00 00 00 85 00 00 00 00 00 00 00 00 00 f8   .....….........๘ 
[12/05/2026 14:27:58] Read data (COM11) 
    ff 01 00 02 23 00 c3 00 00 00 00 00 00 00 00 00   ...#.ร......... 
    00 00 00 00 00 00 00 00 00 00 00 00 00 00 00 00   ................ 
    00 00 00 00 d4 91 45 1c ff 02 01 02 00 00 e0 00   ....ิ‘E......เ. 
    00 00 00 00 00 00 00 00 00 00 00 00 00 00 00 00   ................ 
    00 00 00 00 00 00 00 00 00 00 00 00 d4 91 46 1d   ............ิ‘F. 
[12/05/2026 14:27:58] Written data (COM11) 
    ff 01 00 00 fc 00 c3 01 e1 12 00 00 00 00 01 13   ....ร.แ....... 
    00 00 00 00 21 13 00 00 00 00 41 13 00 00 00 00   ....!.....A..... 
    61 13 00 00 00 00 00 33 ff 00 00 00 00 00 81 13   a......3...... 
    00 00 00 00 a1 13 00 00 00 00 c1 13 00 00 00 00   ....ก.....ม..... 
    e1 13 00 00 00 00 01 14 00 00 00 00 00 00 00 ea   แ..............๊ 
    ff 00 00 00 21 14 00 00 00 00 41 14 00 00 00 00   ...!.....A..... 
    61 14 00 00 00 00 81 14 00 00 00 00 a1 14 00 00   a..........ก... 
    00 00 c1 14 00 00 00 1f ff 00 00 00 00 00 00 00   ..ม............ 
    e1 14 00 00 00 00 01 15 00 00 00 00 21 15 00 00   แ...........!... 
    00 00 41 15 00 00 00 00 61 15 00 00 00 00 00 0a   ..A.....a....... 
    ff 00 00 00 00 00 81 15 00 00 00 00 a1 15 00 00   ..........ก... 
    00 00 c1 15 00 00 00 00 e1 15 00 00 00 00 01 16   ..ม.....แ....... 
    00 00 00 00 00 00 00 e8 ff 00 00 00 21 16 00 00   .......่...!... 
    00 00 41 16 00 00 00 00 61 16 00 00 00 00 81 16   ..A.....a...... 
    00 00 00 00 a1 16 00 00 00 00 c1 16 00 00 00 1f   ....ก.....ม..... 
    ff 00 00 00 00 00 00 00 e1 16 00 00 00 00 01 17   .......แ....... 
    00 00 00 00 21 17 00 00 00 00 41 17 00 00 00 00   ....!.....A..... 
    61 17 00 00 00 00 00 08 ff 02 00 00 00 00 81 17   a............. 
    00 00 00 00 a1 17 00 00 00 00 c1 17 00 00 00 00   ....ก.....ม..... 
    e1 17 00 00 00 00 00 cd 00 00 00 00 00 00 00 30   แ......อ.......0 
[12/05/2026 14:27:58] Read data (COM11) 
    ff 01 00 02 2e 00 c3 00 00 00 00 00 00 00 00 00   .....ร......... 
    00 00 00 00 00 00 00 00 00 00 00 00 00 00 00 00   ................ 
    00 00 00 00 dd 91 47 1a ff 02 01 02 00 00 00 00   ....‘G........ 
    00 00 00 00 00 00 00 00 00 ed 00 00 00 00 00 00   .........ํ...... 
    00 00 00 00 00 00 00 00 00 00 00 00 dd 91 48 17   ............‘H. 
[12/05/2026 14:27:58] Written data (COM11) 
    ff 01 00 00 ba 00 c3 01 01 18 00 00 00 00 21 18   ...บ.ร.......!. 
    00 00 00 00 41 18 00 00 00 00 61 18 00 00 00 00   ....A.....a..... 
    81 18 00 00 00 00 00 1f ff 00 00 00 00 00 a1 18   ............ก. 
    00 00 00 00 c1 18 00 00 00 00 e1 18 00 00 00 00   ....ม.....แ..... 
    01 19 00 00 00 00 21 19 00 00 00 00 00 00 00 46   ......!........F 
    ff 00 00 00 41 19 00 00 00 00 61 19 00 00 00 00   ...A.....a..... 
    81 19 00 00 00 00 a1 19 00 00 00 00 c1 19 00 00   .....ก.....ม... 
    00 00 e1 19 00 00 00 df ff 00 00 00 00 00 00 00   ..แ....฿....... 
    01 1a 00 00 00 00 21 1a 00 00 00 00 41 1a 00 00   ......!.....A... 
    00 00 61 1a 00 00 00 00 81 1a 00 00 00 00 00 64   ..a...........d 
    ff 00 00 00 00 00 a1 1a 00 00 00 00 c1 1a 00 00   .....ก.....ม... 
    00 00 e1 1a 00 00 00 00 01 1b 00 00 00 00 21 1b   ..แ...........!. 
    00 00 00 00 00 00 00 44 ff 02 00 00 41 1b 00 00   .......D...A... 
    00 00 61 1b 00 00 00 00 81 1b 00 00 00 00 a1 1b   ..a..........ก. 
    00 00 00 00 00 58 00 00 00 00 00 00 00 00 00 a5   .....X.........ฅ 
[12/05/2026 14:27:58] Read data (COM11) 
    ff 01 00 02 23 00 c3 00 00 00 00 00 00 00 00 00   ...#.ร......... 
    00 00 00 00 00 00 00 00 00 00 00 00 00 00 00 00   ................ 
    00 00 00 00 e3 91 49 27 ff 02 01 02 00 00 e0 00   ....ใ‘I'.....เ. 
    00 00 00 00 00 00 00 00 00 00 00 00 00 00 00 00   ................ 
    00 00 00 00 00 00 00 00 00 00 00 00 e3 91 4a 26   ............ใ‘J& 
[12/05/2026 14:27:58] Written data (COM11) 
    ff 01 00 00 fc 00 c3 01 c1 1b 00 00 00 00 e1 1b   ....ร.ม.....แ. 
    00 00 00 00 01 1c 00 00 00 00 21 1c 00 00 00 00   ..........!..... 
    41 1c 00 00 00 00 00 9d ff 00 00 00 00 00 61 1c   A...........a. 
    00 00 00 00 81 1c 00 00 00 00 a1 1c 00 00 00 00   .........ก..... 
    c1 1c 00 00 00 00 e1 1c 00 00 00 00 00 00 00 82   ม.....แ........ 
    ff 00 00 00 01 1d 00 00 00 00 21 1d 00 00 00 00   .........!..... 
    41 1d 00 00 00 00 61 1d 00 00 00 00 81 1d 00 00   A.....a........ 
    00 00 a1 1d 00 00 00 df ff 00 00 00 00 00 00 00   ..ก....฿....... 
    c1 1d 00 00 00 00 e1 1d 00 00 00 00 01 1e 00 00   ม.....แ......... 
    00 00 21 1e 00 00 00 00 41 1e 00 00 00 00 00 a0   ..!.....A......  
    ff 00 00 00 00 00 61 1e 00 00 00 00 81 1e 00 00   .....a........ 
    00 00 a1 1e 00 00 00 00 c1 1e 00 00 00 00 e1 1e   ..ก.....ม.....แ. 
    00 00 00 00 00 00 00 80 ff 00 00 00 01 1f 00 00   .......€....... 
    00 00 21 1f 00 00 00 00 41 1f 00 00 00 00 61 1f   ..!.....A.....a. 
    00 00 00 00 81 1f 00 00 00 00 a1 1f 00 00 00 df   .........ก....฿ 
    ff 00 00 00 00 00 00 00 c1 1f 00 00 00 00 e1 1f   .......ม.....แ. 
    00 00 00 00 01 20 00 00 00 00 21 20 00 00 00 00   ..... ....! .... 
    41 20 00 00 00 00 00 9e ff 02 00 00 00 00 61 20   A ..........a  
    00 00 00 00 81 20 00 00 00 00 a1 20 00 00 00 00   .... ....ก .... 
    c1 20 00 00 00 00 00 df 00 00 00 00 00 00 00 a2   ม .....฿.......ข 
[12/05/2026 14:27:58] Read data (COM11) 
    ff 01 00 02 2e 00 c3 00 00 00 00 00 00 00 00 00   .....ร......... 
    00 00 00 00 00 00 00 00 00 00 00 00 00 00 00 00   ................ 
    00 00 00 00 eb 91 4b 20 ff 02 01 02 00 00 00 00   ....๋‘K ....... 
    00 00 00 00 00 00 00 00 00 ed 00 00 00 00 00 00   .........ํ...... 
    00 00 00 00 00 00 00 00 00 00 00 00 eb 91 4c 25   ............๋‘L% 
[12/05/2026 14:27:58] Written data (COM11) 
    ff 01 00 00 ba 00 c3 01 e1 20 00 00 00 00 01 21   ...บ.ร.แ .....! 
    00 00 00 00 21 21 00 00 00 00 41 21 00 00 00 00   ....!!....A!.... 
    61 21 00 00 00 00 00 47 ff 00 00 00 00 00 81 21   a!.....G.....! 
    00 00 00 00 a1 21 00 00 00 00 c1 21 00 00 00 00   ....ก!....ม!.... 
    e1 21 00 00 00 00 01 22 00 00 00 00 00 00 00 dc   แ!....."....... 
    ff 00 00 00 21 22 00 00 00 00 41 22 00 00 00 00   ...!"....A".... 
    61 22 00 00 00 00 81 22 00 00 00 00 a1 22 00 00   a"...."....ก".. 
    00 00 c1 22 00 00 00 1f ff 00 00 00 00 00 00 00   ..ม"........... 
    e1 22 00 00 00 00 01 23 00 00 00 00 21 23 00 00   แ".....#....!#.. 
    00 00 41 23 00 00 00 00 61 23 00 00 00 00 00 3c   ..A#....a#.....< 
    ff 00 00 00 00 00 81 23 00 00 00 00 a1 23 00 00   .....#....ก#.. 
    00 00 c1 23 00 00 00 00 e1 23 00 00 00 00 01 24   ..ม#....แ#.....$ 
    00 00 00 00 00 00 00 da ff 02 00 00 21 24 00 00   .......ฺ...!$.. 
    00 00 41 24 00 00 00 00 61 24 00 00 00 00 81 24   ..A$....a$....$ 
    00 00 00 00 00 1c 00 00 00 00 00 00 00 00 00 61   ...............a 
[12/05/2026 14:27:58] Read data (COM11) 
    ff 01 00 02 23 00 c3 00 00 00 00 00 00 00 00 00   ...#.ร......... 
    00 00 00 00 00 00 00 00 00 00 00 00 00 00 00 00   ................ 
    00 00 00 00 f1 91 4d 31 ff 02 01 02 00 00 e0 00   ....๑‘M1.....เ. 
    00 00 00 00 00 00 00 00 00 00 00 00 00 00 00 00   ................ 
    00 00 00 00 00 00 00 00 00 00 00 00 f1 91 4e 30   ............๑‘N0 
[12/05/2026 14:27:58] Written data (COM11) 
    ff 01 00 00 fc 00 c3 01 a1 24 00 00 00 00 c1 24   ....ร.ก$....ม$ 
    00 00 00 00 e1 24 00 00 00 00 01 25 00 00 00 00   ....แ$.....%.... 
    21 25 00 00 00 00 00 45 ff 00 00 00 00 00 41 25   !%.....E.....A% 
    00 00 00 00 61 25 00 00 00 00 81 25 00 00 00 00   ....a%....%.... 
    a1 25 00 00 00 00 c1 25 00 00 00 00 00 00 00 1b   ก%....ม%........ 
    ff 00 00 00 e1 25 00 00 00 00 01 26 00 00 00 00   ...แ%.....&.... 
    21 26 00 00 00 00 41 26 00 00 00 00 61 26 00 00   !&....A&....a&.. 
    00 00 81 26 00 00 00 9c ff 00 00 00 00 00 00 00   ..&.......... 
    a1 26 00 00 00 00 c1 26 00 00 00 00 e1 26 00 00   ก&....ม&....แ&.. 
    00 00 01 27 00 00 00 00 21 27 00 00 00 00 00 78   ...'....!'.....x 
    ff 00 00 00 00 00 41 27 00 00 00 00 61 27 00 00   .....A'....a'.. 
    00 00 81 27 00 00 00 00 a1 27 00 00 00 00 c1 27   ..'....ก'....ม' 
    00 00 00 00 00 00 00 19 ff 00 00 00 e1 27 00 00   ...........แ'.. 
    00 00 01 28 00 00 00 00 21 28 00 00 00 00 41 28   ...(....!(....A( 
    00 00 00 00 61 28 00 00 00 00 81 28 00 00 00 90   ....a(....(... 
    ff 00 00 00 00 00 00 00 a1 28 00 00 00 00 c1 28   .......ก(....ม( 
    00 00 00 00 e1 28 00 00 00 00 01 29 00 00 00 00   ....แ(.....).... 
    21 29 00 00 00 00 00 76 ff 02 00 00 00 00 41 29   !).....v.....A) 
    00 00 00 00 61 29 00 00 00 00 81 29 00 00 00 00   ....a)....).... 
    a1 29 00 00 00 00 00 bb 00 00 00 00 00 00 00 46   ก).....ป.......F 
[12/05/2026 14:27:58] Read data (COM11) 
    ff 01 00 02 2e 00 c3 00 00 00 00 00 00 00 00 00   .....ร......... 
    00 00 00 00 00 00 00 00 00 00 00 00 00 00 00 00   ................ 
    00 00 00 00 fa 91 4f 35 ff 02 01 02 00 00 00 00   ....๚‘O5....... 
    00 00 00 00 00 00 00 00 00 ed 00 00 00 00 00 00   .........ํ...... 
    00 00 00 00 00 00 00 00 00 00 00 00 fa 91 50 28   ............๚‘P( 
[12/05/2026 14:27:58] Written data (COM11) 
    ff 01 00 00 ba 00 c3 01 c1 29 00 00 00 00 e1 29   ...บ.ร.ม)....แ) 
    00 00 00 00 01 2a 00 00 00 00 21 2a 00 00 00 00   .....*....!*.... 
    41 2a 00 00 00 00 00 ed ff 00 00 00 00 00 61 2a   A*.....ํ.....a* 
    00 00 00 00 81 2a 00 00 00 00 a1 2a 00 00 00 00   ....*....ก*.... 
    c1 2a 00 00 00 00 e1 2a 00 00 00 00 00 00 00 b4   ม*....แ*.......ด 
    ff 00 00 00 01 2b 00 00 00 00 21 2b 00 00 00 00   ....+....!+.... 
    41 2b 00 00 00 00 61 2b 00 00 00 00 81 2b 00 00   A+....a+....+.. 
    00 00 a1 2b 00 00 00 df ff 00 00 00 00 00 00 00   ..ก+...฿....... 
    c1 2b 00 00 00 00 e1 2b 00 00 00 00 02 0c e8 03   ม+....แ+......่. 
    00 00 22 0c e8 03 00 00 42 0c e8 03 00 00 00 5a   ..".่...B.่....Z 
    ff 00 00 00 00 00 62 0c e8 03 00 00 82 0c e8 03   .....b.่....่. 
    00 00 a2 0c e8 03 00 00 c2 0c e8 03 00 00 e2 0c   ..ข.่...ย.่...โ. 
    e8 03 00 00 00 00 00 7a ff 02 00 00 02 0d e8 03   ่......z.....่. 
    00 00 22 0d e8 03 00 00 42 0d e8 03 00 00 62 0d   ..".่...B.่...b. 
    e8 03 00 00 00 58 00 00 00 00 00 00 00 00 00 a5   ่....X.........ฅ 
[12/05/2026 14:27:58] Read data (COM11) 
    ff 01 00 02 23 00 c3 00 00 00 00 00 00 00 00 00   ...#.ร......... 
    00 00 00 00 00 00 00 00 00 00 00 00 00 00 00 00   ................ 
    00 00 00 00 00 92 51 df ff 02 01 02 00 00 e0 00   .....’Q฿.....เ. 
    00 00 00 00 00 00 00 00 00 00 00 00 00 00 00 00   ................ 
    00 00 00 00 00 00 00 00 00 00 00 00 00 92 52 de   .............’R 
[12/05/2026 14:27:58] Written data (COM11) 
    ff 01 00 00 fc 00 c3 01 82 0d e8 03 00 00 a2 0d   ....ร..่...ข. 
    e8 03 00 00 c2 0d e8 03 00 00 e2 0d e8 03 00 00   ่...ย.่...โ.่... 
    02 0e e8 03 00 00 00 27 ff 00 00 00 00 00 22 0e   ..่....'.....". 
    e8 03 00 00 42 0e e8 03 00 00 62 0e e8 03 00 00   ่...B.่...b.่... 
    82 0e e8 03 00 00 a2 0e e8 03 00 00 00 00 00 38   .่...ข.่......8 
    ff 00 00 00 c2 0e e8 03 00 00 e2 0e e8 03 00 00   ...ย.่...โ.่... 
    02 0f e8 03 00 00 22 0f e8 03 00 00 42 0f e8 03   ..่...".่...B.่. 
    00 00 62 0f 00 00 00 34 ff 00 00 00 e8 03 00 00   ..b....4...่... 
    82 0f e8 03 00 00 a2 0f e8 03 00 00 c2 0f e8 03   .่...ข.่...ย.่. 
    00 00 e2 0f e8 03 00 00 02 10 e8 03 00 00 00 ed   ..โ.่.....่....ํ 
    ff 00 00 00 00 00 22 10 e8 03 00 00 42 10 e8 03   .....".่...B.่. 
    00 00 62 10 e8 03 00 00 82 10 e8 03 00 00 a2 10   ..b.่....่...ข. 
    e8 03 00 00 00 00 00 26 ff 00 00 00 c2 10 e8 03   ่......&...ย.่. 
    00 00 e2 10 e8 03 00 00 02 11 e8 03 00 00 22 11   ..โ.่.....่...". 
    e8 03 00 00 42 11 e8 03 00 00 62 11 00 00 00 34   ่...B.่...b....4 
    ff 00 00 00 e8 03 00 00 82 11 e8 03 00 00 a2 11   ...่....่...ข. 
    e8 03 00 00 c2 11 e8 03 00 00 e2 11 e8 03 00 00   ่...ย.่...โ.่... 
    02 12 e8 03 00 00 00 ef ff 02 00 00 00 00 22 12   ..่....๏.....". 
    e8 03 00 00 42 12 e8 03 00 00 62 12 e8 03 00 00   ่...B.่...b.่... 
    82 12 e8 03 00 00 00 45 00 00 00 00 00 00 00 38   .่....E.......8 
[12/05/2026 14:27:58] Read data (COM11) 
    ff 01 00 02 2e 00 c3 00 00 00 00 00 00 00 00 00   .....ร......... 
    00 00 00 00 00 00 00 00 00 00 00 00 00 00 00 00   ................ 
    00 00 00 00 08 92 53 d8 ff 02 01 02 00 00 00 00   .....’Sุ....... 
    00 00 00 00 00 00 00 00 00 ed 00 00 00 00 00 00   .........ํ...... 
    00 00 00 00 00 00 00 00 00 00 00 00 08 92 54 dd   .............’T 
[12/05/2026 14:27:58] Written data (COM11) 
    ff 01 00 00 ba 00 c3 01 a2 12 e8 03 00 00 c2 12   ...บ.ร.ข.่...ย. 
    e8 03 00 00 e2 12 e8 03 00 00 02 13 e8 03 00 00   ่...โ.่.....่... 
    22 13 e8 03 00 00 00 dd ff 00 00 00 00 00 42 13   ".่.........B. 
    e8 03 00 00 62 13 e8 03 00 00 82 13 e8 03 00 00   ่...b.่....่... 
    a2 13 e8 03 00 00 c2 13 e8 03 00 00 00 00 00 c5   ข.่...ย.่......ล 
    ff 00 00 00 e2 13 e8 03 00 00 02 14 e8 03 00 00   ...โ.่.....่... 
    22 14 e8 03 00 00 42 14 e8 03 00 00 62 14 e8 03   ".่...B.่...b.่. 
    00 00 82 14 00 00 00 73 ff 00 00 00 e8 03 00 00   ......s...่... 
    a2 14 e8 03 00 00 c2 14 e8 03 00 00 e2 14 e8 03   ข.่...ย.่...โ.่. 
    00 00 02 15 e8 03 00 00 22 15 e8 03 00 00 00 49   ....่...".่....I 
    ff 00 00 00 00 00 42 15 e8 03 00 00 62 15 e8 03   .....B.่...b.่. 
    00 00 82 15 e8 03 00 00 a2 15 e8 03 00 00 c2 15   ...่...ข.่...ย. 
    e8 03 00 00 00 00 00 c3 ff 02 00 00 e2 15 e8 03   ่......ร...โ.่. 
    00 00 02 16 e8 03 00 00 22 16 e8 03 00 00 42 16   ....่...".่...B. 
    e8 03 00 00 00 9c 00 00 00 00 00 00 00 00 00 e2   ่.............โ 
[12/05/2026 14:27:58] Read data (COM11) 
    ff 01 00 02 23 00 c3 00 00 00 00 00 00 00 00 00   ...#.ร......... 
    00 00 00 00 00 00 00 00 00 00 00 00 00 00 00 00   ................ 
    00 00 00 00 0e 92 55 d5 ff 02 01 02 00 00 e0 00   .....’Uี.....เ. 
    00 00 00 00 00 00 00 00 00 00 00 00 00 00 00 00   ................ 
    00 00 00 00 00 00 00 00 00 00 00 00 0e 92 56 d4   .............’Vิ 
[12/05/2026 14:27:58] Written data (COM11) 
    ff 01 00 00 fc 00 c3 01 62 16 e8 03 00 00 82 16   ....ร.b.่.... 
    e8 03 00 00 a2 16 e8 03 00 00 c2 16 e8 03 00 00   ่...ข.่...ย.่... 
    e2 16 e8 03 00 00 00 5f ff 00 00 00 00 00 02 17   โ.่...._....... 
    e8 03 00 00 22 17 e8 03 00 00 42 17 e8 03 00 00   ่...".่...B.่... 
    62 17 e8 03 00 00 82 17 e8 03 00 00 00 00 00 81   b.่....่...... 
    ff 00 00 00 a2 17 e8 03 00 00 c2 17 e8 03 00 00   ...ข.่...ย.่... 
    e2 17 e8 03 00 00 02 18 e8 03 00 00 22 18 e8 03   โ.่.....่...".่. 
    00 00 42 18 00 00 00 fb ff 00 00 00 e8 03 00 00   ..B....๛...่... 
    62 18 e8 03 00 00 82 18 e8 03 00 00 a2 18 e8 03   b.่....่...ข.่. 
    00 00 c2 18 e8 03 00 00 e2 18 e8 03 00 00 00 85   ..ย.่...โ.่....… 
    ff 00 00 00 00 00 02 19 e8 03 00 00 22 19 e8 03   .......่...".่. 
    00 00 42 19 e8 03 00 00 62 19 e8 03 00 00 82 19   ..B.่...b.่.... 
    e8 03 00 00 00 00 00 8f ff 00 00 00 a2 19 e8 03   ่.........ข.่. 
    00 00 c2 19 e8 03 00 00 e2 19 e8 03 00 00 02 1a   ..ย.่...โ.่..... 
    e8 03 00 00 22 1a e8 03 00 00 42 1a 00 00 00 f7   ่...".่...B....๗ 
    ff 00 00 00 e8 03 00 00 62 1a e8 03 00 00 82 1a   ...่...b.่.... 
    e8 03 00 00 a2 1a e8 03 00 00 c2 1a e8 03 00 00   ่...ข.่...ย.่... 
    e2 1a e8 03 00 00 00 87 ff 02 00 00 00 00 02 1b   โ.่........... 
    e8 03 00 00 22 1b e8 03 00 00 42 1b e8 03 00 00   ่...".่...B.่... 
    62 1b e8 03 00 00 00 a1 00 00 00 00 00 00 00 5c   b.่....ก.......\ 
[12/05/2026 14:27:58] Read data (COM11) 
    ff 01 00 02 2e 00 c3 00 00 00 00 00 00 00 00 00   .....ร......... 
    00 00 00 00 00 00 00 00 00 00 00 00 00 00 00 00   ................ 
    00 00 00 00 17 92 57 c3 ff 02 01 02 00 00 00 00   .....’Wร....... 
    00 00 00 00 00 00 00 00 00 ed 00 00 00 00 00 00   .........ํ...... 
    00 00 00 00 00 00 00 00 00 00 00 00 17 92 58 ce   .............’Xฮ 
[12/05/2026 14:27:58] Written data (COM11) 
    ff 01 00 00 ba 00 c3 01 82 1b e8 03 00 00 a2 1b   ...บ.ร..่...ข. 
    e8 03 00 00 c2 1b e8 03 00 00 e2 1b e8 03 00 00   ่...ย.่...โ.่... 
    02 1c e8 03 00 00 00 73 ff 00 00 00 00 00 22 1c   ..่....s.....". 
    e8 03 00 00 42 1c e8 03 00 00 62 1c e8 03 00 00   ่...B.่...b.่... 
    82 1c e8 03 00 00 a2 1c e8 03 00 00 00 00 00 2a   .่...ข.่......* 
    ff 00 00 00 c2 1c e8 03 00 00 e2 1c e8 03 00 00   ...ย.่...โ.่... 
    02 1d e8 03 00 00 22 1d e8 03 00 00 42 1d e8 03   ..่...".่...B.่. 
    00 00 62 1d 00 00 00 34 ff 00 00 00 e8 03 00 00   ..b....4...่... 
    82 1d e8 03 00 00 a2 1d e8 03 00 00 c2 1d e8 03   .่...ข.่...ย.่. 
    00 00 e2 1d e8 03 00 00 02 1e e8 03 00 00 00 e3   ..โ.่.....่....ใ 
    ff 00 00 00 00 00 22 1e e8 03 00 00 42 1e e8 03   .....".่...B.่. 
    00 00 62 1e e8 03 00 00 82 1e e8 03 00 00 a2 1e   ..b.่....่...ข. 
    e8 03 00 00 00 00 00 28 ff 02 00 00 c2 1e e8 03   ่......(...ย.่. 
    00 00 e2 1e e8 03 00 00 02 1f e8 03 00 00 22 1f   ..โ.่.....่...". 
    e8 03 00 00 00 58 00 00 00 00 00 00 00 00 00 a5   ่....X.........ฅ 
[12/05/2026 14:27:58] Read data (COM11) 
    ff 01 00 02 23 00 c3 00 00 00 00 00 00 00 00 00   ...#.ร......... 
    00 00 00 00 00 00 00 00 00 00 00 00 00 00 00 00   ................ 
    00 00 00 00 1d 92 59 ca ff 02 01 02 00 00 e0 00   .....’Yส.....เ. 
    00 00 00 00 00 00 00 00 00 00 00 00 00 00 00 00   ................ 
    00 00 00 00 00 00 00 00 00 00 00 00 1d 92 5a cb   .............’Zห 
[12/05/2026 14:27:58] Written data (COM11) 
    ff 01 00 00 fc 00 c3 01 42 1f e8 03 00 00 62 1f   ....ร.B.่...b. 
    e8 03 00 00 82 1f e8 03 00 00 a2 1f e8 03 00 00   ่....่...ข.่... 
    c2 1f e8 03 00 00 00 f6 ff 00 00 00 00 00 e2 1f   ย.่....๖.....โ. 
    e8 03 00 00 02 20 e8 03 00 00 22 20 e8 03 00 00   ่.... ่..." ่... 
    42 20 e8 03 00 00 62 20 e8 03 00 00 00 00 00 e9   B ่...b ่......้ 
    ff 00 00 00 82 20 e8 03 00 00 a2 20 e8 03 00 00   ... ่...ข ่... 
    c2 20 e8 03 00 00 e2 20 e8 03 00 00 02 21 e8 03   ย ่...โ ่....!่. 
    00 00 22 21 00 00 00 34 ff 00 00 00 e8 03 00 00   .."!...4...่... 
    42 21 e8 03 00 00 62 21 e8 03 00 00 82 21 e8 03   B!่...b!่...!่. 
    00 00 a2 21 e8 03 00 00 c2 21 e8 03 00 00 00 1c   ..ข!่...ย!่..... 
    ff 00 00 00 00 00 e2 21 e8 03 00 00 02 22 e8 03   .....โ!่...."่. 
    00 00 22 22 e8 03 00 00 42 22 e8 03 00 00 62 22   ..""่...B"่...b" 
    e8 03 00 00 00 00 00 d7 ff 00 00 00 82 22 e8 03   ่......ื..."่. 
    00 00 a2 22 e8 03 00 00 c2 22 e8 03 00 00 e2 22   ..ข"่...ย"่...โ" 
    e8 03 00 00 02 23 e8 03 00 00 22 23 00 00 00 34   ่....#่..."#...4 
    ff 00 00 00 e8 03 00 00 42 23 e8 03 00 00 62 23   ...่...B#่...b# 
    e8 03 00 00 82 23 e8 03 00 00 a2 23 e8 03 00 00   ่...#่...ข#่... 
    c2 23 e8 03 00 00 00 1e ff 02 00 00 00 00 e2 23   ย#่..........โ# 
    e8 03 00 00 02 24 e8 03 00 00 22 24 e8 03 00 00   ่....$่..."$่... 
    42 24 e8 03 00 00 00 b3 00 00 00 00 00 00 00 c9   B$่....ณ.......ษ 
[12/05/2026 14:27:58] Read data (COM11) 
    ff 01 00 02 2e 00 c3 00 00 00 00 00 00 00 00 00   .....ร......... 
    00 00 00 00 00 00 00 00 00 00 00 00 00 00 00 00   ................ 
    00 00 00 00 26 92 5b fe ff 02 01 02 00 00 00 00   ....&’[....... 
    00 00 00 00 00 00 00 00 00 ed 00 00 00 00 00 00   .........ํ...... 
    00 00 00 00 00 00 00 00 00 00 00 00 26 92 5c fb   ............&’\๛ 
[12/05/2026 14:27:58] Written data (COM11) 
    ff 01 00 00 ba 00 c3 01 62 24 e8 03 00 00 82 24   ...บ.ร.b$่...$ 
    e8 03 00 00 a2 24 e8 03 00 00 c2 24 e8 03 00 00   ่...ข$่...ย$่... 
    e2 24 e8 03 00 00 00 2b ff 00 00 00 00 00 02 25   โ$่....+......% 
    e8 03 00 00 22 25 e8 03 00 00 42 25 e8 03 00 00   ่..."%่...B%่... 
    62 25 e8 03 00 00 82 25 e8 03 00 00 00 00 00 b3   b%่...%่......ณ 
    ff 00 00 00 a2 25 e8 03 00 00 c2 25 e8 03 00 00   ...ข%่...ย%่... 
    e2 25 e8 03 00 00 02 26 e8 03 00 00 22 26 e8 03   โ%่....&่..."&่. 
    00 00 42 26 00 00 00 f7 ff 00 00 00 e8 03 00 00   ..B&...๗...่... 
    62 26 e8 03 00 00 82 26 e8 03 00 00 a2 26 e8 03   b&่...&่...ข&่. 
    00 00 c2 26 e8 03 00 00 e2 26 e8 03 00 00 00 bb   ..ย&่...โ&่....ป 
    ff 00 00 00 00 00 02 27 e8 03 00 00 22 27 e8 03   ......'่..."'่. 
    00 00 42 27 e8 03 00 00 62 27 e8 03 00 00 82 27   ..B'่...b'่...' 
    e8 03 00 00 00 00 00 b1 ff 02 00 00 a2 27 e8 03   ่......ฑ...ข'่. 
    00 00 c2 27 e8 03 00 00 e2 27 e8 03 00 00 02 28   ..ย'่...โ'่....( 
    e8 03 00 00 00 14 00 00 00 00 00 00 00 00 00 66   ่..............f 
[12/05/2026 14:27:58] Read data (COM11) 
    ff 01 00 02 23 00 c3 00 00 00 00 00 00 00 00 00   ...#.ร......... 
    00 00 00 00 00 00 00 00 00 00 00 00 00 00 00 00   ................ 
    00 00 00 00 2c 92 5d ff ff 02 01 02 00 00 e0 00   ....,’].....เ. 
    00 00 00 00 00 00 00 00 00 00 00 00 00 00 00 00   ................ 
    00 00 00 00 00 00 00 00 00 00 00 00 2c 92 5e fe   ............,’^ 
[12/05/2026 14:27:58] Written data (COM11) 
    ff 01 00 00 fc 00 c3 01 22 28 e8 03 00 00 42 28   ....ร."(่...B( 
    e8 03 00 00 62 28 e8 03 00 00 82 28 e8 03 00 00   ่...b(่...(่... 
    a2 28 e8 03 00 00 00 21 ff 00 00 00 00 00 c2 28   ข(่....!.....ย( 
    e8 03 00 00 e2 28 e8 03 00 00 02 29 e8 03 00 00   ่...โ(่....)่... 
    22 29 e8 03 00 00 42 29 e8 03 00 00 00 00 00 7f   ")่...B)่...... 
    ff 00 00 00 62 29 e8 03 00 00 82 29 e8 03 00 00   ...b)่...)่... 
    a2 29 e8 03 00 00 c2 29 e8 03 00 00 e2 29 e8 03   ข)่...ย)่...โ)่. 
    00 00 02 2a 00 00 00 77 ff 00 00 00 e8 03 00 00   ...*...w...่... 
    22 2a e8 03 00 00 42 2a e8 03 00 00 62 2a e8 03   "*่...B*่...b*่. 
    00 00 82 2a e8 03 00 00 a2 2a e8 03 00 00 00 f7   ..*่...ข*่....๗ 
    ff 00 00 00 00 00 c2 2a e8 03 00 00 e2 2a e8 03   .....ย*่...โ*่. 
    00 00 02 2b e8 03 00 00 22 2b e8 03 00 00 42 2b   ...+่..."+่...B+ 
    e8 03 00 00 00 00 00 7d ff 00 00 00 62 2b e8 03   ่......}...b+่. 
    00 00 82 2b e8 03 00 00 a2 2b e8 03 00 00 c2 2b   ..+่...ข+่...ย+ 
    e8 03 00 00 e2 2b e8 03 00 00 03 0c 00 00 00 52   ่...โ+่........R 
    ff 00 00 00 60 ae 0a 00 23 0c 80 1a 06 00 43 0c   ...`ฎ..#.€...C. 
    40 42 0f 00 63 0c 40 42 0f 00 83 0c 40 42 0f 00   @B..c.@B...@B.. 
    a3 0c 40 42 00 00 00 87 ff 02 00 00 0f 00 c3 0c   ฃ.@B........ร. 
    40 42 0f 00 e3 0c 40 42 0f 00 03 0d 40 42 0f 00   @B..ใ.@B....@B.. 
    23 0d 40 42 0f 00 00 87 00 00 00 00 00 00 00 75   #.@B..........u 
[12/05/2026 14:27:58] Read data (COM11) 
    ff 01 00 02 2e 00 c3 00 00 00 00 00 00 00 00 00   .....ร......... 
    00 00 00 00 00 00 00 00 00 00 00 00 00 00 00 00   ................ 
    00 00 00 00 35 92 5f e9 ff 02 01 02 00 00 00 00   ....5’_้....... 
    00 00 00 00 00 00 00 00 00 ed 00 00 00 00 00 00   .........ํ...... 
    00 00 00 00 00 00 00 00 00 00 00 00 35 92 60 d4   ............5’`ิ 
[12/05/2026 14:27:58] Written data (COM11) 
    ff 01 00 00 ba 00 c3 01 43 0d 40 42 0f 00 63 0d   ...บ.ร.C.@B..c. 
    40 42 0f 00 83 0d 40 42 0f 00 a3 0d 40 42 0f 00   @B...@B..ฃ.@B.. 
    c3 0d 40 42 00 00 00 4a ff 00 00 00 0f 00 e3 0d   ร.@B...J.....ใ. 
    40 42 0f 00 03 0e 40 42 0f 00 23 0e 40 42 0f 00   @B....@B..#.@B.. 
    43 0e 40 42 0f 00 63 0e 40 42 0f 00 00 00 00 13   C.@B..c.@B...... 
    ff 00 00 00 83 0e 40 42 0f 00 a3 0e 40 42 0f 00   ....@B..ฃ.@B.. 
    c3 0e 40 42 0f 00 e3 0e 40 42 0f 00 03 0f 40 42   ร.@B..ใ.@B....@B 
    0f 00 23 0f 00 00 00 d2 ff 00 00 00 40 42 0f 00   ..#....า...@B.. 
    43 0f 40 42 0f 00 63 0f 40 42 0f 00 83 0f 40 42   C.@B..c.@B...@B 
    0f 00 a3 0f 40 42 0f 00 c3 0f 40 42 00 00 00 3c   ..ฃ.@B..ร.@B...< 
    ff 00 00 00 0f 00 e3 0f 40 42 0f 00 03 10 40 42   .....ใ.@B....@B 
    0f 00 23 10 40 42 0f 00 43 10 40 42 0f 00 63 10   ..#.@B..C.@B..c. 
    40 42 0f 00 00 00 00 11 ff 02 00 00 83 10 40 42   @B..........@B 
    0f 00 a3 10 40 42 0f 00 c3 10 40 42 0f 00 e3 10   ..ฃ.@B..ร.@B..ใ. 
    40 42 0f 00 00 58 00 00 00 00 00 00 00 00 00 a5   @B...X.........ฅ 
[12/05/2026 14:27:58] Read data (COM11) 
    ff 01 00 02 23 00 c3 00 00 00 00 00 00 00 00 00   ...#.ร......... 
    00 00 00 00 00 00 00 00 00 00 00 00 00 00 00 00   ................ 
    00 00 00 00 3b 92 61 d4 ff 02 01 02 00 00 e0 00   ....;’aิ.....เ. 
    00 00 00 00 00 00 00 00 00 00 00 00 00 00 00 00   ................ 
    00 00 00 00 00 00 00 00 00 00 00 00 3b 92 62 d5   ............;’bี 
[12/05/2026 14:27:58] Written data (COM11) 
    ff 01 00 00 fc 00 c3 01 03 11 40 42 0f 00 23 11   ....ร...@B..#. 
    40 42 0f 00 43 11 40 42 0f 00 63 11 40 42 0f 00   @B..C.@B..c.@B.. 
    83 11 40 42 00 00 00 50 ff 00 00 00 0f 00 a3 11   .@B...P.....ฃ. 
    40 42 0f 00 c3 11 40 42 0f 00 e3 11 40 42 0f 00   @B..ร.@B..ใ.@B.. 
    03 12 40 42 0f 00 23 12 40 42 0f 00 00 00 00 4f   ..@B..#.@B.....O 
    ff 00 00 00 43 12 40 42 0f 00 63 12 40 42 0f 00   ...C.@B..c.@B.. 
    83 12 40 42 0f 00 a3 12 40 42 0f 00 c3 12 40 42   .@B..ฃ.@B..ร.@B 
    0f 00 e3 12 00 00 00 d2 ff 00 00 00 40 42 0f 00   ..ใ....า...@B.. 
    03 13 40 42 0f 00 23 13 40 42 0f 00 43 13 40 42   ..@B..#.@B..C.@B 
    0f 00 63 13 40 42 0f 00 83 13 40 42 00 00 00 60   ..c.@B...@B...` 
    ff 00 00 00 0f 00 a3 13 40 42 0f 00 c3 13 40 42   .....ฃ.@B..ร.@B 
    0f 00 e3 13 40 42 0f 00 03 14 40 42 0f 00 23 14   ..ใ.@B....@B..#. 
    40 42 0f 00 00 00 00 4d ff 00 00 00 43 14 40 42   @B.....M...C.@B 
    0f 00 63 14 40 42 0f 00 83 14 40 42 0f 00 a3 14   ..c.@B...@B..ฃ. 
    40 42 0f 00 c3 14 40 42 0f 00 e3 14 00 00 00 d2   @B..ร.@B..ใ....า 
    ff 00 00 00 40 42 0f 00 03 15 40 42 0f 00 23 15   ...@B....@B..#. 
    40 42 0f 00 43 15 40 42 0f 00 63 15 40 42 0f 00   @B..C.@B..c.@B.. 
    83 15 40 42 00 00 00 66 ff 02 00 00 0f 00 a3 15   .@B...f.....ฃ. 
    40 42 0f 00 c3 15 40 42 0f 00 e3 15 40 42 0f 00   @B..ร.@B..ใ.@B.. 
    03 16 40 42 0f 00 00 26 00 00 00 00 00 00 00 57   ..@B...&.......W 
[12/05/2026 14:27:58] Read data (COM11) 
    ff 01 00 02 2e 00 c3 00 00 00 00 00 00 00 00 00   .....ร......... 
    00 00 00 00 00 00 00 00 00 00 00 00 00 00 00 00   ................ 
    00 00 00 00 44 92 63 a4 ff 02 01 02 00 00 00 00   ....D’cค....... 
    00 00 00 00 00 00 00 00 00 ed 00 00 00 00 00 00   .........ํ...... 
    00 00 00 00 00 00 00 00 00 00 00 00 44 92 64 a1   ............D’dก 
[12/05/2026 14:27:58] Written data (COM11) 
    ff 01 00 00 ba 00 c3 01 23 16 40 42 0f 00 43 16   ...บ.ร.#.@B..C. 
    40 42 0f 00 63 16 40 42 0f 00 83 16 40 42 0f 00   @B..c.@B...@B.. 
    a3 16 40 42 00 00 00 b1 ff 00 00 00 0f 00 c3 16   ฃ.@B...ฑ.....ร. 
    40 42 0f 00 e3 16 40 42 0f 00 03 17 40 42 0f 00   @B..ใ.@B....@B.. 
    23 17 40 42 0f 00 43 17 40 42 0f 00 00 00 00 a9   #.@B..C.@B.....ฉ 
    ff 00 00 00 63 17 40 42 0f 00 83 17 40 42 0f 00   ...c.@B...@B.. 
    a3 17 40 42 0f 00 c3 17 40 42 0f 00 e3 17 40 42   ฃ.@B..ร.@B..ใ.@B 
    0f 00 03 18 00 00 00 9d ff 00 00 00 40 42 0f 00   ..........@B.. 
    23 18 40 42 0f 00 43 18 40 42 0f 00 63 18 40 42   #.@B..C.@B..c.@B 
    0f 00 83 18 40 42 0f 00 a3 18 40 42 00 00 00 cb   ...@B..ฃ.@B...ห 
    ff 00 00 00 0f 00 c3 18 40 42 0f 00 e3 18 40 42   .....ร.@B..ใ.@B 
    0f 00 03 19 40 42 0f 00 23 19 40 42 0f 00 43 19   ....@B..#.@B..C. 
    40 42 0f 00 00 00 00 a7 ff 02 00 00 63 19 40 42   @B.....ง...c.@B 
    0f 00 83 19 40 42 0f 00 a3 19 40 42 0f 00 c3 19   ...@B..ฃ.@B..ร. 
    40 42 0f 00 00 97 00 00 00 00 00 00 00 00 00 ea   @B...—.........๊ 
[12/05/2026 14:27:58] Read data (COM11) 
    ff 01 00 02 23 00 c3 00 00 00 00 00 00 00 00 00   ...#.ร......... 
    00 00 00 00 00 00 00 00 00 00 00 00 00 00 00 00   ................ 
    00 00 00 00 4a 92 65 a1 ff 02 01 02 00 00 e0 00   ....J’eก.....เ. 
    00 00 00 00 00 00 00 00 00 00 00 00 00 00 00 00   ................ 
    00 00 00 00 00 00 00 00 00 00 00 00 4a 92 66 a0   ............J’f  
[12/05/2026 14:27:58] Written data (COM11) 
    ff 01 00 00 fc 00 c3 01 e3 19 40 42 0f 00 03 1a   ....ร.ใ.@B.... 
    40 42 0f 00 23 1a 40 42 0f 00 43 1a 40 42 0f 00   @B..#.@B..C.@B.. 
    63 1a 40 42 00 00 00 38 ff 00 00 00 0f 00 83 1a   c.@B...8...... 
    40 42 0f 00 a3 1a 40 42 0f 00 c3 1a 40 42 0f 00   @B..ฃ.@B..ร.@B.. 
    e3 1a 40 42 0f 00 03 1b 40 42 0f 00 00 00 00 e5   ใ.@B....@B.....ๅ 
    ff 00 00 00 23 1b 40 42 0f 00 43 1b 40 42 0f 00   ...#.@B..C.@B.. 
    63 1b 40 42 0f 00 83 1b 40 42 0f 00 a3 1b 40 42   c.@B...@B..ฃ.@B 
    0f 00 c3 1b 00 00 00 12 ff 00 00 00 40 42 0f 00   ..ร........@B.. 
    e3 1b 40 42 0f 00 03 1c 40 42 0f 00 23 1c 40 42   ใ.@B....@B..#.@B 
    0f 00 43 1c 40 42 0f 00 63 1c 40 42 00 00 00 08   ..C.@B..c.@B.... 
    ff 00 00 00 0f 00 83 1c 40 42 0f 00 a3 1c 40 42   ......@B..ฃ.@B 
    0f 00 c3 1c 40 42 0f 00 e3 1c 40 42 0f 00 03 1d   ..ร.@B..ใ.@B.... 
    40 42 0f 00 00 00 00 e3 ff 00 00 00 23 1d 40 42   @B.....ใ...#.@B 
    0f 00 43 1d 40 42 0f 00 63 1d 40 42 0f 00 83 1d   ..C.@B..c.@B... 
    40 42 0f 00 a3 1d 40 42 0f 00 c3 1d 00 00 00 12   @B..ฃ.@B..ร..... 
    ff 00 00 00 40 42 0f 00 e3 1d 40 42 0f 00 03 1e   ...@B..ใ.@B.... 
    40 42 0f 00 23 1e 40 42 0f 00 43 1e 40 42 0f 00   @B..#.@B..C.@B.. 
    63 1e 40 42 00 00 00 0e ff 02 00 00 0f 00 83 1e   c.@B.......... 
    40 42 0f 00 a3 1e 40 42 0f 00 c3 1e 40 42 0f 00   @B..ฃ.@B..ร.@B.. 
    e3 1e 40 42 0f 00 00 c9 00 00 00 00 00 00 00 3b   ใ.@B...ษ.......; 
[12/05/2026 14:27:58] Read data (COM11) 
    ff 01 00 02 2e 00 c3 00 00 00 00 00 00 00 00 00   .....ร......... 
    00 00 00 00 00 00 00 00 00 00 00 00 00 00 00 00   ................ 
    00 00 00 00 53 92 67 b7 ff 02 01 02 00 00 00 00   ....S’gท....... 
    00 00 00 00 00 00 00 00 00 ed 00 00 00 00 00 00   .........ํ...... 
    00 00 00 00 00 00 00 00 00 00 00 00 53 92 68 ba   ............S’hบ 
[12/05/2026 14:27:58] Written data (COM11) 
    ff 01 00 00 ba 00 c3 01 03 1f 40 42 0f 00 23 1f   ...บ.ร...@B..#. 
    40 42 0f 00 43 1f 40 42 0f 00 63 1f 40 42 0f 00   @B..C.@B..c.@B.. 
    83 1f 40 42 00 00 00 18 ff 00 00 00 0f 00 a3 1f   .@B.........ฃ. 
    40 42 0f 00 c3 1f 40 42 0f 00 e3 1f 40 42 0f 00   @B..ร.@B..ใ.@B.. 
    03 20 40 42 0f 00 23 20 40 42 0f 00 00 00 00 41   . @B..# @B.....A 
    ff 00 00 00 43 20 40 42 0f 00 63 20 40 42 0f 00   ...C @B..c @B.. 
    83 20 40 42 0f 00 a3 20 40 42 0f 00 c3 20 40 42    @B..ฃ @B..ร @B 
    0f 00 e3 20 00 00 00 d2 ff 00 00 00 40 42 0f 00   ..ใ ...า...@B.. 
    03 21 40 42 0f 00 23 21 40 42 0f 00 43 21 40 42   .!@B..#!@B..C!@B 
    0f 00 63 21 40 42 0f 00 83 21 40 42 00 00 00 52   ..c!@B..!@B...R 
    ff 00 00 00 0f 00 a3 21 40 42 0f 00 c3 21 40 42   .....ฃ!@B..ร!@B 
    0f 00 e3 21 40 42 0f 00 03 22 40 42 0f 00 23 22   ..ใ!@B..."@B..#" 
    40 42 0f 00 00 00 00 7f ff 02 00 00 43 22 40 42   @B........C"@B 
    0f 00 63 22 40 42 0f 00 83 22 40 42 0f 00 a3 22   ..c"@B.."@B..ฃ" 
    40 42 0f 00 00 58 00 00 00 00 00 00 00 00 00 a5   @B...X.........ฅ 
[12/05/2026 14:27:58] Read data (COM11) 
    ff 01 00 02 23 00 c3 00 00 00 00 00 00 00 00 00   ...#.ร......... 
    00 00 00 00 00 00 00 00 00 00 00 00 00 00 00 00   ................ 
    00 00 00 00 58 92 69 bf ff 02 01 02 00 00 e0 00   ....X’iฟ.....เ. 
    00 00 00 00 00 00 00 00 00 00 00 00 00 00 00 00   ................ 
    00 00 00 00 00 00 00 00 00 00 00 00 58 92 6a be   ............X’jพ 
[12/05/2026 14:27:58] Written data (COM11) 
    ff 01 00 00 fc 00 c3 01 c3 22 40 42 0f 00 e3 22   ....ร.ร"@B..ใ" 
    40 42 0f 00 03 23 40 42 0f 00 23 23 40 42 0f 00   @B...#@B..##@B.. 
    43 23 40 42 00 00 00 a2 ff 00 00 00 0f 00 63 23   C#@B...ข.....c# 
    40 42 0f 00 83 23 40 42 0f 00 a3 23 40 42 0f 00   @B..#@B..ฃ#@B.. 
    c3 23 40 42 0f 00 e3 23 40 42 0f 00 00 00 00 bd   ร#@B..ใ#@B.....ฝ 
    ff 00 00 00 03 24 40 42 0f 00 23 24 40 42 0f 00   ....$@B..#$@B.. 
    43 24 40 42 0f 00 63 24 40 42 0f 00 83 24 40 42   C$@B..c$@B..$@B 
    0f 00 a3 24 00 00 00 d2 ff 00 00 00 40 42 0f 00   ..ฃ$...า...@B.. 
    c3 24 40 42 0f 00 e3 24 40 42 0f 00 03 25 40 42   ร$@B..ใ$@B...%@B 
    0f 00 23 25 40 42 0f 00 43 25 40 42 00 00 00 96   ..#%@B..C%@B...– 
    ff 00 00 00 0f 00 63 25 40 42 0f 00 83 25 40 42   .....c%@B..%@B 
    0f 00 a3 25 40 42 0f 00 c3 25 40 42 0f 00 e3 25   ..ฃ%@B..ร%@B..ใ% 
    40 42 0f 00 00 00 00 bb ff 00 00 00 03 26 40 42   @B.....ป....&@B 
    0f 00 23 26 40 42 0f 00 43 26 40 42 0f 00 63 26   ..#&@B..C&@B..c& 
    40 42 0f 00 83 26 40 42 0f 00 a3 26 00 00 00 d2   @B..&@B..ฃ&...า 
    ff 00 00 00 40 42 0f 00 c3 26 40 42 0f 00 e3 26   ...@B..ร&@B..ใ& 
    40 42 0f 00 03 27 40 42 0f 00 23 27 40 42 0f 00   @B...'@B..#'@B.. 
    43 27 40 42 00 00 00 94 ff 02 00 00 0f 00 63 27   C'@B...”.....c' 
    40 42 0f 00 83 27 40 42 0f 00 a3 27 40 42 0f 00   @B..'@B..ฃ'@B.. 
    c3 27 40 42 0f 00 00 d7 00 00 00 00 00 00 00 a5   ร'@B...ื.......ฅ 
[12/05/2026 14:27:58] Read data (COM11) 
    ff 01 00 02 2e 00 c3 00 00 00 00 00 00 00 00 00   .....ร......... 
    00 00 00 00 00 00 00 00 00 00 00 00 00 00 00 00   ................ 
    00 00 00 00 62 92 6b 8a ff 02 01 02 00 00 00 00   ....b’k....... 
    00 00 00 00 00 00 00 00 00 ed 00 00 00 00 00 00   .........ํ...... 
    00 00 00 00 00 00 00 00 00 00 00 00 62 92 6c 8f   ............b’l 
[12/05/2026 14:27:58] Written data (COM11) 
    ff 01 00 00 ba 00 c3 01 e3 27 40 42 0f 00 03 28   ...บ.ร.ใ'@B...( 
    40 42 0f 00 23 28 40 42 0f 00 43 28 40 42 0f 00   @B..#(@B..C(@B.. 
    63 28 40 42 00 00 00 40 ff 00 00 00 0f 00 83 28   c(@B...@.....( 
    40 42 0f 00 a3 28 40 42 0f 00 c3 28 40 42 0f 00   @B..ฃ(@B..ร(@B.. 
    e3 28 40 42 0f 00 03 29 40 42 0f 00 00 00 00 d7   ใ(@B...)@B.....ื 
    ff 00 00 00 23 29 40 42 0f 00 43 29 40 42 0f 00   ...#)@B..C)@B.. 
    63 29 40 42 0f 00 83 29 40 42 0f 00 a3 29 40 42   c)@B..)@B..ฃ)@B 
    0f 00 c3 29 00 00 00 12 ff 00 00 00 40 42 0f 00   ..ร).......@B.. 
    e3 29 40 42 0f 00 03 2a 40 42 0f 00 23 2a 40 42   ใ)@B...*@B..#*@B 
    0f 00 43 2a 40 42 0f 00 63 2a 40 42 00 00 00 3a   ..C*@B..c*@B...: 
    ff 00 00 00 0f 00 83 2a 40 42 0f 00 a3 2a 40 42   .....*@B..ฃ*@B 
    0f 00 c3 2a 40 42 0f 00 e3 2a 40 42 0f 00 03 2b   ..ร*@B..ใ*@B...+ 
    40 42 0f 00 00 00 00 d5 ff 02 00 00 23 2b 40 42   @B.....ี...#+@B 
    0f 00 43 2b 40 42 0f 00 63 2b 40 42 0f 00 83 2b   ..C+@B..c+@B..+ 
    40 42 0f 00 00 14 00 00 00 00 00 00 00 00 00 69   @B.............i 
[12/05/2026 14:27:58] Read data (COM11) 
    ff 01 00 02 23 00 c3 00 00 00 00 00 00 00 00 00   ...#.ร......... 
    00 00 00 00 00 00 00 00 00 00 00 00 00 00 00 00   ................ 
    00 00 00 00 68 92 6d 8b ff 02 01 02 00 00 e0 00   ....h’m.....เ. 
    00 00 00 00 00 00 00 00 00 00 00 00 00 00 00 00   ................ 
    00 00 00 00 00 00 00 00 00 00 00 00 68 92 6e 8a   ............h’n 
[12/05/2026 14:27:58] Written data (COM11) 
    ff 01 00 00 fc 00 c3 01 a3 2b 40 42 0f 00 c3 2b   ....ร.ฃ+@B..ร+ 
    40 42 0f 00 e3 2b 40 42 0f 00 04 0c 40 42 0f 00   @B..ใ+@B....@B.. 
    24 0c 40 42 00 00 00 4a ff 00 00 00 0f 00 44 0c   $.@B...J.....D. 
    40 42 0f 00 64 0c 40 42 0f 00 84 0c 40 42 0f 00   @B..d.@B...@B.. 
    a4 0c 40 42 0f 00 c4 0c 40 42 0f 00 00 00 00 35   ค.@B..ฤ.@B.....5 
    ff 00 00 00 e4 0c 40 42 0f 00 04 0d 40 42 0f 00   ...ไ.@B....@B.. 
    24 0d 40 42 0f 00 44 0d 40 42 0f 00 64 0d 40 42   $.@B..D.@B..d.@B 
    0f 00 84 0d 00 00 00 93 ff 00 00 00 40 42 0f 00   ......“...@B.. 
    a4 0d 40 42 0f 00 c4 0d 40 42 0f 00 e4 0d 40 42   ค.@B..ฤ.@B..ไ.@B 
    0f 00 04 0e 40 42 0f 00 24 0e 40 42 00 00 00 59   ....@B..$.@B...Y 
    ff 00 00 00 0f 00 44 0e 40 42 0f 00 64 0e 40 42   .....D.@B..d.@B 
    0f 00 84 0e 40 42 0f 00 a4 0e 40 42 0f 00 c4 0e   ...@B..ค.@B..ฤ. 
    40 42 0f 00 00 00 00 37 ff 00 00 00 e4 0e 40 42   @B.....7...ไ.@B 
    0f 00 04 0f 40 42 0f 00 24 0f 40 42 0f 00 44 0f   ....@B..$.@B..D. 
    40 42 0f 00 64 0f 40 42 0f 00 84 0f 00 00 00 93   @B..d.@B......“ 
    ff 00 00 00 40 42 0f 00 a4 0f 40 42 0f 00 c4 0f   ...@B..ค.@B..ฤ. 
    40 42 0f 00 e4 0f 40 42 0f 00 04 10 40 42 0f 00   @B..ไ.@B....@B.. 
    24 10 40 42 00 00 00 5b ff 02 00 00 0f 00 44 10   $.@B...[.....D. 
    40 42 0f 00 64 10 40 42 0f 00 84 10 40 42 0f 00   @B..d.@B...@B.. 
    a4 10 40 42 0f 00 00 bb 00 00 00 00 00 00 00 49   ค.@B...ป.......I 
[12/05/2026 14:27:58] Read data (COM11) 
    ff 01 00 02 2e 00 c3 00 00 00 00 00 00 00 00 00   .....ร......... 
    00 00 00 00 00 00 00 00 00 00 00 00 00 00 00 00   ................ 
    00 00 00 00 71 92 6f 9d ff 02 01 02 00 00 00 00   ....q’o....... 
    00 00 00 00 00 00 00 00 00 ed 00 00 00 00 00 00   .........ํ...... 
    00 00 00 00 00 00 00 00 00 00 00 00 71 92 70 80   ............q’p€ 
[12/05/2026 14:27:58] Written data (COM11) 
    ff 01 00 00 ba 00 c3 01 c4 10 40 42 0f 00 e4 10   ...บ.ร.ฤ.@B..ไ. 
    40 42 0f 00 04 11 40 42 0f 00 24 11 40 42 0f 00   @B....@B..$.@B.. 
    44 11 40 42 00 00 00 d1 ff 00 00 00 0f 00 64 11   D.@B...ั.....d. 
    40 42 0f 00 84 11 40 42 0f 00 a4 11 40 42 0f 00   @B...@B..ค.@B.. 
    c4 11 40 42 0f 00 e4 11 40 42 0f 00 00 00 00 88   ฤ.@B..ไ.@B..... 
    ff 00 00 00 04 12 40 42 0f 00 24 12 40 42 0f 00   .....@B..$.@B.. 
    44 12 40 42 0f 00 64 12 40 42 0f 00 84 12 40 42   D.@B..d.@B...@B 
    0f 00 a4 12 00 00 00 d2 ff 00 00 00 40 42 0f 00   ..ค....า...@B.. 
    c4 12 40 42 0f 00 e4 12 40 42 0f 00 04 13 40 42   ฤ.@B..ไ.@B....@B 
    0f 00 24 13 40 42 0f 00 44 13 40 42 00 00 00 a7   ..$.@B..D.@B...ง 
    ff 00 00 00 0f 00 64 13 40 42 0f 00 84 13 40 42   .....d.@B...@B 
    0f 00 a4 13 40 42 0f 00 c4 13 40 42 0f 00 e4 13   ..ค.@B..ฤ.@B..ไ. 
    40 42 0f 00 00 00 00 8a ff 02 00 00 04 14 40 42   @B..........@B 
    0f 00 24 14 40 42 0f 00 44 14 40 42 0f 00 64 14   ..$.@B..D.@B..d. 
    40 42 0f 00 00 58 00 00 00 00 00 00 00 00 00 a5   @B...X.........ฅ 
[12/05/2026 14:27:58] Read data (COM11) 
    ff 01 00 02 23 00 c3 00 00 00 00 00 00 00 00 00   ...#.ร......... 
    00 00 00 00 00 00 00 00 00 00 00 00 00 00 00 00   ................ 
    00 00 00 00 77 92 71 88 ff 02 01 02 00 00 e0 00   ....w’q.....เ. 
    00 00 00 00 00 00 00 00 00 00 00 00 00 00 00 00   ................ 
    00 00 00 00 00 00 00 00 00 00 00 00 77 92 72 89   ............w’r 
[12/05/2026 14:27:58] Written data (COM11) 
    ff 01 00 00 fc 00 c3 01 84 14 40 42 0f 00 a4 14   ....ร..@B..ค. 
    40 42 0f 00 c4 14 40 42 0f 00 e4 14 40 42 0f 00   @B..ฤ.@B..ไ.@B.. 
    04 15 40 42 00 00 00 d3 ff 00 00 00 0f 00 24 15   ..@B...ำ.....$. 
    40 42 0f 00 44 15 40 42 0f 00 64 15 40 42 0f 00   @B..D.@B..d.@B.. 
    84 15 40 42 0f 00 a4 15 40 42 0f 00 00 00 00 cc   .@B..ค.@B.....ฬ 
    ff 00 00 00 c4 15 40 42 0f 00 e4 15 40 42 0f 00   ...ฤ.@B..ไ.@B.. 
    04 16 40 42 0f 00 24 16 40 42 0f 00 44 16 40 42   ..@B..$.@B..D.@B 
    0f 00 64 16 00 00 00 d2 ff 00 00 00 40 42 0f 00   ..d....า...@B.. 
    84 16 40 42 0f 00 a4 16 40 42 0f 00 c4 16 40 42   .@B..ค.@B..ฤ.@B 
    0f 00 e4 16 40 42 0f 00 04 17 40 42 00 00 00 e3   ..ไ.@B....@B...ใ 
    ff 00 00 00 0f 00 24 17 40 42 0f 00 44 17 40 42   .....$.@B..D.@B 
    0f 00 64 17 40 42 0f 00 84 17 40 42 0f 00 a4 17   ..d.@B...@B..ค. 
    40 42 0f 00 00 00 00 ce ff 00 00 00 c4 17 40 42   @B.....ฮ...ฤ.@B 
    0f 00 e4 17 40 42 0f 00 04 18 40 42 0f 00 24 18   ..ไ.@B....@B..$. 
    40 42 0f 00 44 18 40 42 0f 00 64 18 00 00 00 d2   @B..D.@B..d....า 
    ff 00 00 00 40 42 0f 00 84 18 40 42 0f 00 a4 18   ...@B...@B..ค. 
    40 42 0f 00 c4 18 40 42 0f 00 e4 18 40 42 0f 00   @B..ฤ.@B..ไ.@B.. 
    04 19 40 42 00 00 00 ed ff 02 00 00 0f 00 24 19   ..@B...ํ.....$. 
    40 42 0f 00 44 19 40 42 0f 00 64 19 40 42 0f 00   @B..D.@B..d.@B.. 
    84 19 40 42 0f 00 00 ae 00 00 00 00 00 00 00 dc   .@B...ฎ....... 
[12/05/2026 14:27:58] Read data (COM11) 
    ff 01 00 02 2e 00 c3 00 00 00 00 00 00 00 00 00   .....ร......... 
    00 00 00 00 00 00 00 00 00 00 00 00 00 00 00 00   ................ 
    00 00 00 00 7f 92 73 8f ff 02 01 02 00 00 00 00   ....’s....... 
    00 00 00 00 00 00 00 00 00 ed 00 00 00 00 00 00   .........ํ...... 
    00 00 00 00 00 00 00 00 00 00 00 00 7f 92 74 8a   ............’t 
[12/05/2026 14:27:58] Written data (COM11) 
    ff 01 00 00 ba 00 c3 01 a4 19 40 42 0f 00 c4 19   ...บ.ร.ค.@B..ฤ. 
    40 42 0f 00 e4 19 40 42 0f 00 04 1a 40 42 0f 00   @B..ไ.@B....@B.. 
    24 1a 40 42 00 00 00 39 ff 00 00 00 0f 00 44 1a   $.@B...9.....D. 
    40 42 0f 00 64 1a 40 42 0f 00 84 1a 40 42 0f 00   @B..d.@B...@B.. 
    a4 1a 40 42 0f 00 c4 1a 40 42 0f 00 00 00 00 23   ค.@B..ฤ.@B.....# 
    ff 00 00 00 e4 1a 40 42 0f 00 04 1b 40 42 0f 00   ...ไ.@B....@B.. 
    24 1b 40 42 0f 00 44 1b 40 42 0f 00 64 1b 40 42   $.@B..D.@B..d.@B 
    0f 00 84 1b 00 00 00 93 ff 00 00 00 40 42 0f 00   ......“...@B.. 
    a4 1b 40 42 0f 00 c4 1b 40 42 0f 00 e4 1b 40 42   ค.@B..ฤ.@B..ไ.@B 
    0f 00 04 1c 40 42 0f 00 24 1c 40 42 00 00 00 4f   ....@B..$.@B...O 
    ff 00 00 00 0f 00 44 1c 40 42 0f 00 64 1c 40 42   .....D.@B..d.@B 
    0f 00 84 1c 40 42 0f 00 a4 1c 40 42 0f 00 c4 1c   ...@B..ค.@B..ฤ. 
    40 42 0f 00 00 00 00 25 ff 02 00 00 e4 1c 40 42   @B.....%...ไ.@B 
    0f 00 04 1d 40 42 0f 00 24 1d 40 42 0f 00 44 1d   ....@B..$.@B..D. 
    40 42 0f 00 00 9c 00 00 00 00 00 00 00 00 00 e0   @B............เ 
[12/05/2026 14:27:58] Read data (COM11) 
    ff 01 00 02 23 00 c3 00 00 00 00 00 00 00 00 00   ...#.ร......... 
    00 00 00 00 00 00 00 00 00 00 00 00 00 00 00 00   ................ 
    00 00 00 00 85 92 75 7e ff 02 01 02 00 00 e0 00   ....…’u~.....เ. 
    00 00 00 00 00 00 00 00 00 00 00 00 00 00 00 00   ................ 
    00 00 00 00 00 00 00 00 00 00 00 00 85 92 76 7f   ............…’v 
[12/05/2026 14:27:58] Written data (COM11) 
    ff 01 00 00 fc 00 c3 01 64 1d 40 42 0f 00 84 1d   ....ร.d.@B... 
    40 42 0f 00 a4 1d 40 42 0f 00 c4 1d 40 42 0f 00   @B..ค.@B..ฤ.@B.. 
    e4 1d 40 42 00 00 00 bb ff 00 00 00 0f 00 04 1e   ไ.@B...ป....... 
    40 42 0f 00 24 1e 40 42 0f 00 44 1e 40 42 0f 00   @B..$.@B..D.@B.. 
    64 1e 40 42 0f 00 84 1e 40 42 0f 00 00 00 00 67   d.@B...@B.....g 
    ff 00 00 00 a4 1e 40 42 0f 00 c4 1e 40 42 0f 00   ...ค.@B..ฤ.@B.. 
    e4 1e 40 42 0f 00 04 1f 40 42 0f 00 24 1f 40 42   ไ.@B....@B..$.@B 
    0f 00 44 1f 00 00 00 13 ff 00 00 00 40 42 0f 00   ..D........@B.. 
    64 1f 40 42 0f 00 84 1f 40 42 0f 00 a4 1f 40 42   d.@B...@B..ค.@B 
    0f 00 c4 1f 40 42 0f 00 e4 1f 40 42 00 00 00 8b   ..ฤ.@B..ไ.@B... 
    ff 00 00 00 0f 00 04 20 40 42 0f 00 24 20 40 42   ...... @B..$ @B 
    0f 00 44 20 40 42 0f 00 64 20 40 42 0f 00 84 20   ..D @B..d @B..  
    40 42 0f 00 00 00 00 59 ff 00 00 00 a4 20 40 42   @B.....Y...ค @B 
    0f 00 c4 20 40 42 0f 00 e4 20 40 42 0f 00 04 21   ..ฤ @B..ไ @B...! 
    40 42 0f 00 24 21 40 42 0f 00 44 21 00 00 00 13   @B..$!@B..D!.... 
    ff 00 00 00 40 42 0f 00 64 21 40 42 0f 00 84 21   ...@B..d!@B..! 
    40 42 0f 00 a4 21 40 42 0f 00 c4 21 40 42 0f 00   @B..ค!@B..ฤ!@B.. 
    e4 21 40 42 00 00 00 b5 ff 02 00 00 0f 00 04 22   ไ!@B...ต......" 
    40 42 0f 00 24 22 40 42 0f 00 44 22 40 42 0f 00   @B..$"@B..D"@B.. 
    64 22 40 42 0f 00 00 4a 00 00 00 00 00 00 00 b8   d"@B...J.......ธ 
[12/05/2026 14:27:58] Read data (COM11) 
    ff 01 00 02 2e 00 c3 00 00 00 00 00 00 00 00 00   .....ร......... 
    00 00 00 00 00 00 00 00 00 00 00 00 00 00 00 00   ................ 
    00 00 00 00 8d 92 77 79 ff 02 01 02 00 00 00 00   ....’wy....... 
    00 00 00 00 00 00 00 00 00 ed 00 00 00 00 00 00   .........ํ...... 
    00 00 00 00 00 00 00 00 00 00 00 00 8d 92 78 74   ............’xt 
[12/05/2026 14:27:58] Written data (COM11) 
    ff 01 00 00 ba 00 c3 01 84 22 40 42 0f 00 a4 22   ...บ.ร."@B..ค" 
    40 42 0f 00 c4 22 40 42 0f 00 e4 22 40 42 0f 00   @B..ฤ"@B..ไ"@B.. 
    04 23 40 42 00 00 00 a3 ff 00 00 00 0f 00 24 23   .#@B...ฃ.....$# 
    40 42 0f 00 44 23 40 42 0f 00 64 23 40 42 0f 00   @B..D#@B..d#@B.. 
    84 23 40 42 0f 00 a4 23 40 42 0f 00 00 00 00 fa   #@B..ค#@B.....๚ 
    ff 00 00 00 c4 23 40 42 0f 00 e4 23 40 42 0f 00   ...ฤ#@B..ไ#@B.. 
    04 24 40 42 0f 00 24 24 40 42 0f 00 44 24 40 42   .$@B..$$@B..D$@B 
    0f 00 64 24 00 00 00 d2 ff 00 00 00 40 42 0f 00   ..d$...า...@B.. 
    84 24 40 42 0f 00 a4 24 40 42 0f 00 c4 24 40 42   $@B..ค$@B..ฤ$@B 
    0f 00 e4 24 40 42 0f 00 04 25 40 42 00 00 00 d1   ..ไ$@B...%@B...ั 
    ff 00 00 00 0f 00 24 25 40 42 0f 00 44 25 40 42   .....$%@B..D%@B 
    0f 00 64 25 40 42 0f 00 84 25 40 42 0f 00 a4 25   ..d%@B..%@B..ค% 
    40 42 0f 00 00 00 00 fc ff 02 00 00 c4 25 40 42   @B........ฤ%@B 
    0f 00 e4 25 40 42 0f 00 04 26 40 42 0f 00 24 26   ..ไ%@B...&@B..$& 
    40 42 0f 00 00 58 00 00 00 00 00 00 00 00 00 a5   @B...X.........ฅ 
[12/05/2026 14:27:58] Read data (COM11) 
    ff 01 00 02 23 00 c3 00 00 00 00 00 00 00 00 00   ...#.ร......... 
    00 00 00 00 00 00 00 00 00 00 00 00 00 00 00 00   ................ 
    00 00 00 00 93 92 79 64 ff 02 01 02 00 00 e0 00   ....“’yd.....เ. 
    00 00 00 00 00 00 00 00 00 00 00 00 00 00 00 00   ................ 
    00 00 00 00 00 00 00 00 00 00 00 00 93 92 7a 65   ............“’ze 
[12/05/2026 14:27:58] Written data (COM11) 
    ff 01 00 00 fc 00 c3 01 44 26 40 42 0f 00 64 26   ....ร.D&@B..d& 
    40 42 0f 00 84 26 40 42 0f 00 a4 26 40 42 0f 00   @B..&@B..ค&@B.. 
    c4 26 40 42 00 00 00 20 ff 00 00 00 0f 00 e4 26   ฤ&@B... .....ไ& 
    40 42 0f 00 04 27 40 42 0f 00 24 27 40 42 0f 00   @B...'@B..$'@B.. 
    44 27 40 42 0f 00 64 27 40 42 0f 00 00 00 00 3f   D'@B..d'@B.....? 
    ff 00 00 00 84 27 40 42 0f 00 a4 27 40 42 0f 00   ...'@B..ค'@B.. 
    c4 27 40 42 0f 00 e4 27 40 42 0f 00 04 28 40 42   ฤ'@B..ไ'@B...(@B 
    0f 00 24 28 00 00 00 d2 ff 00 00 00 40 42 0f 00   ..$(...า...@B.. 
    44 28 40 42 0f 00 64 28 40 42 0f 00 84 28 40 42   D(@B..d(@B..(@B 
    0f 00 a4 28 40 42 0f 00 c4 28 40 42 00 00 00 1c   ..ค(@B..ฤ(@B.... 
    ff 00 00 00 0f 00 e4 28 40 42 0f 00 04 29 40 42   .....ไ(@B...)@B 
    0f 00 24 29 40 42 0f 00 44 29 40 42 0f 00 64 29   ..$)@B..D)@B..d) 
    40 42 0f 00 00 00 00 31 ff 00 00 00 84 29 40 42   @B.....1...)@B 
    0f 00 a4 29 40 42 0f 00 c4 29 40 42 0f 00 e4 29   ..ค)@B..ฤ)@B..ไ) 
    40 42 0f 00 04 2a 40 42 0f 00 24 2a 00 00 00 d2   @B...*@B..$*...า 
    ff 00 00 00 40 42 0f 00 44 2a 40 42 0f 00 64 2a   ...@B..D*@B..d* 
    40 42 0f 00 84 2a 40 42 0f 00 a4 2a 40 42 0f 00   @B..*@B..ค*@B.. 
    c4 2a 40 42 00 00 00 1e ff 02 00 00 0f 00 e4 2a   ฤ*@B.........ไ* 
    40 42 0f 00 04 2b 40 42 0f 00 24 2b 40 42 0f 00   @B...+@B..$+@B.. 
    44 2b 40 42 0f 00 00 5c 00 00 00 00 00 00 00 2f   D+@B...\......./ 
[12/05/2026 14:27:58] Read data (COM11) 
    ff 01 00 02 2e 00 c3 00 00 00 00 00 00 00 00 00   .....ร......... 
    00 00 00 00 00 00 00 00 00 00 00 00 00 00 00 00   ................ 
    00 00 00 00 9c 92 7b 64 ff 02 01 02 00 00 00 00   ....’{d....... 
    00 00 00 00 00 00 00 00 00 ed 00 00 00 00 00 00   .........ํ...... 
    00 00 00 00 00 00 00 00 00 00 00 00 9c 92 7c 61   ............’|a 
[12/05/2026 14:27:58] Written data (COM11) 
    ff 01 00 00 ba 00 c3 01 64 2b 40 42 0f 00 84 2b   ...บ.ร.d+@B..+ 
    40 42 0f 00 a4 2b 40 42 0f 00 c4 2b 40 42 0f 00   @B..ค+@B..ฤ+@B.. 
    e4 2b 40 42 00 00 00 cb ff 00 00 00 0f 00 05 0c   ไ+@B...ห....... 
    e8 03 00 00 25 0c e8 03 00 00 45 0c e8 03 00 00   ่...%.่...E.่... 
    65 0c e8 03 00 00 85 0c e8 03 00 00 00 00 00 92   e.่...….่......’ 
    ff 00 00 00 a5 0c e8 03 00 00 c5 0c e8 03 00 00   ...ฅ.่...ล.่... 
    e5 0c e8 03 00 00 05 0d e8 03 00 00 25 0d e8 03   ๅ.่.....่...%.่. 
    00 00 45 0d 00 00 00 f5 ff 00 00 00 e8 03 00 00   ..E....๕...่... 
    65 0d e8 03 00 00 85 0d e8 03 00 00 a5 0d e8 03   e.่...….่...ฅ.่. 
    00 00 c5 0d e8 03 00 00 e5 0d e8 03 00 00 00 97   ..ล.่...ๅ.่....— 
    ff 00 00 00 00 00 05 0e e8 03 00 00 25 0e e8 03   .......่...%.่. 
    00 00 45 0e e8 03 00 00 65 0e e8 03 00 00 85 0e   ..E.่...e.่...…. 
    e8 03 00 00 00 00 00 9f ff 02 00 00 a5 0e e8 03   ่.........ฅ.่. 
    00 00 c5 0e e8 03 00 00 e5 0e e8 03 00 00 05 0f   ..ล.่...ๅ.่..... 
    e8 03 00 00 00 db 00 00 00 00 00 00 00 00 00 a7   ่.............ง 
[12/05/2026 14:27:58] Read data (COM11) 
    ff 01 00 02 23 00 c3 00 00 00 00 00 00 00 00 00   ...#.ร......... 
    00 00 00 00 00 00 00 00 00 00 00 00 00 00 00 00   ................ 
    00 00 00 00 a1 92 7d 52 ff 02 01 02 00 00 e0 00   ....ก’}R.....เ. 
    00 00 00 00 00 00 00 00 00 00 00 00 00 00 00 00   ................ 
    00 00 00 00 00 00 00 00 00 00 00 00 a1 92 7e 53   ............ก’~S 
[12/05/2026 14:27:58] Written data (COM11) 
    ff 01 00 00 fc 00 c3 01 25 0f e8 03 00 00 45 0f   ....ร.%.่...E. 
    e8 03 00 00 65 0f e8 03 00 00 85 0f e8 03 00 00   ่...e.่...….่... 
    a5 0f e8 03 00 00 00 01 ff 00 00 00 00 00 c5 0f   ฅ.่..........ล. 
    e8 03 00 00 e5 0f e8 03 00 00 05 10 e8 03 00 00   ่...ๅ.่.....่... 
    25 10 e8 03 00 00 45 10 e8 03 00 00 00 00 00 41   %.่...E.่......A 
    ff 00 00 00 65 10 e8 03 00 00 85 10 e8 03 00 00   ...e.่...….่... 
    a5 10 e8 03 00 00 c5 10 e8 03 00 00 e5 10 e8 03   ฅ.่...ล.่...ๅ.่. 
    00 00 05 11 00 00 00 75 ff 00 00 00 e8 03 00 00   .......u...่... 
    25 11 e8 03 00 00 45 11 e8 03 00 00 65 11 e8 03   %.่...E.่...e.่. 
    00 00 85 11 e8 03 00 00 a5 11 e8 03 00 00 00 cb   ..….่...ฅ.่....ห 
    ff 00 00 00 00 00 c5 11 e8 03 00 00 e5 11 e8 03   .....ล.่...ๅ.่. 
    00 00 05 12 e8 03 00 00 25 12 e8 03 00 00 45 12   ....่...%.่...E. 
    e8 03 00 00 00 00 00 43 ff 00 00 00 65 12 e8 03   ่......C...e.่. 
    00 00 85 12 e8 03 00 00 a5 12 e8 03 00 00 c5 12   ..….่...ฅ.่...ล. 
    e8 03 00 00 e5 12 e8 03 00 00 05 13 00 00 00 75   ่...ๅ.่........u 
    ff 00 00 00 e8 03 00 00 25 13 e8 03 00 00 45 13   ...่...%.่...E. 
    e8 03 00 00 65 13 e8 03 00 00 85 13 e8 03 00 00   ่...e.่...….่... 
    a5 13 e8 03 00 00 00 c9 ff 02 00 00 00 00 c5 13   ฅ.่....ษ.....ล. 
    e8 03 00 00 e5 13 e8 03 00 00 05 14 e8 03 00 00   ่...ๅ.่.....่... 
    25 14 e8 03 00 00 00 ff 00 00 00 00 00 00 00 02   %.่............ 
[12/05/2026 14:27:58] Read data (COM11) 
    ff 01 00 02 2e 00 c3 00 00 00 00 00 00 00 00 00   .....ร......... 
    00 00 00 00 00 00 00 00 00 00 00 00 00 00 00 00   ................ 
    00 00 00 00 aa 92 7f 56 ff 02 01 02 00 00 00 00   ....ช’V....... 
    00 00 00 00 00 00 00 00 00 ed 00 00 00 00 00 00   .........ํ...... 
    00 00 00 00 00 00 00 00 00 00 00 00 aa 92 80 ab   ............ช’€ซ 
[12/05/2026 14:27:58] Written data (COM11) 
    ff 01 00 00 ba 00 c3 01 45 14 e8 03 00 00 65 14   ...บ.ร.E.่...e. 
    e8 03 00 00 85 14 e8 03 00 00 a5 14 e8 03 00 00   ่...….่...ฅ.่... 
    c5 14 e8 03 00 00 00 bc ff 00 00 00 00 00 e5 14   ล.่....ผ.....ๅ. 
    e8 03 00 00 05 15 e8 03 00 00 25 15 e8 03 00 00   ่.....่...%.่... 
    45 15 e8 03 00 00 65 15 e8 03 00 00 00 00 00 e5   E.่...e.่......ๅ 
    ff 00 00 00 85 15 e8 03 00 00 a5 15 e8 03 00 00   ...….่...ฅ.่... 
    c5 15 e8 03 00 00 e5 15 e8 03 00 00 05 16 e8 03   ล.่...ๅ.่.....่. 
    00 00 25 16 00 00 00 34 ff 00 00 00 e8 03 00 00   ..%....4...่... 
    45 16 e8 03 00 00 65 16 e8 03 00 00 85 16 e8 03   E.่...e.่...….่. 
    00 00 a5 16 e8 03 00 00 c5 16 e8 03 00 00 00 2c   ..ฅ.่...ล.่...., 
    ff 00 00 00 00 00 e5 16 e8 03 00 00 05 17 e8 03   .....ๅ.่.....่. 
    00 00 25 17 e8 03 00 00 45 17 e8 03 00 00 65 17   ..%.่...E.่...e. 
    e8 03 00 00 00 00 00 e7 ff 02 00 00 85 17 e8 03   ่......็...….่. 
    00 00 a5 17 e8 03 00 00 c5 17 e8 03 00 00 e5 17   ..ฅ.่...ล.่...ๅ. 
    e8 03 00 00 00 58 00 00 00 00 00 00 00 00 00 a5   ่....X.........ฅ 
[12/05/2026 14:27:58] Read data (COM11) 
    ff 01 00 02 23 00 c3 00 00 00 00 00 00 00 00 00   ...#.ร......... 
    00 00 00 00 00 00 00 00 00 00 00 00 00 00 00 00   ................ 
    00 00 00 00 af 92 81 a0 ff 02 01 02 00 00 e0 00   ....ฏ’ .....เ. 
    00 00 00 00 00 00 00 00 00 00 00 00 00 00 00 00   ................ 
    00 00 00 00 00 00 00 00 00 00 00 00 af 92 82 a1   ............ฏ’ก 
[12/05/2026 14:27:58] Written data (COM11) 
    ff 01 00 00 fc 00 c3 01 05 18 e8 03 00 00 25 18   ....ร...่...%. 
    e8 03 00 00 45 18 e8 03 00 00 65 18 e8 03 00 00   ่...E.่...e.่... 
    85 18 e8 03 00 00 00 b6 ff 00 00 00 00 00 a5 18   ….่....ถ.....ฅ. 
    e8 03 00 00 c5 18 e8 03 00 00 e5 18 e8 03 00 00   ่...ล.่...ๅ.่... 
    05 19 e8 03 00 00 25 19 e8 03 00 00 00 00 00 a9   ..่...%.่......ฉ 
    ff 00 00 00 45 19 e8 03 00 00 65 19 e8 03 00 00   ...E.่...e.่... 
    85 19 e8 03 00 00 a5 19 e8 03 00 00 c5 19 e8 03   ….่...ฅ.่...ล.่. 
    00 00 e5 19 00 00 00 34 ff 00 00 00 e8 03 00 00   ..ๅ....4...่... 
    05 1a e8 03 00 00 25 1a e8 03 00 00 45 1a e8 03   ..่...%.่...E.่. 
    00 00 65 1a e8 03 00 00 85 1a e8 03 00 00 00 60   ..e.่...….่....` 
    ff 00 00 00 00 00 a5 1a e8 03 00 00 c5 1a e8 03   .....ฅ.่...ล.่. 
    00 00 e5 1a e8 03 00 00 05 1b e8 03 00 00 25 1b   ..ๅ.่.....่...%. 
    e8 03 00 00 00 00 00 ab ff 00 00 00 45 1b e8 03   ่......ซ...E.่. 
    00 00 65 1b e8 03 00 00 85 1b e8 03 00 00 a5 1b   ..e.่...….่...ฅ. 
    e8 03 00 00 c5 1b e8 03 00 00 e5 1b 00 00 00 34   ่...ล.่...ๅ....4 
    ff 00 00 00 e8 03 00 00 05 1c e8 03 00 00 25 1c   ...่.....่...%. 
    e8 03 00 00 45 1c e8 03 00 00 65 1c e8 03 00 00   ่...E.่...e.่... 
    85 1c e8 03 00 00 00 66 ff 02 00 00 00 00 a5 1c   ….่....f.....ฅ. 
    e8 03 00 00 c5 1c e8 03 00 00 e5 1c e8 03 00 00   ่...ล.่...ๅ.่... 
    05 1d e8 03 00 00 00 cd 00 00 00 00 00 00 00 b1   ..่....อ.......ฑ 
[12/05/2026 14:27:58] Read data (COM11) 
    ff 01 00 02 2e 00 c3 00 00 00 00 00 00 00 00 00   .....ร......... 
    00 00 00 00 00 00 00 00 00 00 00 00 00 00 00 00   ................ 
    00 00 00 00 b8 92 83 b8 ff 02 01 02 00 00 00 00   ....ธ’ธ....... 
    00 00 00 00 00 00 00 00 00 ed 00 00 00 00 00 00   .........ํ...... 
    00 00 00 00 00 00 00 00 00 00 00 00 b8 92 84 bd   ............ธ’ฝ 
[12/05/2026 14:27:58] Written data (COM11) 
    ff 01 00 00 ba 00 c3 01 25 1d e8 03 00 00 45 1d   ...บ.ร.%.่...E. 
    e8 03 00 00 65 1d e8 03 00 00 85 1d e8 03 00 00   ่...e.่...….่... 
    a5 1d e8 03 00 00 00 55 ff 00 00 00 00 00 c5 1d   ฅ.่....U.....ล. 
    e8 03 00 00 e5 1d e8 03 00 00 05 1e e8 03 00 00   ่...ๅ.่.....่... 
    25 1e e8 03 00 00 45 1e e8 03 00 00 00 00 00 4f   %.่...E.่......O 
    ff 00 00 00 65 1e e8 03 00 00 85 1e e8 03 00 00   ...e.่...….่... 
    a5 1e e8 03 00 00 c5 1e e8 03 00 00 e5 1e e8 03   ฅ.่...ล.่...ๅ.่. 
    00 00 05 1f 00 00 00 75 ff 00 00 00 e8 03 00 00   .......u...่... 
    25 1f e8 03 00 00 45 1f e8 03 00 00 65 1f e8 03   %.่...E.่...e.่. 
    00 00 85 1f e8 03 00 00 a5 1f e8 03 00 00 00 c5   ..….่...ฅ.่....ล 
    ff 00 00 00 00 00 c5 1f e8 03 00 00 e5 1f e8 03   .....ล.่...ๅ.่. 
    00 00 05 20 e8 03 00 00 25 20 e8 03 00 00 45 20   ... ่...% ่...E  
    e8 03 00 00 00 00 00 71 ff 02 00 00 65 20 e8 03   ่......q...e ่. 
    00 00 85 20 e8 03 00 00 a5 20 e8 03 00 00 c5 20   ..… ่...ฅ ่...ล  
    e8 03 00 00 00 a5 00 00 00 00 00 00 00 00 00 d8   ่....ฅ.........ุ 
[12/05/2026 14:27:58] Read data (COM11) 
    ff 01 00 02 23 00 c3 00 00 00 00 00 00 00 00 00   ...#.ร......... 
    00 00 00 00 00 00 00 00 00 00 00 00 00 00 00 00   ................ 
    00 00 00 00 bd 92 85 b6 ff 02 01 02 00 00 e0 00   ....ฝ’…ถ.....เ. 
    00 00 00 00 00 00 00 00 00 00 00 00 00 00 00 00   ................ 
    00 00 00 00 00 00 00 00 00 00 00 00 bd 92 86 b7   ............ฝ’ท 
[12/05/2026 14:27:58] Written data (COM11) 
    ff 01 00 00 fc 00 c3 01 e5 20 e8 03 00 00 05 21   ....ร.ๅ ่....! 
    e8 03 00 00 25 21 e8 03 00 00 45 21 e8 03 00 00   ่...%!่...E!่... 
    65 21 e8 03 00 00 00 ee ff 00 00 00 00 00 85 21   e!่....๎.....…! 
    e8 03 00 00 a5 21 e8 03 00 00 c5 21 e8 03 00 00   ่...ฅ!่...ล!่... 
    e5 21 e8 03 00 00 05 22 e8 03 00 00 00 00 00 33   ๅ!่...."่......3 
    ff 00 00 00 25 22 e8 03 00 00 45 22 e8 03 00 00   ...%"่...E"่... 
    65 22 e8 03 00 00 85 22 e8 03 00 00 a5 22 e8 03   e"่...…"่...ฅ"่. 
    00 00 c5 22 00 00 00 f4 ff 00 00 00 e8 03 00 00   ..ล"...๔...่... 
    e5 22 e8 03 00 00 05 23 e8 03 00 00 25 23 e8 03   ๅ"่....#่...%#่. 
    00 00 45 23 e8 03 00 00 65 23 e8 03 00 00 00 38   ..E#่...e#่....8 
    ff 00 00 00 00 00 85 23 e8 03 00 00 a5 23 e8 03   .....…#่...ฅ#่. 
    00 00 c5 23 e8 03 00 00 e5 23 e8 03 00 00 05 24   ..ล#่...ๅ#่....$ 
    e8 03 00 00 00 00 00 35 ff 00 00 00 25 24 e8 03   ่......5...%$่. 
    00 00 45 24 e8 03 00 00 65 24 e8 03 00 00 85 24   ..E$่...e$่...…$ 
    e8 03 00 00 a5 24 e8 03 00 00 c5 24 00 00 00 f4   ่...ฅ$่...ล$...๔ 
    ff 00 00 00 e8 03 00 00 e5 24 e8 03 00 00 05 25   ...่...ๅ$่....% 
    e8 03 00 00 25 25 e8 03 00 00 45 25 e8 03 00 00   ่...%%่...E%่... 
    65 25 e8 03 00 00 00 3e ff 02 00 00 00 00 85 25   e%่....>.....…% 
    e8 03 00 00 a5 25 e8 03 00 00 c5 25 e8 03 00 00   ่...ฅ%่...ล%่... 
    e5 25 e8 03 00 00 00 10 00 00 00 00 00 00 00 ed   ๅ%่............ํ 
[12/05/2026 14:27:58] Read data (COM11) 
    ff 01 00 02 2e 00 c3 00 00 00 00 00 00 00 00 00   .....ร......... 
    00 00 00 00 00 00 00 00 00 00 00 00 00 00 00 00   ................ 
    00 00 00 00 c6 92 87 c2 ff 02 01 02 00 00 00 00   ....ฦ’ย....... 
    00 00 00 00 00 00 00 00 00 ed 00 00 00 00 00 00   .........ํ...... 
    00 00 00 00 00 00 00 00 00 00 00 00 c6 92 88 cf   ............ฦ’ฯ 
[12/05/2026 14:27:58] Written data (COM11) 
    ff 01 00 00 ba 00 c3 01 05 26 e8 03 00 00 25 26   ...บ.ร..&่...%& 
    e8 03 00 00 45 26 e8 03 00 00 65 26 e8 03 00 00   ่...E&่...e&่... 
    85 26 e8 03 00 00 00 ce ff 00 00 00 00 00 a5 26   …&่....ฮ.....ฅ& 
    e8 03 00 00 c5 26 e8 03 00 00 e5 26 e8 03 00 00   ่...ล&่...ๅ&่... 
    05 27 e8 03 00 00 25 27 e8 03 00 00 00 00 00 97   .'่...%'่......— 
    ff 00 00 00 45 27 e8 03 00 00 65 27 e8 03 00 00   ...E'่...e'่... 
    85 27 e8 03 00 00 a5 27 e8 03 00 00 c5 27 e8 03   …'่...ฅ'่...ล'่. 
    00 00 e5 27 00 00 00 34 ff 00 00 00 e8 03 00 00   ..ๅ'...4...่... 
    05 28 e8 03 00 00 25 28 e8 03 00 00 45 28 e8 03   .(่...%(่...E(่. 
    00 00 65 28 e8 03 00 00 85 28 e8 03 00 00 00 52   ..e(่...…(่....R 
    ff 00 00 00 00 00 a5 28 e8 03 00 00 c5 28 e8 03   .....ฅ(่...ล(่. 
    00 00 e5 28 e8 03 00 00 05 29 e8 03 00 00 25 29   ..ๅ(่....)่...%) 
    e8 03 00 00 00 00 00 99 ff 02 00 00 45 29 e8 03   ่.........E)่. 
    00 00 65 29 e8 03 00 00 85 29 e8 03 00 00 a5 29   ..e)่...…)่...ฅ) 
    e8 03 00 00 00 58 00 00 00 00 00 00 00 00 00 a5   ่....X.........ฅ 
[12/05/2026 14:27:58] Read data (COM11) 
    ff 01 00 02 23 00 c3 00 00 00 00 00 00 00 00 00   ...#.ร......... 
    00 00 00 00 00 00 00 00 00 00 00 00 00 00 00 00   ................ 
    00 00 00 00 cc 92 89 cb ff 02 01 02 00 00 e0 00   ....ฬ’ห.....เ. 
    00 00 00 00 00 00 00 00 00 00 00 00 00 00 00 00   ................ 
    00 00 00 00 00 00 00 00 00 00 00 00 cc 92 8a ca   ............ฬ’ส 
[12/05/2026 14:27:58] Written data (COM11) 
    ff 01 00 00 fc 00 c3 01 c5 29 e8 03 00 00 e5 29   ....ร.ล)่...ๅ) 
    e8 03 00 00 05 2a e8 03 00 00 25 2a e8 03 00 00   ่....*่...%*่... 
    45 2a e8 03 00 00 00 44 ff 00 00 00 00 00 65 2a   E*่....D.....e* 
    e8 03 00 00 85 2a e8 03 00 00 a5 2a e8 03 00 00   ่...…*่...ฅ*่... 
    c5 2a e8 03 00 00 e5 2a e8 03 00 00 00 00 00 5b   ล*่...ๅ*่......[ 
    ff 00 00 00 05 2b e8 03 00 00 25 2b e8 03 00 00   ....+่...%+่... 
    45 2b e8 03 00 00 65 2b e8 03 00 00 85 2b e8 03   E+่...e+่...…+่. 
    00 00 a5 2b 00 00 00 34 ff 00 00 00 e8 03 00 00   ..ฅ+...4...่... 
    c5 2b e8 03 00 00 e5 2b e8 03 00 00 06 0c 00 00   ล+่...ๅ+่....... 
    00 00 26 0c 00 00 00 00 46 0c 00 00 00 00 00 5e   ..&.....F......^ 
    ff 00 00 00 00 00 66 0c 00 00 00 00 86 0c 00 00   .....f........ 
    00 00 a6 0c 00 00 00 00 c6 0c 00 00 00 00 e6 0c   ..ฆ.....ฦ.....ๆ. 
    00 00 00 00 00 00 00 95 ff 00 00 00 06 0d 00 00   .......•....... 
    00 00 26 0d 00 00 00 00 46 0d 00 00 00 00 66 0d   ..&.....F.....f. 
    00 00 00 00 86 0d 00 00 00 00 a6 0d 00 00 00 df   .........ฆ....฿ 
    ff 00 00 00 00 00 00 00 c6 0d 00 00 00 00 e6 0d   .......ฦ.....ๆ. 
    00 00 00 00 06 0e 00 00 00 00 26 0e 00 00 00 00   ..........&..... 
    46 0e 00 00 00 00 00 b7 ff 02 00 00 00 00 66 0e   F......ท.....f. 
    00 00 00 00 86 0e 00 00 00 00 a6 0e 00 00 00 00   .........ฆ..... 
    c6 0e 00 00 00 00 00 f6 00 00 00 00 00 00 00 8b   ฦ......๖....... 
[12/05/2026 14:27:58] Read data (COM11) 
    ff 01 00 02 2e 00 c3 00 00 00 00 00 00 00 00 00   .....ร......... 
    00 00 00 00 00 00 00 00 00 00 00 00 00 00 00 00   ................ 
    00 00 00 00 d5 92 8b dd ff 02 01 02 00 00 00 00   ....ี’....... 
    00 00 00 00 00 00 00 00 00 ed 00 00 00 00 00 00   .........ํ...... 
    00 00 00 00 00 00 00 00 00 00 00 00 d5 92 8c d8   ............ี’ุ 
[12/05/2026 14:27:58] Written data (COM11) 
    ff 01 00 00 ba 00 c3 01 e6 0e 00 00 00 00 06 0f   ...บ.ร.ๆ....... 
    00 00 00 00 26 0f 00 00 00 00 46 0f 00 00 00 00   ....&.....F..... 
    66 0f 00 00 00 00 00 6e ff 00 00 00 00 00 86 0f   f......n...... 
    00 00 00 00 a6 0f 00 00 00 00 c6 0f 00 00 00 00   ....ฆ.....ฦ..... 
    e6 0f 00 00 00 00 06 10 00 00 00 00 00 00 00 e9   ๆ..............้ 
    ff 00 00 00 26 10 00 00 00 00 46 10 00 00 00 00   ...&.....F..... 
    66 10 00 00 00 00 86 10 00 00 00 00 a6 10 00 00   f..........ฆ... 
    00 00 c6 10 00 00 00 1f ff 00 00 00 00 00 00 00   ..ฦ............ 
    e6 10 00 00 00 00 06 11 00 00 00 00 26 11 00 00   ๆ...........&... 
    00 00 46 11 00 00 00 00 66 11 00 00 00 00 00 09   ..F.....f....... 
    ff 00 00 00 00 00 86 11 00 00 00 00 a6 11 00 00   ..........ฆ... 
    00 00 c6 11 00 00 00 00 e6 11 00 00 00 00 06 12   ..ฦ.....ๆ....... 
    00 00 00 00 00 00 00 eb ff 02 00 00 26 12 00 00   .......๋...&... 
    00 00 46 12 00 00 00 00 66 12 00 00 00 00 86 12   ..F.....f...... 
    00 00 00 00 00 04 00 00 00 00 00 00 00 00 00 79   ...............y 
[12/05/2026 14:27:58] Read data (COM11) 
    ff 01 00 02 23 00 c3 00 00 00 00 00 00 00 00 00   ...#.ร......... 
    00 00 00 00 00 00 00 00 00 00 00 00 00 00 00 00   ................ 
    00 00 00 00 da 92 8d d9 ff 02 01 02 00 00 e0 00   ....ฺ’ู.....เ. 
    00 00 00 00 00 00 00 00 00 00 00 00 00 00 00 00   ................ 
    00 00 00 00 00 00 00 00 00 00 00 00 da 92 8e d8   ............ฺ’ุ 
[12/05/2026 14:27:58] Written data (COM11) 
    ff 01 00 00 fc 00 c3 01 a6 12 00 00 00 00 c6 12   ....ร.ฆ.....ฦ. 
    00 00 00 00 e6 12 00 00 00 00 06 13 00 00 00 00   ....ๆ........... 
    26 13 00 00 00 00 00 74 ff 00 00 00 00 00 46 13   &......t.....F. 
    00 00 00 00 66 13 00 00 00 00 86 13 00 00 00 00   ....f.......... 
    a6 13 00 00 00 00 c6 13 00 00 00 00 00 00 00 2a   ฆ.....ฦ........* 
    ff 00 00 00 e6 13 00 00 00 00 06 14 00 00 00 00   ...ๆ........... 
    26 14 00 00 00 00 46 14 00 00 00 00 66 14 00 00   &.....F.....f... 
    00 00 86 14 00 00 00 98 ff 00 00 00 00 00 00 00   ............. 
    a6 14 00 00 00 00 c6 14 00 00 00 00 e6 14 00 00   ฆ.....ฦ.....ๆ... 
    00 00 06 15 00 00 00 00 26 15 00 00 00 00 00 4d   ........&......M 
    ff 00 00 00 00 00 46 15 00 00 00 00 66 15 00 00   .....F.....f... 
    00 00 86 15 00 00 00 00 a6 15 00 00 00 00 c6 15   .......ฆ.....ฦ. 
    00 00 00 00 00 00 00 2c ff 00 00 00 e6 15 00 00   .......,...ๆ... 
    00 00 06 16 00 00 00 00 26 16 00 00 00 00 46 16   ........&.....F. 
    00 00 00 00 66 16 00 00 00 00 86 16 00 00 00 9c   ....f......... 
    ff 00 00 00 00 00 00 00 a6 16 00 00 00 00 c6 16   .......ฆ.....ฦ. 
    00 00 00 00 e6 16 00 00 00 00 06 17 00 00 00 00   ....ๆ........... 
    26 17 00 00 00 00 00 4f ff 02 00 00 00 00 46 17   &......O.....F. 
    00 00 00 00 66 17 00 00 00 00 86 17 00 00 00 00   ....f.......... 
    a6 17 00 00 00 00 00 8a 00 00 00 00 00 00 00 77   ฆ.............w 
[12/05/2026 14:27:58] Read data (COM11) 
    ff 01 00 02 2e 00 c3 00 00 00 00 00 00 00 00 00   .....ร......... 
    00 00 00 00 00 00 00 00 00 00 00 00 00 00 00 00   ................ 
    00 00 00 00 e3 92 8f ef ff 02 01 02 00 00 00 00   ....ใ’๏....... 
    00 00 00 00 00 00 00 00 00 ed 00 00 00 00 00 00   .........ํ...... 
    00 00 00 00 00 00 00 00 00 00 00 00 e3 92 90 f2   ............ใ’๒ 
[12/05/2026 14:27:58] Written data (COM11) 
    ff 01 00 00 ba 00 c3 01 c6 17 00 00 00 00 e6 17   ...บ.ร.ฦ.....ๆ. 
    00 00 00 00 06 18 00 00 00 00 26 18 00 00 00 00   ..........&..... 
    46 18 00 00 00 00 00 d8 ff 00 00 00 00 00 66 18   F......ุ.....f. 
    00 00 00 00 86 18 00 00 00 00 a6 18 00 00 00 00   .........ฆ..... 
    c6 18 00 00 00 00 e6 18 00 00 00 00 00 00 00 81   ฦ.....ๆ........ 
    ff 00 00 00 06 19 00 00 00 00 26 19 00 00 00 00   .........&..... 
    46 19 00 00 00 00 66 19 00 00 00 00 86 19 00 00   F.....f........ 
    00 00 a6 19 00 00 00 df ff 00 00 00 00 00 00 00   ..ฆ....฿....... 
    c6 19 00 00 00 00 e6 19 00 00 00 00 06 1a 00 00   ฦ.....ๆ......... 
    00 00 26 1a 00 00 00 00 46 1a 00 00 00 00 00 a3   ..&.....F......ฃ 
    ff 00 00 00 00 00 66 1a 00 00 00 00 86 1a 00 00   .....f........ 
    00 00 a6 1a 00 00 00 00 c6 1a 00 00 00 00 e6 1a   ..ฆ.....ฦ.....ๆ. 
    00 00 00 00 00 00 00 83 ff 02 00 00 06 1b 00 00   .............. 
    00 00 26 1b 00 00 00 00 46 1b 00 00 00 00 66 1b   ..&.....F.....f. 
    00 00 00 00 00 58 00 00 00 00 00 00 00 00 00 a5   .....X.........ฅ 
[12/05/2026 14:27:58] Read data (COM11) 
    ff 01 00 02 23 00 c3 00 00 00 00 00 00 00 00 00   ...#.ร......... 
    00 00 00 00 00 00 00 00 00 00 00 00 00 00 00 00   ................ 
    00 00 00 00 e9 92 91 f6 ff 02 01 02 00 00 e0 00   ....้’‘๖.....เ. 
    00 00 00 00 00 00 00 00 00 00 00 00 00 00 00 00   ................ 
    00 00 00 00 00 00 00 00 00 00 00 00 e9 92 92 f7   ............้’’๗ 
[12/05/2026 14:27:58] Written data (COM11) 
    ff 01 00 00 fc 00 c3 01 86 1b 00 00 00 00 a6 1b   ....ร......ฆ. 
    00 00 00 00 c6 1b 00 00 00 00 e6 1b 00 00 00 00   ....ฦ.....ๆ..... 
    06 1c 00 00 00 00 00 da ff 00 00 00 00 00 26 1c   .......ฺ.....&. 
    00 00 00 00 46 1c 00 00 00 00 66 1c 00 00 00 00   ....F.....f..... 
    86 1c 00 00 00 00 a6 1c 00 00 00 00 00 00 00 c5   .....ฆ........ล 
    ff 00 00 00 c6 1c 00 00 00 00 e6 1c 00 00 00 00   ...ฦ.....ๆ..... 
    06 1d 00 00 00 00 26 1d 00 00 00 00 46 1d 00 00   ......&.....F... 
    00 00 66 1d 00 00 00 df ff 00 00 00 00 00 00 00   ..f....฿....... 
    86 1d 00 00 00 00 a6 1d 00 00 00 00 c6 1d 00 00   .....ฆ.....ฦ... 
    00 00 e6 1d 00 00 00 00 06 1e 00 00 00 00 00 e7   ..ๆ............็ 
    ff 00 00 00 00 00 26 1e 00 00 00 00 46 1e 00 00   .....&.....F... 
    00 00 66 1e 00 00 00 00 86 1e 00 00 00 00 a6 1e   ..f..........ฆ. 
    00 00 00 00 00 00 00 c7 ff 00 00 00 c6 1e 00 00   .......ว...ฦ... 
    00 00 e6 1e 00 00 00 00 06 1f 00 00 00 00 26 1f   ..ๆ...........&. 
    00 00 00 00 46 1f 00 00 00 00 66 1f 00 00 00 df   ....F.....f....฿ 
    ff 00 00 00 00 00 00 00 86 1f 00 00 00 00 a6 1f   ............ฆ. 
    00 00 00 00 c6 1f 00 00 00 00 e6 1f 00 00 00 00   ....ฦ.....ๆ..... 
    06 20 00 00 00 00 00 d9 ff 02 00 00 00 00 26 20   . .....ู.....&  
    00 00 00 00 46 20 00 00 00 00 66 20 00 00 00 00   ....F ....f .... 
    86 20 00 00 00 00 00 98 00 00 00 00 00 00 00 e5    ............ๅ 
[12/05/2026 14:27:58] Read data (COM11) 
    ff 01 00 02 2e 00 c3 00 00 00 00 00 00 00 00 00   .....ร......... 
    00 00 00 00 00 00 00 00 00 00 00 00 00 00 00 00   ................ 
    00 00 00 00 f2 92 93 e2 ff 02 01 02 00 00 00 00   ....๒’“โ....... 
    00 00 00 00 00 00 00 00 00 ed 00 00 00 00 00 00   .........ํ...... 
    00 00 00 00 00 00 00 00 00 00 00 00 f2 92 94 e7   ............๒’”็ 
[12/05/2026 14:27:58] Written data (COM11) 
    ff 01 00 00 ba 00 c3 01 a6 20 00 00 00 00 c6 20   ...บ.ร.ฆ ....ฦ  
    00 00 00 00 e6 20 00 00 00 00 06 21 00 00 00 00   ....ๆ .....!.... 
    26 21 00 00 00 00 00 00 ff 00 00 00 00 00 46 21   &!...........F! 
    00 00 00 00 66 21 00 00 00 00 86 21 00 00 00 00   ....f!....!.... 
    a6 21 00 00 00 00 c6 21 00 00 00 00 00 00 00 18   ฆ!....ฦ!........ 
    ff 00 00 00 e6 21 00 00 00 00 06 22 00 00 00 00   ...ๆ!.....".... 
    26 22 00 00 00 00 46 22 00 00 00 00 66 22 00 00   &"....F"....f".. 
    00 00 86 22 00 00 00 9c ff 00 00 00 00 00 00 00   ..".......... 
    a6 22 00 00 00 00 c6 22 00 00 00 00 e6 22 00 00   ฆ"....ฦ"....ๆ".. 
    00 00 06 23 00 00 00 00 26 23 00 00 00 00 00 7b   ...#....&#.....{ 
    ff 00 00 00 00 00 46 23 00 00 00 00 66 23 00 00   .....F#....f#.. 
    00 00 86 23 00 00 00 00 a6 23 00 00 00 00 c6 23   ..#....ฆ#....ฦ# 
    00 00 00 00 00 00 00 1a ff 02 00 00 e6 23 00 00   ...........ๆ#.. 
    00 00 06 24 00 00 00 00 26 24 00 00 00 00 46 24   ...$....&$....F$ 
    00 00 00 00 00 9c 00 00 00 00 00 00 00 00 00 e6   ..............ๆ 
[12/05/2026 14:27:58] Read data (COM11) 
    ff 01 00 02 23 00 c3 00 00 00 00 00 00 00 00 00   ...#.ร......... 
    00 00 00 00 00 00 00 00 00 00 00 00 00 00 00 00   ................ 
    00 00 00 00 fb 92 95 e0 ff 02 01 02 00 00 e0 00   ....๛’•เ.....เ. 
    00 00 00 00 00 00 00 00 00 00 00 00 00 00 00 00   ................ 
    00 00 00 00 00 00 00 00 00 00 00 00 fb 92 96 e1   ............๛’–แ 
[12/05/2026 14:27:58] Written data (COM11) 
    ff 01 00 00 fc 00 c3 01 66 24 00 00 00 00 86 24   ....ร.f$....$ 
    00 00 00 00 a6 24 00 00 00 00 c6 24 00 00 00 00   ....ฆ$....ฦ$.... 
    e6 24 00 00 00 00 00 82 ff 00 00 00 00 00 06 25   ๆ$...........% 
    00 00 00 00 26 25 00 00 00 00 46 25 00 00 00 00   ....&%....F%.... 
    66 25 00 00 00 00 86 25 00 00 00 00 00 00 00 5c   f%....%.......\ 
    ff 00 00 00 a6 25 00 00 00 00 c6 25 00 00 00 00   ...ฆ%....ฦ%.... 
    e6 25 00 00 00 00 06 26 00 00 00 00 26 26 00 00   ๆ%.....&....&&.. 
    00 00 46 26 00 00 00 1c ff 00 00 00 00 00 00 00   ..F&........... 
    66 26 00 00 00 00 86 26 00 00 00 00 a6 26 00 00   f&....&....ฆ&.. 
    00 00 c6 26 00 00 00 00 e6 26 00 00 00 00 00 bf   ..ฦ&....ๆ&.....ฟ 
    ff 00 00 00 00 00 06 27 00 00 00 00 26 27 00 00   ......'....&'.. 
    00 00 46 27 00 00 00 00 66 27 00 00 00 00 86 27   ..F'....f'....' 
    00 00 00 00 00 00 00 5e ff 00 00 00 a6 27 00 00   .......^...ฆ'.. 
    00 00 c6 27 00 00 00 00 e6 27 00 00 00 00 06 28   ..ฦ'....ๆ'.....( 
    00 00 00 00 26 28 00 00 00 00 46 28 00 00 00 10   ....&(....F(.... 
    ff 00 00 00 00 00 00 00 66 28 00 00 00 00 86 28   .......f(....( 
    00 00 00 00 a6 28 00 00 00 00 c6 28 00 00 00 00   ....ฆ(....ฦ(.... 
    e6 28 00 00 00 00 00 b1 ff 02 00 00 00 00 06 29   ๆ(.....ฑ......) 
    00 00 00 00 26 29 00 00 00 00 46 29 00 00 00 00   ....&)....F).... 
    66 29 00 00 00 00 00 7c 00 00 00 00 00 00 00 81   f).....|....... 
[12/05/2026 14:27:58] Read data (COM11) 
    ff 01 00 02 2e 00 c3 00 00 00 00 00 00 00 00 00   .....ร......... 
    00 00 00 00 00 00 00 00 00 00 00 00 00 00 00 00   ................ 
    00 00 00 00 03 93 97 16 ff 02 01 02 00 00 00 00   .....“—........ 
    00 00 00 00 00 00 00 00 00 ed 00 00 00 00 00 00   .........ํ...... 
    00 00 00 00 00 00 00 00 00 00 00 00 03 93 98 1b   .............“. 
[12/05/2026 14:27:58] Written data (COM11) 
    ff 01 00 00 ba 00 c3 01 86 29 00 00 00 00 a6 29   ...บ.ร.)....ฆ) 
    00 00 00 00 c6 29 00 00 00 00 e6 29 00 00 00 00   ....ฦ)....ๆ).... 
    06 2a 00 00 00 00 00 aa ff 00 00 00 00 00 26 2a   .*.....ช.....&* 
    00 00 00 00 46 2a 00 00 00 00 66 2a 00 00 00 00   ....F*....f*.... 
    86 2a 00 00 00 00 a6 2a 00 00 00 00 00 00 00 f3   *....ฆ*.......๓ 
    ff 00 00 00 c6 2a 00 00 00 00 e6 2a 00 00 00 00   ...ฦ*....ๆ*.... 
    06 2b 00 00 00 00 26 2b 00 00 00 00 46 2b 00 00   .+....&+....F+.. 
    00 00 66 2b 00 00 00 df ff 00 00 00 00 00 00 00   ..f+...฿....... 
    86 2b 00 00 00 00 a6 2b 00 00 00 00 c6 2b 00 00   +....ฆ+....ฦ+.. 
    00 00 e6 2b 00 00 00 00 07 0c 00 00 00 00 00 f4   ..ๆ+...........๔ 
    ff 00 00 00 00 00 27 0c 00 00 00 00 47 0c 00 00   .....'.....G... 
    00 00 67 0c 00 00 00 00 87 0c 00 00 00 00 a7 0c   ..g..........ง. 
    00 00 00 00 00 00 00 d4 ff 02 00 00 c7 0c 00 00   .......ิ...ว... 
    00 00 e7 0c 00 00 00 00 07 0d 00 00 00 00 27 0d   ..็...........'. 
    00 00 00 00 00 58 00 00 00 00 00 00 00 00 00 a5   .....X.........ฅ 
[12/05/2026 14:27:58] Read data (COM11) 
    ff 01 00 02 23 00 c3 00 00 00 00 00 00 00 00 00   ...#.ร......... 
    00 00 00 00 00 00 00 00 00 00 00 00 00 00 00 00   ................ 
    00 00 00 00 09 93 99 1f ff 02 01 02 00 00 e0 00   .....“......เ. 
    00 00 00 00 00 00 00 00 00 00 00 00 00 00 00 00   ................ 
    00 00 00 00 00 00 00 00 00 00 00 00 09 93 9a 1e   .............“. 
[12/05/2026 14:27:58] Written data (COM11) 
    ff 01 00 00 fc 00 c3 01 47 0d 00 00 00 00 67 0d   ....ร.G.....g. 
    00 00 00 00 87 0d 00 00 00 00 a7 0d 00 00 00 00   .........ง..... 
    c7 0d 00 00 00 00 00 0a ff 00 00 00 00 00 e7 0d   ว............็. 
    00 00 00 00 07 0e 00 00 00 00 27 0e 00 00 00 00   ..........'..... 
    47 0e 00 00 00 00 67 0e 00 00 00 00 00 00 00 15   G.....g......... 
    ff 00 00 00 87 0e 00 00 00 00 a7 0e 00 00 00 00   ........ง..... 
    c7 0e 00 00 00 00 e7 0e 00 00 00 00 07 0f 00 00   ว.....็......... 
    00 00 27 0f 00 00 00 df ff 00 00 00 00 00 00 00   ..'....฿....... 
    47 0f 00 00 00 00 67 0f 00 00 00 00 87 0f 00 00   G.....g........ 
    00 00 a7 0f 00 00 00 00 c7 0f 00 00 00 00 00 37   ..ง.....ว......7 
    ff 00 00 00 00 00 e7 0f 00 00 00 00 07 10 00 00   .....็......... 
    00 00 27 10 00 00 00 00 47 10 00 00 00 00 67 10   ..'.....G.....g. 
    00 00 00 00 00 00 00 17 ff 00 00 00 87 10 00 00   .............. 
    00 00 a7 10 00 00 00 00 c7 10 00 00 00 00 e7 10   ..ง.....ว.....็. 
    00 00 00 00 07 11 00 00 00 00 27 11 00 00 00 df   ..........'....฿ 
    ff 00 00 00 00 00 00 00 47 11 00 00 00 00 67 11   .......G.....g. 
    00 00 00 00 87 11 00 00 00 00 a7 11 00 00 00 00   .........ง..... 
    c7 11 00 00 00 00 00 29 ff 02 00 00 00 00 e7 11   ว......).....็. 
    00 00 00 00 07 12 00 00 00 00 27 12 00 00 00 00   ..........'..... 
    47 12 00 00 00 00 00 6b 00 00 00 00 00 00 00 15   G......k........ 
[12/05/2026 14:27:58] Read data (COM11) 
    ff 01 00 02 2e 00 c3 00 00 00 00 00 00 00 00 00   .....ร......... 
    00 00 00 00 00 00 00 00 00 00 00 00 00 00 00 00   ................ 
    00 00 00 00 11 93 9b 08 ff 02 01 02 00 00 00 00   .....“........ 
    00 00 00 00 00 00 00 00 00 ed 00 00 00 00 00 00   .........ํ...... 
    00 00 00 00 00 00 00 00 00 00 00 00 11 93 9c 0d   .............“. 
[12/05/2026 14:27:58] Written data (COM11) 
    ff 01 00 00 ba 00 c3 01 67 12 00 00 00 00 87 12   ...บ.ร.g...... 
    00 00 00 00 a7 12 00 00 00 00 c7 12 00 00 00 00   ....ง.....ว..... 
    e7 12 00 00 00 00 00 f3 ff 00 00 00 00 00 07 13   ็......๓....... 
    00 00 00 00 27 13 00 00 00 00 47 13 00 00 00 00   ....'.....G..... 
    67 13 00 00 00 00 87 13 00 00 00 00 00 00 00 6b   g.............k 
    ff 00 00 00 a7 13 00 00 00 00 c7 13 00 00 00 00   ...ง.....ว..... 
    e7 13 00 00 00 00 07 14 00 00 00 00 27 14 00 00   ็...........'... 
    00 00 47 14 00 00 00 18 ff 00 00 00 00 00 00 00   ..G............ 
    67 14 00 00 00 00 87 14 00 00 00 00 a7 14 00 00   g..........ง... 
    00 00 c7 14 00 00 00 00 e7 14 00 00 00 00 00 8c   ..ว.....็...... 
    ff 00 00 00 00 00 07 15 00 00 00 00 27 15 00 00   ...........'... 
    00 00 47 15 00 00 00 00 67 15 00 00 00 00 87 15   ..G.....g...... 
    00 00 00 00 00 00 00 6d ff 02 00 00 a7 15 00 00   .......m...ง... 
    00 00 c7 15 00 00 00 00 e7 15 00 00 00 00 07 16   ..ว.....็....... 
    00 00 00 00 00 1c 00 00 00 00 00 00 00 00 00 62   ...............b 
[12/05/2026 14:27:58] Read data (COM11) 
    ff 01 00 02 23 00 c3 00 00 00 00 00 00 00 00 00   ...#.ร......... 
    00 00 00 00 00 00 00 00 00 00 00 00 00 00 00 00   ................ 
    00 00 00 00 17 93 9d 05 ff 02 01 02 00 00 e0 00   .....“......เ. 
    00 00 00 00 00 00 00 00 00 00 00 00 00 00 00 00   ................ 
    00 00 00 00 00 00 00 00 00 00 00 00 17 93 9e 04   .............“. 
[12/05/2026 14:27:58] Written data (COM11) 
    ff 01 00 00 fc 00 c3 01 27 16 00 00 00 00 47 16   ....ร.'.....G. 
    00 00 00 00 67 16 00 00 00 00 87 16 00 00 00 00   ....g.......... 
    a7 16 00 00 00 00 00 f1 ff 00 00 00 00 00 c7 16   ง......๑.....ว. 
    00 00 00 00 e7 16 00 00 00 00 07 17 00 00 00 00   ....็........... 
    27 17 00 00 00 00 47 17 00 00 00 00 00 00 00 af   '.....G........ฏ 
    ff 00 00 00 67 17 00 00 00 00 87 17 00 00 00 00   ...g.......... 
    a7 17 00 00 00 00 c7 17 00 00 00 00 e7 17 00 00   ง.....ว.....็... 
    00 00 07 18 00 00 00 90 ff 00 00 00 00 00 00 00   .............. 
    27 18 00 00 00 00 47 18 00 00 00 00 67 18 00 00   '.....G.....g... 
    00 00 87 18 00 00 00 00 a7 18 00 00 00 00 00 c0   .......ง......ภ 
    ff 00 00 00 00 00 c7 18 00 00 00 00 e7 18 00 00   .....ว.....็... 
    00 00 07 19 00 00 00 00 27 19 00 00 00 00 47 19   ........'.....G. 
    00 00 00 00 00 00 00 a1 ff 00 00 00 67 19 00 00   .......ก...g... 
    00 00 87 19 00 00 00 00 a7 19 00 00 00 00 c7 19   .......ง.....ว. 
    00 00 00 00 e7 19 00 00 00 00 07 1a 00 00 00 9c   ....็.......... 
    ff 00 00 00 00 00 00 00 27 1a 00 00 00 00 47 1a   .......'.....G. 
    00 00 00 00 67 1a 00 00 00 00 87 1a 00 00 00 00   ....g.......... 
    a7 1a 00 00 00 00 00 c2 ff 02 00 00 00 00 c7 1a   ง......ย.....ว. 
    00 00 00 00 e7 1a 00 00 00 00 07 1b 00 00 00 00   ....็........... 
    27 1b 00 00 00 00 00 0f 00 00 00 00 00 00 00 f2   '..............๒ 
[12/05/2026 14:27:58] Read data (COM11) 
    ff 01 00 02 2e 00 c3 00 00 00 00 00 00 00 00 00   .....ร......... 
    00 00 00 00 00 00 00 00 00 00 00 00 00 00 00 00   ................ 
    00 00 00 00 20 93 9f 3d ff 02 01 02 00 00 00 00   .... “=....... 
    00 00 00 00 00 00 00 00 00 ed 00 00 00 00 00 00   .........ํ...... 
    00 00 00 00 00 00 00 00 00 00 00 00 20 93 a0 00   ............ “ . 
[12/05/2026 14:27:58] Written data (COM11) 
    ff 01 00 00 ba 00 c3 01 47 1b 00 00 00 00 67 1b   ...บ.ร.G.....g. 
    00 00 00 00 87 1b 00 00 00 00 a7 1b 00 00 00 00   .........ง..... 
    c7 1b 00 00 00 00 00 5a ff 00 00 00 00 00 e7 1b   ว......Z.....็. 
    00 00 00 00 07 1c 00 00 00 00 27 1c 00 00 00 00   ..........'..... 
    47 1c 00 00 00 00 67 1c 00 00 00 00 00 00 00 03   G.....g......... 
    ff 00 00 00 87 1c 00 00 00 00 a7 1c 00 00 00 00   ........ง..... 
    c7 1c 00 00 00 00 e7 1c 00 00 00 00 07 1d 00 00   ว.....็......... 
    00 00 27 1d 00 00 00 df ff 00 00 00 00 00 00 00   ..'....฿....... 
    47 1d 00 00 00 00 67 1d 00 00 00 00 87 1d 00 00   G.....g........ 
    00 00 a7 1d 00 00 00 00 c7 1d 00 00 00 00 00 25   ..ง.....ว......% 
    ff 00 00 00 00 00 e7 1d 00 00 00 00 07 1e 00 00   .....็......... 
    00 00 27 1e 00 00 00 00 47 1e 00 00 00 00 67 1e   ..'.....G.....g. 
    00 00 00 00 00 00 00 05 ff 02 00 00 87 1e 00 00   .............. 
    00 00 a7 1e 00 00 00 00 c7 1e 00 00 00 00 e7 1e   ..ง.....ว.....็. 
    00 00 00 00 00 58 00 00 00 00 00 00 00 00 00 a5   .....X.........ฅ 
[12/05/2026 14:27:58] Read data (COM11) 
    ff 01 00 02 23 00 c3 00 00 00 00 00 00 00 00 00   ...#.ร......... 
    00 00 00 00 00 00 00 00 00 00 00 00 00 00 00 00   ................ 
    00 00 00 00 26 93 a1 08 ff 02 01 02 00 00 e0 00   ....&“ก......เ. 
    00 00 00 00 00 00 00 00 00 00 00 00 00 00 00 00   ................ 
    00 00 00 00 00 00 00 00 00 00 00 00 26 93 a2 09   ............&“ข. 
[12/05/2026 14:27:58] Written data (COM11) 
    ff 01 00 00 fc 00 c3 01 07 1f 00 00 00 00 27 1f   ....ร.......'. 
    00 00 00 00 47 1f 00 00 00 00 67 1f 00 00 00 00   ....G.....g..... 
    87 1f 00 00 00 00 00 58 ff 00 00 00 00 00 a7 1f   ......X.....ง. 
    00 00 00 00 c7 1f 00 00 00 00 e7 1f 00 00 00 00   ....ว.....็..... 
    07 20 00 00 00 00 27 20 00 00 00 00 00 00 00 47   . ....' .......G 
    ff 00 00 00 47 20 00 00 00 00 67 20 00 00 00 00   ...G ....g .... 
    87 20 00 00 00 00 a7 20 00 00 00 00 c7 20 00 00    ....ง ....ว .. 
    00 00 e7 20 00 00 00 df ff 00 00 00 00 00 00 00   ..็ ...฿....... 
    07 21 00 00 00 00 27 21 00 00 00 00 47 21 00 00   .!....'!....G!.. 
    00 00 67 21 00 00 00 00 87 21 00 00 00 00 00 59   ..g!....!.....Y 
    ff 00 00 00 00 00 a7 21 00 00 00 00 c7 21 00 00   .....ง!....ว!.. 
    00 00 e7 21 00 00 00 00 07 22 00 00 00 00 27 22   ..็!....."....'" 
    00 00 00 00 00 00 00 79 ff 00 00 00 47 22 00 00   .......y...G".. 
    00 00 67 22 00 00 00 00 87 22 00 00 00 00 a7 22   ..g"...."....ง" 
    00 00 00 00 c7 22 00 00 00 00 e7 22 00 00 00 df   ....ว"....็"...฿ 
    ff 00 00 00 00 00 00 00 07 23 00 00 00 00 27 23   ........#....'# 
    00 00 00 00 47 23 00 00 00 00 67 23 00 00 00 00   ....G#....g#.... 
    87 23 00 00 00 00 00 5b ff 02 00 00 00 00 a7 23   #.....[.....ง# 
    00 00 00 00 c7 23 00 00 00 00 e7 23 00 00 00 00   ....ว#....็#.... 
    07 24 00 00 00 00 00 1d 00 00 00 00 00 00 00 67   .$.............g 
[12/05/2026 14:27:58] Read data (COM11) 
    ff 01 00 02 2e 00 c3 00 00 00 00 00 00 00 00 00   .....ร......... 
    00 00 00 00 00 00 00 00 00 00 00 00 00 00 00 00   ................ 
    00 00 00 00 2f 93 a3 0e ff 02 01 02 00 00 00 00   ..../“ฃ........ 
    00 00 00 00 00 00 00 00 00 ed 00 00 00 00 00 00   .........ํ...... 
    00 00 00 00 00 00 00 00 00 00 00 00 2f 93 a4 0b   ............/“ค. 
[12/05/2026 14:27:58] Written data (COM11) 
    ff 01 00 00 ba 00 c3 01 27 24 00 00 00 00 47 24   ...บ.ร.'$....G$ 
    00 00 00 00 67 24 00 00 00 00 87 24 00 00 00 00   ....g$....$.... 
    a7 24 00 00 00 00 00 85 ff 00 00 00 00 00 c7 24   ง$.....….....ว$ 
    00 00 00 00 e7 24 00 00 00 00 07 25 00 00 00 00   ....็$.....%.... 
    27 25 00 00 00 00 47 25 00 00 00 00 00 00 00 9d   '%....G%....... 
    ff 00 00 00 67 25 00 00 00 00 87 25 00 00 00 00   ...g%....%.... 
    a7 25 00 00 00 00 c7 25 00 00 00 00 e7 25 00 00   ง%....ว%....็%.. 
    00 00 07 26 00 00 00 9c ff 00 00 00 00 00 00 00   ...&.......... 
    27 26 00 00 00 00 47 26 00 00 00 00 67 26 00 00   '&....G&....g&.. 
    00 00 87 26 00 00 00 00 a7 26 00 00 00 00 00 fe   ..&....ง&..... 
    ff 00 00 00 00 00 c7 26 00 00 00 00 e7 26 00 00   .....ว&....็&.. 
    00 00 07 27 00 00 00 00 27 27 00 00 00 00 47 27   ...'....''....G' 
    00 00 00 00 00 00 00 9f ff 02 00 00 67 27 00 00   ..........g'.. 
    00 00 87 27 00 00 00 00 a7 27 00 00 00 00 c7 27   ..'....ง'....ว' 
    00 00 00 00 00 9b 00 00 00 00 00 00 00 00 00 e6   ..............ๆ 
[12/05/2026 14:27:58] Read data (COM11) 
    ff 01 00 02 23 00 c3 00 00 00 00 00 00 00 00 00   ...#.ร......... 
    00 00 00 00 00 00 00 00 00 00 00 00 00 00 00 00   ................ 
    00 00 00 00 35 93 a5 1f ff 02 01 02 00 00 e0 00   ....5“ฅ......เ. 
    00 00 00 00 00 00 00 00 00 00 00 00 00 00 00 00   ................ 
    00 00 00 00 00 00 00 00 00 00 00 00 35 93 a6 1e   ............5“ฆ. 
[12/05/2026 14:27:58] Written data (COM11) 
    ff 01 00 00 fc 00 c3 01 e7 27 00 00 00 00 07 28   ....ร.็'.....( 
    00 00 00 00 27 28 00 00 00 00 47 28 00 00 00 00   ....'(....G(.... 
    67 28 00 00 00 00 00 00 ff 00 00 00 00 00 87 28   g(...........( 
    00 00 00 00 a7 28 00 00 00 00 c7 28 00 00 00 00   ....ง(....ว(.... 
    e7 28 00 00 00 00 07 29 00 00 00 00 00 00 00 d1   ็(.....).......ั 
    ff 00 00 00 27 29 00 00 00 00 47 29 00 00 00 00   ...')....G).... 
    67 29 00 00 00 00 87 29 00 00 00 00 a7 29 00 00   g)....)....ง).. 
    00 00 c7 29 00 00 00 1f ff 00 00 00 00 00 00 00   ..ว)........... 
    e7 29 00 00 00 00 07 2a 00 00 00 00 27 2a 00 00   ็).....*....'*.. 
    00 00 47 2a 00 00 00 00 67 2a 00 00 00 00 00 31   ..G*....g*.....1 
    ff 00 00 00 00 00 87 2a 00 00 00 00 a7 2a 00 00   .....*....ง*.. 
    00 00 c7 2a 00 00 00 00 e7 2a 00 00 00 00 07 2b   ..ว*....็*.....+ 
    00 00 00 00 00 00 00 d3 ff 00 00 00 27 2b 00 00   .......ำ...'+.. 
    00 00 47 2b 00 00 00 00 67 2b 00 00 00 00 87 2b   ..G+....g+....+ 
    00 00 00 00 a7 2b 00 00 00 00 c7 2b 00 00 00 1f   ....ง+....ว+.... 
    ff 00 00 00 00 00 00 00 e7 2b 00 00 00 00 08 0c   .......็+...... 
    ff ff ff ff 28 0c ff ff ff ff 48 0c ff ff ff ff   (.H. 
    68 0c ff ff 00 00 00 33 ff 02 00 00 ff ff 88 0c   h....3.... 
    ff ff ff ff a8 0c ff ff ff ff c8 0c ff ff ff ff   จ.ศ. 
    e8 0c ff ff ff ff 00 fe 00 00 00 00 00 00 00 03   ่.......... 
[12/05/2026 14:27:58] Read data (COM11) 
    ff 01 00 02 2e 00 c3 00 00 00 00 00 00 00 00 00   .....ร......... 
    00 00 00 00 00 00 00 00 00 00 00 00 00 00 00 00   ................ 
    00 00 00 00 42 93 a7 67 ff 02 01 02 00 00 00 00   ....B“งg....... 
    00 00 00 00 00 00 00 00 00 ed 00 00 00 00 00 00   .........ํ...... 
    00 00 00 00 00 00 00 00 00 00 00 00 42 93 a8 6a   ............B“จj 
[12/05/2026 14:27:58] Written data (COM11) 
    ff 01 00 00 ba 00 c3 01 08 0d ff ff ff ff 28 0d   ...บ.ร...(. 
    ff ff ff ff 48 0d ff ff ff ff 68 0d ff ff ff ff   H.h. 
    88 0d ff ff 00 00 00 03 ff 00 00 00 ff ff a8 0d   ........จ. 
    ff ff ff ff c8 0d ff ff ff ff e8 0d ff ff ff ff   ศ.่. 
    08 0e ff ff ff ff 28 0e ff ff ff ff 00 00 00 5a   ..(....Z 
    ff 00 00 00 48 0e ff ff ff ff 68 0e ff ff ff ff   ...H.h. 
    88 0e ff ff ff ff a8 0e ff ff ff ff c8 0e ff ff   .จ.ศ. 
    ff ff e8 0e 00 00 00 df ff 00 00 00 ff ff ff ff   ่....฿... 
    08 0f ff ff ff ff 28 0f ff ff ff ff 48 0f ff ff   ..(.H. 
    ff ff 68 0f ff ff ff ff 88 0f ff ff 00 00 00 78   h.....x 
    ff 00 00 00 ff ff a8 0f ff ff ff ff c8 0f ff ff   ...จ.ศ. 
    ff ff e8 0f ff ff ff ff 08 10 ff ff ff ff 28 10   ่...(. 
    ff ff ff ff 00 00 00 58 ff 02 00 00 48 10 ff ff   ...X...H. 
    ff ff 68 10 ff ff ff ff 88 10 ff ff ff ff a8 10   h..จ. 
    ff ff ff ff 00 58 00 00 00 00 00 00 00 00 00 a5   .X.........ฅ 
[12/05/2026 14:27:58] Read data (COM11) 
    ff 01 00 02 23 00 c3 00 00 00 00 00 00 00 00 00   ...#.ร......... 
    00 00 00 00 00 00 00 00 00 00 00 00 00 00 00 00   ................ 
    00 00 00 00 4a 93 a9 6c ff 02 01 02 00 00 e0 00   ....J“ฉl.....เ. 
    00 00 00 00 00 00 00 00 00 00 00 00 00 00 00 00   ................ 
    00 00 00 00 00 00 00 00 00 00 00 00 4a 93 aa 6d   ............J“ชm 
[12/05/2026 14:27:58] Written data (COM11) 
    ff 01 00 00 fc 00 c3 01 c8 10 ff ff ff ff e8 10   ....ร.ศ.่. 
    ff ff ff ff 08 11 ff ff ff ff 28 11 ff ff ff ff   ..(. 
    48 11 ff ff 00 00 00 99 ff 00 00 00 ff ff 68 11   H.......h. 
    ff ff ff ff 88 11 ff ff ff ff a8 11 ff ff ff ff   .จ. 
    c8 11 ff ff ff ff e8 11 ff ff ff ff 00 00 00 86   ศ.่.... 
    ff 00 00 00 08 12 ff ff ff ff 28 12 ff ff ff ff   .....(. 
    48 12 ff ff ff ff 68 12 ff ff ff ff 88 12 ff ff   H.h.. 
    ff ff a8 12 00 00 00 df ff 00 00 00 ff ff ff ff   จ....฿... 
    c8 12 ff ff ff ff e8 12 ff ff ff ff 08 13 ff ff   ศ.่... 
    ff ff 28 13 ff ff ff ff 48 13 ff ff 00 00 00 a4   (.H....ค 
    ff 00 00 00 ff ff 68 13 ff ff ff ff 88 13 ff ff   ...h.. 
    ff ff a8 13 ff ff ff ff c8 13 ff ff ff ff e8 13   จ.ศ.่. 
    ff ff ff ff 00 00 00 84 ff 00 00 00 08 14 ff ff   ........ 
    ff ff 28 14 ff ff ff ff 48 14 ff ff ff ff 68 14   (.H.h. 
    ff ff ff ff 88 14 ff ff ff ff a8 14 00 00 00 df   .จ....฿ 
    ff 00 00 00 ff ff ff ff c8 14 ff ff ff ff e8 14   ...ศ.่. 
    ff ff ff ff 08 15 ff ff ff ff 28 15 ff ff ff ff   ..(. 
    48 15 ff ff 00 00 00 a2 ff 02 00 00 ff ff 68 15   H....ข...h. 
    ff ff ff ff 88 15 ff ff ff ff a8 15 ff ff ff ff   .จ. 
    c8 15 ff ff ff ff 00 e3 00 00 00 00 00 00 00 9e   ศ..ใ....... 
[12/05/2026 14:27:58] Read data (COM11) 
    ff 01 00 02 2e 00 c3 00 00 00 00 00 00 00 00 00   .....ร......... 
    00 00 00 00 00 00 00 00 00 00 00 00 00 00 00 00   ................ 
    00 00 00 00 57 93 ab 7e ff 02 01 02 00 00 00 00   ....W“ซ~....... 
    00 00 00 00 00 00 00 00 00 ed 00 00 00 00 00 00   .........ํ...... 
    00 00 00 00 00 00 00 00 00 00 00 00 57 93 ac 7b   ............W“ฌ{ 
[12/05/2026 14:27:58] Written data (COM11) 
    ff 01 00 00 ba 00 c3 01 e8 15 ff ff ff ff 08 16   ...บ.ร.่... 
    ff ff ff ff 28 16 ff ff ff ff 48 16 ff ff ff ff   (.H. 
    68 16 ff ff 00 00 00 7b ff 00 00 00 ff ff 88 16   h....{.... 
    ff ff ff ff a8 16 ff ff ff ff c8 16 ff ff ff ff   จ.ศ. 
    e8 16 ff ff ff ff 08 17 ff ff ff ff 00 00 00 e0   ่......เ 
    ff 00 00 00 28 17 ff ff ff ff 48 17 ff ff ff ff   ...(.H. 
    68 17 ff ff ff ff 88 17 ff ff ff ff a8 17 ff ff   h..จ. 
    ff ff c8 17 00 00 00 1f ff 00 00 00 ff ff ff ff   ศ........ 
    e8 17 ff ff ff ff 08 18 ff ff ff ff 28 18 ff ff   ่...(. 
    ff ff 48 18 ff ff ff ff 68 18 ff ff 00 00 00 00   H.h..... 
    ff 00 00 00 ff ff 88 18 ff ff ff ff a8 18 ff ff   ....จ. 
    ff ff c8 18 ff ff ff ff e8 18 ff ff ff ff 08 19   ศ.่... 
    ff ff ff ff 00 00 00 ee ff 02 00 00 28 19 ff ff   ...๎...(. 
    ff ff 48 19 ff ff ff ff 68 19 ff ff ff ff 88 19   H.h.. 
    ff ff ff ff 00 14 00 00 00 00 00 00 00 00 00 69   ...........i 
[12/05/2026 14:27:58] Read data (COM11) 
    ff 01 00 02 23 00 c3 00 00 00 00 00 00 00 00 00   ...#.ร......... 
    00 00 00 00 00 00 00 00 00 00 00 00 00 00 00 00   ................ 
    00 00 00 00 60 93 ad 42 ff 02 01 02 00 00 e0 00   ....`“ญB.....เ. 
    00 00 00 00 00 00 00 00 00 00 00 00 00 00 00 00   ................ 
    00 00 00 00 00 00 00 00 00 00 00 00 60 93 ae 43   ............`“ฎC 
[12/05/2026 14:27:58] Written data (COM11) 
    ff 01 00 00 fc 00 c3 01 a8 19 ff ff ff ff c8 19   ....ร.จ.ศ. 
    ff ff ff ff e8 19 ff ff ff ff 08 1a ff ff ff ff   ่... 
    28 1a ff ff 00 00 00 71 ff 00 00 00 ff ff 48 1a   (....q...H. 
    ff ff ff ff 68 1a ff ff ff ff 88 1a ff ff ff ff   h.. 
    a8 1a ff ff ff ff c8 1a ff ff ff ff 00 00 00 2d   จ.ศ....- 
    ff 00 00 00 e8 1a ff ff ff ff 08 1b ff ff ff ff   ...่... 
    28 1b ff ff ff ff 48 1b ff ff ff ff 68 1b ff ff   (.H.h. 
    ff ff 88 1b 00 00 00 9e ff 00 00 00 ff ff ff ff   ....... 
    a8 1b ff ff ff ff c8 1b ff ff ff ff e8 1b ff ff   จ.ศ.่. 
    ff ff 08 1c ff ff ff ff 28 1c ff ff 00 00 00 4c   ..(....L 
    ff 00 00 00 ff ff 48 1c ff ff ff ff 68 1c ff ff   ...H.h. 
    ff ff 88 1c ff ff ff ff a8 1c ff ff ff ff c8 1c   .จ.ศ. 
    ff ff ff ff 00 00 00 2b ff 00 00 00 e8 1c ff ff   ...+...่. 
    ff ff 08 1d ff ff ff ff 28 1d ff ff ff ff 48 1d   ..(.H. 
    ff ff ff ff 68 1d ff ff ff ff 88 1d 00 00 00 9e   h..... 
    ff 00 00 00 ff ff ff ff a8 1d ff ff ff ff c8 1d   ...จ.ศ. 
    ff ff ff ff e8 1d ff ff ff ff 08 1e ff ff ff ff   ่... 
    28 1e ff ff 00 00 00 4a ff 02 00 00 ff ff 48 1e   (....J...H. 
    ff ff ff ff 68 1e ff ff ff ff 88 1e ff ff ff ff   h.. 
    a8 1e ff ff ff ff 00 8f 00 00 00 00 00 00 00 72   จ.........r 
[12/05/2026 14:27:58] Read data (COM11) 
    ff 01 00 02 2e 00 c3 00 00 00 00 00 00 00 00 00   .....ร......... 
    00 00 00 00 00 00 00 00 00 00 00 00 00 00 00 00   ................ 
    00 00 00 00 6c 93 af 41 ff 02 01 02 00 00 00 00   ....l“ฏA....... 
    00 00 00 00 00 00 00 00 00 ed 00 00 00 00 00 00   .........ํ...... 
    00 00 00 00 00 00 00 00 00 00 00 00 6c 93 b0 5c   ............l“ฐ\ 
[12/05/2026 14:27:58] Written data (COM11) 
    ff 01 00 00 ba 00 c3 01 c8 1e ff ff ff ff e8 1e   ...บ.ร.ศ.่. 
    ff ff ff ff 08 1f ff ff ff ff 28 1f ff ff ff ff   ..(. 
    48 1f ff ff 00 00 00 d1 ff 00 00 00 ff ff 68 1f   H....ั...h. 
    ff ff ff ff 88 1f ff ff ff ff a8 1f ff ff ff ff   .จ. 
    c8 1f ff ff ff ff e8 1f ff ff ff ff 00 00 00 88   ศ.่.... 
    ff 00 00 00 08 20 ff ff ff ff 28 20 ff ff ff ff   .... (  
    48 20 ff ff ff ff 68 20 ff ff ff ff 88 20 ff ff   H h   
    ff ff a8 20 00 00 00 df ff 00 00 00 ff ff ff ff   จ ...฿... 
    c8 20 ff ff ff ff e8 20 ff ff ff ff 08 21 ff ff   ศ ่ .! 
    ff ff 28 21 ff ff ff ff 48 21 ff ff 00 00 00 96   (!H!...– 
    ff 00 00 00 ff ff 68 21 ff ff ff ff 88 21 ff ff   ...h!! 
    ff ff a8 21 ff ff ff ff c8 21 ff ff ff ff e8 21   จ!ศ!่! 
    ff ff ff ff 00 00 00 b6 ff 02 00 00 08 22 ff ff   ...ถ...." 
    ff ff 28 22 ff ff ff ff 48 22 ff ff ff ff 68 22   ("H"h" 
    ff ff ff ff 00 58 00 00 00 00 00 00 00 00 00 a5   .X.........ฅ 
[12/05/2026 14:27:58] Read data (COM11) 
    ff 01 00 02 23 00 c3 00 00 00 00 00 00 00 00 00   ...#.ร......... 
    00 00 00 00 00 00 00 00 00 00 00 00 00 00 00 00   ................ 
    00 00 00 00 72 93 b1 4c ff 02 01 02 00 00 e0 00   ....r“ฑL.....เ. 
    00 00 00 00 00 00 00 00 00 00 00 00 00 00 00 00   ................ 
    00 00 00 00 00 00 00 00 00 00 00 00 72 93 b2 4d   ............r“ฒM 
[12/05/2026 14:27:58] Written data (COM11) 
    ff 01 00 00 fc 00 c3 01 88 22 ff ff ff ff a8 22   ....ร."จ" 
    ff ff ff ff c8 22 ff ff ff ff e8 22 ff ff ff ff   ศ"่" 
    08 23 ff ff 00 00 00 eb ff 00 00 00 ff ff 28 23   .#...๋...(# 
    ff ff ff ff 48 23 ff ff ff ff 68 23 ff ff ff ff   H#h# 
    88 23 ff ff ff ff a8 23 ff ff ff ff 00 00 00 f4   #จ#...๔ 
    ff 00 00 00 c8 23 ff ff ff ff e8 23 ff ff ff ff   ...ศ#่# 
    08 24 ff ff ff ff 28 24 ff ff ff ff 48 24 ff ff   .$($H$ 
    ff ff 68 24 00 00 00 df ff 00 00 00 ff ff ff ff   h$...฿... 
    88 24 ff ff ff ff a8 24 ff ff ff ff c8 24 ff ff   $จ$ศ$ 
    ff ff e8 24 ff ff ff ff 08 25 ff ff 00 00 00 d2   ่$.%...า 
    ff 00 00 00 ff ff 28 25 ff ff ff ff 48 25 ff ff   ...(%H% 
    ff ff 68 25 ff ff ff ff 88 25 ff ff ff ff a8 25   h%%จ% 
    ff ff ff ff 00 00 00 f2 ff 00 00 00 c8 25 ff ff   ...๒...ศ% 
    ff ff e8 25 ff ff ff ff 08 26 ff ff ff ff 28 26   ่%.&(& 
    ff ff ff ff 48 26 ff ff ff ff 68 26 00 00 00 df   H&h&...฿ 
    ff 00 00 00 ff ff ff ff 88 26 ff ff ff ff a8 26   ...&จ& 
    ff ff ff ff c8 26 ff ff ff ff e8 26 ff ff ff ff   ศ&่& 
    08 27 ff ff 00 00 00 d0 ff 02 00 00 ff ff 28 27   .'...ะ...(' 
    ff ff ff ff 48 27 ff ff ff ff 68 27 ff ff ff ff   H'h' 
    88 27 ff ff ff ff 00 91 00 00 00 00 00 00 00 ec   '.‘.......์ 
[12/05/2026 14:27:58] Read data (COM11) 
    ff 01 00 02 2e 00 c3 00 00 00 00 00 00 00 00 00   .....ร......... 
    00 00 00 00 00 00 00 00 00 00 00 00 00 00 00 00   ................ 
    00 00 00 00 83 93 b3 b2 ff 02 01 02 00 00 00 00   ....“ณฒ....... 
    00 00 00 00 00 00 00 00 00 ed 00 00 00 00 00 00   .........ํ...... 
    00 00 00 00 00 00 00 00 00 00 00 00 83 93 b4 b7   ............“ดท 
[12/05/2026 14:27:58] Written data (COM11) 
    ff 01 00 00 ba 00 c3 01 a8 27 ff ff ff ff c8 27   ...บ.ร.จ'ศ' 
    ff ff ff ff e8 27 ff ff ff ff 08 28 ff ff ff ff   ่'.( 
    28 28 ff ff 00 00 00 09 ff 00 00 00 ff ff 48 28   ((.......H( 
    ff ff ff ff 68 28 ff ff ff ff 88 28 ff ff ff ff   h(( 
    a8 28 ff ff ff ff c8 28 ff ff ff ff 00 00 00 1f   จ(ศ(.... 
    ff 00 00 00 e8 28 ff ff ff ff 08 29 ff ff ff ff   ...่(.) 
    28 29 ff ff ff ff 48 29 ff ff ff ff 68 29 ff ff   ()H)h) 
    ff ff 88 29 00 00 00 9e ff 00 00 00 ff ff ff ff   )...... 
    a8 29 ff ff ff ff c8 29 ff ff ff ff e8 29 ff ff   จ)ศ)่) 
    ff ff 08 2a ff ff ff ff 28 2a ff ff 00 00 00 7e   .*(*...~ 
    ff 00 00 00 ff ff 48 2a ff ff ff ff 68 2a ff ff   ...H*h* 
    ff ff 88 2a ff ff ff ff a8 2a ff ff ff ff c8 2a   *จ*ศ* 
    ff ff ff ff 00 00 00 1d ff 02 00 00 e8 2a ff ff   .......่* 
    ff ff 08 2b ff ff ff ff 28 2b ff ff ff ff 48 2b   .+(+H+ 
    ff ff ff ff 00 94 00 00 00 00 00 00 00 00 00 e8   .”.........่ 
[12/05/2026 14:27:58] Read data (COM11) 
    ff 01 00 02 23 00 c3 00 00 00 00 00 00 00 00 00   ...#.ร......... 
    00 00 00 00 00 00 00 00 00 00 00 00 00 00 00 00   ................ 
    00 00 00 00 89 93 b5 b3 ff 02 01 02 00 00 e0 00   ....“ตณ.....เ. 
    00 00 00 00 00 00 00 00 00 00 00 00 00 00 00 00   ................ 
    00 00 00 00 00 00 00 00 00 00 00 00 89 93 b6 b2   ............“ถฒ 
[12/05/2026 14:27:58] Written data (COM11) 
    ff 01 00 00 fc 00 c3 01 68 2b ff ff ff ff 88 2b   ....ร.h++ 
    ff ff ff ff a8 2b ff ff ff ff c8 2b ff ff ff ff   จ+ศ+ 
    e8 2b ff ff 00 00 00 83 ff 00 00 00 ff ff 09 0c   ่+........ 
    00 00 00 00 29 0c 00 00 00 00 49 0c 00 00 00 00   ....).....I..... 
    69 0c 00 00 00 00 89 0c 00 00 00 00 00 00 00 7a   i.............z 
    ff 00 00 00 a9 0c 00 00 00 00 c9 0c 00 00 00 00   ...ฉ.....ษ..... 
    e9 0c 00 00 00 00 09 0d 00 00 00 00 29 0d 00 00   ้...........)... 
    00 00 49 0d 00 00 00 1e ff 00 00 00 00 00 00 00   ..I............ 
    69 0d 00 00 00 00 89 0d 00 00 00 00 a9 0d 00 00   i..........ฉ... 
    00 00 c9 0d 00 00 00 00 e9 0d 00 00 00 00 00 9b   ..ษ.....้...... 
    ff 00 00 00 00 00 09 0e 00 00 00 00 29 0e 00 00   ...........)... 
    00 00 49 0e 00 00 00 00 69 0e 00 00 00 00 89 0e   ..I.....i...... 
    00 00 00 00 00 00 00 78 ff 00 00 00 a9 0e 00 00   .......x...ฉ... 
    00 00 c9 0e 00 00 00 00 e9 0e 00 00 00 00 09 0f   ..ษ.....้....... 
    00 00 00 00 29 0f 00 00 00 00 49 0f 00 00 00 1e   ....).....I..... 
    ff 00 00 00 00 00 00 00 69 0f 00 00 00 00 89 0f   .......i...... 
    00 00 00 00 a9 0f 00 00 00 00 c9 0f 00 00 00 00   ....ฉ.....ษ..... 
    e9 0f 00 00 00 00 00 99 ff 02 00 00 00 00 09 10   ้............. 
    00 00 00 00 29 10 00 00 00 00 49 10 00 00 00 00   ....).....I..... 
    69 10 00 00 00 00 00 7d 00 00 00 00 00 00 00 80   i......}.......€ 
[12/05/2026 14:27:58] Read data (COM11) 
    ff 01 00 02 2e 00 c3 00 00 00 00 00 00 00 00 00   .....ร......... 
    00 00 00 00 00 00 00 00 00 00 00 00 00 00 00 00   ................ 
    00 00 00 00 94 93 b7 a1 ff 02 01 02 00 00 00 00   ....”“ทก....... 
    00 00 00 00 00 00 00 00 00 ed 00 00 00 00 00 00   .........ํ...... 
    00 00 00 00 00 00 00 00 00 00 00 00 94 93 b8 ac   ............”“ธฌ 
[12/05/2026 14:27:58] Written data (COM11) 
    ff 01 00 00 ba 00 c3 01 89 10 00 00 00 00 a9 10   ...บ.ร......ฉ. 
    00 00 00 00 c9 10 00 00 00 00 e9 10 00 00 00 00   ....ษ.....้..... 
    09 11 00 00 00 00 00 9e ff 00 00 00 00 00 29 11   ............). 
    00 00 00 00 49 11 00 00 00 00 69 11 00 00 00 00   ....I.....i..... 
    89 11 00 00 00 00 a9 11 00 00 00 00 00 00 00 c7   .....ฉ........ว 
    ff 00 00 00 c9 11 00 00 00 00 e9 11 00 00 00 00   ...ษ.....้..... 
    09 12 00 00 00 00 29 12 00 00 00 00 49 12 00 00   ......).....I... 
    00 00 69 12 00 00 00 df ff 00 00 00 00 00 00 00   ..i....฿....... 
    89 12 00 00 00 00 a9 12 00 00 00 00 c9 12 00 00   .....ฉ.....ษ... 
    00 00 e9 12 00 00 00 00 09 13 00 00 00 00 00 e5   ..้............ๅ 
    ff 00 00 00 00 00 29 13 00 00 00 00 49 13 00 00   .....).....I... 
    00 00 69 13 00 00 00 00 89 13 00 00 00 00 a9 13   ..i..........ฉ. 
    00 00 00 00 00 00 00 c5 ff 02 00 00 c9 13 00 00   .......ล...ษ... 
    00 00 e9 13 00 00 00 00 09 14 00 00 00 00 29 14   ..้...........). 
    00 00 00 00 00 58 00 00 00 00 00 00 00 00 00 a5   .....X.........ฅ 
[12/05/2026 14:27:58] Read data (COM11) 
    ff 01 00 02 23 00 c3 00 00 00 00 00 00 00 00 00   ...#.ร......... 
    00 00 00 00 00 00 00 00 00 00 00 00 00 00 00 00   ................ 
    00 00 00 00 9a 93 b9 ac ff 02 01 02 00 00 e0 00   ....“นฌ.....เ. 
    00 00 00 00 00 00 00 00 00 00 00 00 00 00 00 00   ................ 
    00 00 00 00 00 00 00 00 00 00 00 00 9a 93 ba ad   ............“บญ 
[12/05/2026 14:27:58] Written data (COM11) 
    ff 01 00 00 fc 00 c3 01 49 14 00 00 00 00 69 14   ....ร.I.....i. 
    00 00 00 00 89 14 00 00 00 00 a9 14 00 00 00 00   .........ฉ..... 
    c9 14 00 00 00 00 00 1d ff 00 00 00 00 00 e9 14   ษ............้. 
    00 00 00 00 09 15 00 00 00 00 29 15 00 00 00 00   ..........)..... 
    49 15 00 00 00 00 69 15 00 00 00 00 00 00 00 02   I.....i......... 
    ff 00 00 00 89 15 00 00 00 00 a9 15 00 00 00 00   ........ฉ..... 
    c9 15 00 00 00 00 e9 15 00 00 00 00 09 16 00 00   ษ.....้......... 
    00 00 29 16 00 00 00 df ff 00 00 00 00 00 00 00   ..)....฿....... 
    49 16 00 00 00 00 69 16 00 00 00 00 89 16 00 00   I.....i........ 
    00 00 a9 16 00 00 00 00 c9 16 00 00 00 00 00 20   ..ฉ.....ษ......  
    ff 00 00 00 00 00 e9 16 00 00 00 00 09 17 00 00   .....้......... 
    00 00 29 17 00 00 00 00 49 17 00 00 00 00 69 17   ..).....I.....i. 
    00 00 00 00 00 00 00 00 ff 00 00 00 89 17 00 00   .............. 
    00 00 a9 17 00 00 00 00 c9 17 00 00 00 00 e9 17   ..ฉ.....ษ.....้. 
    00 00 00 00 09 18 00 00 00 00 29 18 00 00 00 df   ..........)....฿ 
    ff 00 00 00 00 00 00 00 49 18 00 00 00 00 69 18   .......I.....i. 
    00 00 00 00 89 18 00 00 00 00 a9 18 00 00 00 00   .........ฉ..... 
    c9 18 00 00 00 00 00 2e ff 02 00 00 00 00 e9 18   ษ............้. 
    00 00 00 00 09 19 00 00 00 00 29 19 00 00 00 00   ..........)..... 
    49 19 00 00 00 00 00 6e 00 00 00 00 00 00 00 12   I......n........ 
[12/05/2026 14:27:58] Read data (COM11) 
    ff 01 00 02 2e 00 c3 00 00 00 00 00 00 00 00 00   .....ร......... 
    00 00 00 00 00 00 00 00 00 00 00 00 00 00 00 00   ................ 
    00 00 00 00 a2 93 bb 9b ff 02 01 02 00 00 00 00   ....ข“ป....... 
    00 00 00 00 00 00 00 00 00 ed 00 00 00 00 00 00   .........ํ...... 
    00 00 00 00 00 00 00 00 00 00 00 00 a2 93 bc 9e   ............ข“ผ 
[12/05/2026 14:27:58] Written data (COM11) 
    ff 01 00 00 ba 00 c3 01 69 19 00 00 00 00 89 19   ...บ.ร.i...... 
    00 00 00 00 a9 19 00 00 00 00 c9 19 00 00 00 00   ....ฉ.....ษ..... 
    e9 19 00 00 00 00 00 f6 ff 00 00 00 00 00 09 1a   ้......๖....... 
    00 00 00 00 29 1a 00 00 00 00 49 1a 00 00 00 00   ....).....I..... 
    69 1a 00 00 00 00 89 1a 00 00 00 00 00 00 00 6c   i.............l 
    ff 00 00 00 a9 1a 00 00 00 00 c9 1a 00 00 00 00   ...ฉ.....ษ..... 
    e9 1a 00 00 00 00 09 1b 00 00 00 00 29 1b 00 00   ้...........)... 
    00 00 49 1b 00 00 00 1e ff 00 00 00 00 00 00 00   ..I............ 
    69 1b 00 00 00 00 89 1b 00 00 00 00 a9 1b 00 00   i..........ฉ... 
    00 00 c9 1b 00 00 00 00 e9 1b 00 00 00 00 00 8d   ..ษ.....้...... 
    ff 00 00 00 00 00 09 1c 00 00 00 00 29 1c 00 00   ...........)... 
    00 00 49 1c 00 00 00 00 69 1c 00 00 00 00 89 1c   ..I.....i...... 
    00 00 00 00 00 00 00 6a ff 02 00 00 a9 1c 00 00   .......j...ฉ... 
    00 00 c9 1c 00 00 00 00 e9 1c 00 00 00 00 09 1d   ..ษ.....้....... 
    00 00 00 00 00 1c 00 00 00 00 00 00 00 00 00 60   ...............` 
[12/05/2026 14:27:58] Read data (COM11) 
    ff 01 00 02 23 00 c3 00 00 00 00 00 00 00 00 00   ...#.ร......... 
    00 00 00 00 00 00 00 00 00 00 00 00 00 00 00 00   ................ 
    00 00 00 00 a8 93 bd 9a ff 02 01 02 00 00 e0 00   ....จ“ฝ.....เ. 
    00 00 00 00 00 00 00 00 00 00 00 00 00 00 00 00   ................ 
    00 00 00 00 00 00 00 00 00 00 00 00 a8 93 be 9b   ............จ“พ 
[12/05/2026 14:27:58] Written data (COM11) 
    ff 01 00 00 fc 00 c3 01 29 1d 00 00 00 00 49 1d   ....ร.).....I. 
    00 00 00 00 69 1d 00 00 00 00 89 1d 00 00 00 00   ....i.......... 
    a9 1d 00 00 00 00 00 f4 ff 00 00 00 00 00 c9 1d   ฉ......๔.....ษ. 
    00 00 00 00 e9 1d 00 00 00 00 09 1e 00 00 00 00   ....้........... 
    29 1e 00 00 00 00 49 1e 00 00 00 00 00 00 00 a8   ).....I........จ 
    ff 00 00 00 69 1e 00 00 00 00 89 1e 00 00 00 00   ...i.......... 
    a9 1e 00 00 00 00 c9 1e 00 00 00 00 e9 1e 00 00   ฉ.....ษ.....้... 
    00 00 09 1f 00 00 00 9e ff 00 00 00 00 00 00 00   .............. 
    29 1f 00 00 00 00 49 1f 00 00 00 00 69 1f 00 00   ).....I.....i... 
    00 00 89 1f 00 00 00 00 a9 1f 00 00 00 00 00 c9   .......ฉ......ษ 
    ff 00 00 00 00 00 c9 1f 00 00 00 00 e9 1f 00 00   .....ษ.....้... 
    00 00 09 20 00 00 00 00 29 20 00 00 00 00 49 20   ... ....) ....I  
    00 00 00 00 00 00 00 96 ff 00 00 00 69 20 00 00   .......–...i .. 
    00 00 89 20 00 00 00 00 a9 20 00 00 00 00 c9 20   .. ....ฉ ....ษ  
    00 00 00 00 e9 20 00 00 00 00 09 21 00 00 00 9e   ....้ .....!... 
    ff 00 00 00 00 00 00 00 29 21 00 00 00 00 49 21   .......)!....I! 
    00 00 00 00 69 21 00 00 00 00 89 21 00 00 00 00   ....i!....!.... 
    a9 21 00 00 00 00 00 f7 ff 02 00 00 00 00 c9 21   ฉ!.....๗.....ษ! 
    00 00 00 00 e9 21 00 00 00 00 09 22 00 00 00 00   ....้!.....".... 
    29 22 00 00 00 00 00 0a 00 00 00 00 00 00 00 f7   )".............๗ 
[12/05/2026 14:27:58] Read data (COM11) 
    ff 01 00 02 2e 00 c3 00 00 00 00 00 00 00 00 00   .....ร......... 
    00 00 00 00 00 00 00 00 00 00 00 00 00 00 00 00   ................ 
    00 00 00 00 b0 93 bf 8d ff 02 01 02 00 00 00 00   ....ฐ“ฟ....... 
    00 00 00 00 00 00 00 00 00 ed 00 00 00 00 00 00   .........ํ...... 
    00 00 00 00 00 00 00 00 00 00 00 00 b0 93 c0 f0   ............ฐ“ภ๐ 
[12/05/2026 14:27:58] Written data (COM11) 
    ff 01 00 00 ba 00 c3 01 49 22 00 00 00 00 69 22   ...บ.ร.I"....i" 
    00 00 00 00 89 22 00 00 00 00 a9 22 00 00 00 00   ...."....ฉ".... 
    c9 22 00 00 00 00 00 6d ff 00 00 00 00 00 e9 22   ษ".....m.....้" 
    00 00 00 00 09 23 00 00 00 00 29 23 00 00 00 00   .....#....)#.... 
    49 23 00 00 00 00 69 23 00 00 00 00 00 00 00 34   I#....i#.......4 
    ff 00 00 00 89 23 00 00 00 00 a9 23 00 00 00 00   ...#....ฉ#.... 
    c9 23 00 00 00 00 e9 23 00 00 00 00 09 24 00 00   ษ#....้#.....$.. 
    00 00 29 24 00 00 00 df ff 00 00 00 00 00 00 00   ..)$...฿....... 
    49 24 00 00 00 00 69 24 00 00 00 00 89 24 00 00   I$....i$....$.. 
    00 00 a9 24 00 00 00 00 c9 24 00 00 00 00 00 12   ..ฉ$....ษ$...... 
    ff 00 00 00 00 00 e9 24 00 00 00 00 09 25 00 00   .....้$.....%.. 
    00 00 29 25 00 00 00 00 49 25 00 00 00 00 69 25   ..)%....I%....i% 
    00 00 00 00 00 00 00 32 ff 02 00 00 89 25 00 00   .......2...%.. 
    00 00 a9 25 00 00 00 00 c9 25 00 00 00 00 e9 25   ..ฉ%....ษ%....้% 
    00 00 00 00 00 58 00 00 00 00 00 00 00 00 00 a5   .....X.........ฅ 
[12/05/2026 14:27:58] Read data (COM11) 
    ff 01 00 02 23 00 c3 00 00 00 00 00 00 00 00 00   ...#.ร......... 
    00 00 00 00 00 00 00 00 00 00 00 00 00 00 00 00   ................ 
    00 00 00 00 b6 93 c1 f8 ff 02 01 02 00 00 e0 00   ....ถ“ม๘.....เ. 
    00 00 00 00 00 00 00 00 00 00 00 00 00 00 00 00   ................ 
    00 00 00 00 00 00 00 00 00 00 00 00 b6 93 c2 f9   ............ถ“ย๙ 
[12/05/2026 14:27:58] Written data (COM11) 
    ff 01 00 00 fc 00 c3 01 09 26 00 00 00 00 29 26   ....ร..&....)& 
    00 00 00 00 49 26 00 00 00 00 69 26 00 00 00 00   ....I&....i&.... 
    89 26 00 00 00 00 00 6f ff 00 00 00 00 00 a9 26   &.....o.....ฉ& 
    00 00 00 00 c9 26 00 00 00 00 e9 26 00 00 00 00   ....ษ&....้&.... 
    09 27 00 00 00 00 29 27 00 00 00 00 00 00 00 70   .'....)'.......p 
    ff 00 00 00 49 27 00 00 00 00 69 27 00 00 00 00   ...I'....i'.... 
    89 27 00 00 00 00 a9 27 00 00 00 00 c9 27 00 00   '....ฉ'....ษ'.. 
    00 00 e9 27 00 00 00 df ff 00 00 00 00 00 00 00   ..้'...฿....... 
    09 28 00 00 00 00 29 28 00 00 00 00 49 28 00 00   .(....)(....I(.. 
    00 00 69 28 00 00 00 00 89 28 00 00 00 00 00 5e   ..i(....(.....^ 
    ff 00 00 00 00 00 a9 28 00 00 00 00 c9 28 00 00   .....ฉ(....ษ(.. 
    00 00 e9 28 00 00 00 00 09 29 00 00 00 00 29 29   ..้(.....)....)) 
    00 00 00 00 00 00 00 7e ff 00 00 00 49 29 00 00   .......~...I).. 
    00 00 69 29 00 00 00 00 89 29 00 00 00 00 a9 29   ..i)....)....ฉ) 
    00 00 00 00 c9 29 00 00 00 00 e9 29 00 00 00 df   ....ษ)....้)...฿ 
    ff 00 00 00 00 00 00 00 09 2a 00 00 00 00 29 2a   ........*....)* 
    00 00 00 00 49 2a 00 00 00 00 69 2a 00 00 00 00   ....I*....i*.... 
    89 2a 00 00 00 00 00 5c ff 02 00 00 00 00 a9 2a   *.....\.....ฉ* 
    00 00 00 00 c9 2a 00 00 00 00 e9 2a 00 00 00 00   ....ษ*....้*.... 
    09 2b 00 00 00 00 00 1c 00 00 00 00 00 00 00 60   .+.............` 
[12/05/2026 14:27:58] Read data (COM11) 
    ff 01 00 02 2e 00 c3 00 00 00 00 00 00 00 00 00   .....ร......... 
    00 00 00 00 00 00 00 00 00 00 00 00 00 00 00 00   ................ 
    00 00 00 00 be 93 c3 ff ff 02 01 02 00 00 00 00   ....พ“ร....... 
    00 00 00 00 00 00 00 00 00 ed 00 00 00 00 00 00   .........ํ...... 
    00 00 00 00 00 00 00 00 00 00 00 00 be 93 c4 fa   ............พ“ฤ๚ 
[12/05/2026 14:27:58] Written data (COM11) 
    ff 01 00 00 ba 00 c3 01 29 2b 00 00 00 00 49 2b   ...บ.ร.)+....I+ 
    00 00 00 00 69 2b 00 00 00 00 89 2b 00 00 00 00   ....i+....+.... 
    a9 2b 00 00 00 00 00 84 ff 00 00 00 00 00 c9 2b   ฉ+..........ษ+ 
    00 00 00 00 e9 2b 00 00 00 00 0a 0c ff ff ff ff   ....้+...... 
    2a 0c ff ff ff ff 4a 0c ff ff ff ff 00 00 00 b9   *.J....น 
    ff 00 00 00 6a 0c ff ff ff ff 8a 0c ff ff ff ff   ...j.. 
    aa 0c ff ff ff ff ca 0c ff ff ff ff ea 0c ff ff   ช.ส.๊. 
    ff ff 0a 0d 00 00 00 9e ff 00 00 00 ff ff ff ff   ........ 
    2a 0d ff ff ff ff 4a 0d ff ff ff ff 6a 0d ff ff   *.J.j. 
    ff ff 8a 0d ff ff ff ff aa 0d ff ff 00 00 00 d8   .ช....ุ 
    ff 00 00 00 ff ff ca 0d ff ff ff ff ea 0d ff ff   ...ส.๊. 
    ff ff 0a 0e ff ff ff ff 2a 0e ff ff ff ff 4a 0e   ..*.J. 
    ff ff ff ff 00 00 00 bb ff 02 00 00 6a 0e ff ff   ...ป...j. 
    ff ff 8a 0e ff ff ff ff aa 0e ff ff ff ff ca 0e   .ช.ส. 
    ff ff ff ff 00 be 00 00 00 00 00 00 00 00 00 c3   .พ.........ร 
[12/05/2026 14:27:58] Read data (COM11) 
    ff 01 00 02 23 00 c3 00 00 00 00 00 00 00 00 00   ...#.ร......... 
    00 00 00 00 00 00 00 00 00 00 00 00 00 00 00 00   ................ 
    00 00 00 00 c4 93 c5 8e ff 02 01 02 00 00 e0 00   ....ฤ“ล.....เ. 
    00 00 00 00 00 00 00 00 00 00 00 00 00 00 00 00   ................ 
    00 00 00 00 00 00 00 00 00 00 00 00 c4 93 c6 8f   ............ฤ“ฦ 
[12/05/2026 14:27:58] Written data (COM11) 
    ff 01 00 00 fc 00 c3 01 ea 0e ff ff ff ff 0a 0f   ....ร.๊... 
    ff ff ff ff 2a 0f ff ff ff ff 4a 0f ff ff ff ff   *.J. 
    6a 0f ff ff 00 00 00 24 ff 00 00 00 ff ff 8a 0f   j....$.... 
    ff ff ff ff aa 0f ff ff ff ff ca 0f ff ff ff ff   ช.ส. 
    ea 0f ff ff ff ff 0a 10 ff ff ff ff 00 00 00 e5   ๊......ๅ 
    ff 00 00 00 2a 10 ff ff ff ff 4a 10 ff ff ff ff   ...*.J. 
    6a 10 ff ff ff ff 8a 10 ff ff ff ff aa 10 ff ff   j..ช. 
    ff ff ca 10 00 00 00 1f ff 00 00 00 ff ff ff ff   ส........ 
    ea 10 ff ff ff ff 0a 11 ff ff ff ff 2a 11 ff ff   ๊...*. 
    ff ff 4a 11 ff ff ff ff 6a 11 ff ff 00 00 00 05   J.j..... 
    ff 00 00 00 ff ff 8a 11 ff ff ff ff aa 11 ff ff   ....ช. 
    ff ff ca 11 ff ff ff ff ea 11 ff ff ff ff 0a 12   ส.๊... 
    ff ff ff ff 00 00 00 e7 ff 00 00 00 2a 12 ff ff   ...็...*. 
    ff ff 4a 12 ff ff ff ff 6a 12 ff ff ff ff 8a 12   J.j.. 
    ff ff ff ff aa 12 ff ff ff ff ca 12 00 00 00 1f   ช.ส..... 
    ff 00 00 00 ff ff ff ff ea 12 ff ff ff ff 0a 13   ...๊... 
    ff ff ff ff 2a 13 ff ff ff ff 4a 13 ff ff ff ff   *.J. 
    6a 13 ff ff 00 00 00 07 ff 02 00 00 ff ff 8a 13   j......... 
    ff ff ff ff aa 13 ff ff ff ff ca 13 ff ff ff ff   ช.ส. 
    ea 13 ff ff ff ff 00 da 00 00 00 00 00 00 00 27   ๊..ฺ.......' 
[12/05/2026 14:27:58] Read data (COM11) 
    ff 01 00 02 2e 00 c3 00 00 00 00 00 00 00 00 00   .....ร......... 
    00 00 00 00 00 00 00 00 00 00 00 00 00 00 00 00   ................ 
    00 00 00 00 ce 93 c7 8b ff 02 01 02 00 00 00 00   ....ฮ“ว....... 
    00 00 00 00 00 00 00 00 00 ed 00 00 00 00 00 00   .........ํ...... 
    00 00 00 00 00 00 00 00 00 00 00 00 ce 93 c8 86   ............ฮ“ศ 
[12/05/2026 14:27:58] Written data (COM11) 
    ff 01 00 00 ba 00 c3 01 0a 14 ff ff ff ff 2a 14   ...บ.ร...*. 
    ff ff ff ff 4a 14 ff ff ff ff 6a 14 ff ff ff ff   J.j. 
    8a 14 ff ff 00 00 00 18 ff 00 00 00 ff ff aa 14   ........ช. 
    ff ff ff ff ca 14 ff ff ff ff ea 14 ff ff ff ff   ส.๊. 
    0a 15 ff ff ff ff 2a 15 ff ff ff ff 00 00 00 41   ..*....A 
    ff 00 00 00 4a 15 ff ff ff ff 6a 15 ff ff ff ff   ...J.j. 
    8a 15 ff ff ff ff aa 15 ff ff ff ff ca 15 ff ff   .ช.ส. 
    ff ff ea 15 00 00 00 df ff 00 00 00 ff ff ff ff   ๊....฿... 
    0a 16 ff ff ff ff 2a 16 ff ff ff ff 4a 16 ff ff   ..*.J. 
    ff ff 6a 16 ff ff ff ff 8a 16 ff ff 00 00 00 63   j.....c 
    ff 00 00 00 ff ff aa 16 ff ff ff ff ca 16 ff ff   ...ช.ส. 
    ff ff ea 16 ff ff ff ff 0a 17 ff ff ff ff 2a 17   ๊...*. 
    ff ff ff ff 00 00 00 43 ff 02 00 00 4a 17 ff ff   ...C...J. 
    ff ff 6a 17 ff ff ff ff 8a 17 ff ff ff ff aa 17   j..ช. 
    ff ff ff ff 00 58 00 00 00 00 00 00 00 00 00 a5   .X.........ฅ 
[12/05/2026 14:27:58] Read data (COM11) 
    ff 01 00 02 23 00 c3 00 00 00 00 00 00 00 00 00   ...#.ร......... 
    00 00 00 00 00 00 00 00 00 00 00 00 00 00 00 00   ................ 
    00 00 00 00 d4 93 c9 92 ff 02 01 02 00 00 e0 00   ....ิ“ษ’.....เ. 
    00 00 00 00 00 00 00 00 00 00 00 00 00 00 00 00   ................ 
    00 00 00 00 00 00 00 00 00 00 00 00 d4 93 ca 93   ............ิ“ส“ 
[12/05/2026 14:27:58] Written data (COM11) 
    ff 01 00 00 fc 00 c3 01 ca 17 ff ff ff ff ea 17   ....ร.ส.๊. 
    ff ff ff ff 0a 18 ff ff ff ff 2a 18 ff ff ff ff   ..*. 
    4a 18 ff ff 00 00 00 92 ff 00 00 00 ff ff 6a 18   J....’...j. 
    ff ff ff ff 8a 18 ff ff ff ff aa 18 ff ff ff ff   .ช. 
    ca 18 ff ff ff ff ea 18 ff ff ff ff 00 00 00 8d   ส.๊.... 
    ff 00 00 00 0a 19 ff ff ff ff 2a 19 ff ff ff ff   .....*. 
    4a 19 ff ff ff ff 6a 19 ff ff ff ff 8a 19 ff ff   J.j.. 
    ff ff aa 19 00 00 00 df ff 00 00 00 ff ff ff ff   ช....฿... 
    ca 19 ff ff ff ff ea 19 ff ff ff ff 0a 1a ff ff   ส.๊... 
    ff ff 2a 1a ff ff ff ff 4a 1a ff ff 00 00 00 af   *.J....ฏ 
    ff 00 00 00 ff ff 6a 1a ff ff ff ff 8a 1a ff ff   ...j.. 
    ff ff aa 1a ff ff ff ff ca 1a ff ff ff ff ea 1a   ช.ส.๊. 
    ff ff ff ff 00 00 00 8f ff 00 00 00 0a 1b ff ff   ........ 
    ff ff 2a 1b ff ff ff ff 4a 1b ff ff ff ff 6a 1b   *.J.j. 
    ff ff ff ff 8a 1b ff ff ff ff aa 1b 00 00 00 df   .ช....฿ 
    ff 00 00 00 ff ff ff ff ca 1b ff ff ff ff ea 1b   ...ส.๊. 
    ff ff ff ff 0a 1c ff ff ff ff 2a 1c ff ff ff ff   ..*. 
    4a 1c ff ff 00 00 00 a9 ff 02 00 00 ff ff 6a 1c   J....ฉ...j. 
    ff ff ff ff 8a 1c ff ff ff ff aa 1c ff ff ff ff   .ช. 
    ca 1c ff ff ff ff 00 e8 00 00 00 00 00 00 00 95   ส..่.......• 
[12/05/2026 14:27:58] Read data (COM11) 
    ff 01 00 02 2e 00 c3 00 00 00 00 00 00 00 00 00   .....ร......... 
    00 00 00 00 00 00 00 00 00 00 00 00 00 00 00 00   ................ 
    00 00 00 00 dc 93 cb 95 ff 02 01 02 00 00 00 00   ....“ห•....... 
    00 00 00 00 00 00 00 00 00 ed 00 00 00 00 00 00   .........ํ...... 
    00 00 00 00 00 00 00 00 00 00 00 00 dc 93 cc 90   ............“ฬ 
[12/05/2026 14:27:58] Written data (COM11) 
    ff 01 00 00 ba 00 c3 01 ea 1c ff ff ff ff 0a 1d   ...บ.ร.๊... 
    ff ff ff ff 2a 1d ff ff ff ff 4a 1d ff ff ff ff   *.J. 
    6a 1d ff ff 00 00 00 70 ff 00 00 00 ff ff 8a 1d   j....p.... 
    ff ff ff ff aa 1d ff ff ff ff ca 1d ff ff ff ff   ช.ส. 
    ea 1d ff ff ff ff 0a 1e ff ff ff ff 00 00 00 eb   ๊......๋ 
    ff 00 00 00 2a 1e ff ff ff ff 4a 1e ff ff ff ff   ...*.J. 
    6a 1e ff ff ff ff 8a 1e ff ff ff ff aa 1e ff ff   j..ช. 
    ff ff ca 1e 00 00 00 1f ff 00 00 00 ff ff ff ff   ส........ 
    ea 1e ff ff ff ff 0a 1f ff ff ff ff 2a 1f ff ff   ๊...*. 
    ff ff 4a 1f ff ff ff ff 6a 1f ff ff 00 00 00 0b   J.j..... 
    ff 00 00 00 ff ff 8a 1f ff ff ff ff aa 1f ff ff   ....ช. 
    ff ff ca 1f ff ff ff ff ea 1f ff ff ff ff 0a 20   ส.๊..  
    ff ff ff ff 00 00 00 d5 ff 02 00 00 2a 20 ff ff   ...ี...*  
    ff ff 4a 20 ff ff ff ff 6a 20 ff ff ff ff 8a 20   J j   
    ff ff ff ff 00 24 00 00 00 00 00 00 00 00 00 59   .$.........Y 
[12/05/2026 14:27:58] Read data (COM11) 
    ff 01 00 02 23 00 c3 00 00 00 00 00 00 00 00 00   ...#.ร......... 
    00 00 00 00 00 00 00 00 00 00 00 00 00 00 00 00   ................ 
    00 00 00 00 e3 93 cd a1 ff 02 01 02 00 00 e0 00   ....ใ“อก.....เ. 
    00 00 00 00 00 00 00 00 00 00 00 00 00 00 00 00   ................ 
    00 00 00 00 00 00 00 00 00 00 00 00 e3 93 ce a0   ............ใ“ฮ  
[12/05/2026 14:27:58] Written data (COM11) 
    ff 01 00 00 fc 00 c3 01 aa 20 ff ff ff ff ca 20   ....ร.ช ส  
    ff ff ff ff ea 20 ff ff ff ff 0a 21 ff ff ff ff   ๊ .! 
    2a 21 ff ff 00 00 00 4a ff 00 00 00 ff ff 4a 21   *!...J...J! 
    ff ff ff ff 6a 21 ff ff ff ff 8a 21 ff ff ff ff   j!! 
    aa 21 ff ff ff ff ca 21 ff ff ff ff 00 00 00 14   ช!ส!.... 
    ff 00 00 00 ea 21 ff ff ff ff 0a 22 ff ff ff ff   ...๊!." 
    2a 22 ff ff ff ff 4a 22 ff ff ff ff 6a 22 ff ff   *"J"j" 
    ff ff 8a 22 00 00 00 9c ff 00 00 00 ff ff ff ff   "...... 
    aa 22 ff ff ff ff ca 22 ff ff ff ff ea 22 ff ff   ช"ส"๊" 
    ff ff 0a 23 ff ff ff ff 2a 23 ff ff 00 00 00 77   .#*#...w 
    ff 00 00 00 ff ff 4a 23 ff ff ff ff 6a 23 ff ff   ...J#j# 
    ff ff 8a 23 ff ff ff ff aa 23 ff ff ff ff ca 23   #ช#ส# 
    ff ff ff ff 00 00 00 16 ff 00 00 00 ea 23 ff ff   .......๊# 
    ff ff 0a 24 ff ff ff ff 2a 24 ff ff ff ff 4a 24   .$*$J$ 
    ff ff ff ff 6a 24 ff ff ff ff 8a 24 00 00 00 98   j$$... 
    ff 00 00 00 ff ff ff ff aa 24 ff ff ff ff ca 24   ...ช$ส$ 
    ff ff ff ff ea 24 ff ff ff ff 0a 25 ff ff ff ff   ๊$.% 
    2a 25 ff ff 00 00 00 71 ff 02 00 00 ff ff 4a 25   *%...q...J% 
    ff ff ff ff 6a 25 ff ff ff ff 8a 25 ff ff ff ff   j%% 
    aa 25 ff ff ff ff 00 b4 00 00 00 00 00 00 00 49   ช%.ด.......I 
[12/05/2026 14:27:58] Read data (COM11) 
    ff 01 00 02 2e 00 c3 00 00 00 00 00 00 00 00 00   .....ร......... 
    00 00 00 00 00 00 00 00 00 00 00 00 00 00 00 00   ................ 
    00 00 00 00 eb 93 cf a6 ff 02 01 02 00 00 00 00   ....๋“ฯฆ....... 
    00 00 00 00 00 00 00 00 00 ed 00 00 00 00 00 00   .........ํ...... 
    00 00 00 00 00 00 00 00 00 00 00 00 eb 93 d0 bb   ............๋“ะป 
[12/05/2026 14:27:58] Written data (COM11) 
    ff 01 00 00 ba 00 c3 01 ca 25 ff ff ff ff ea 25   ...บ.ร.ส%๊% 
    ff ff ff ff 0a 26 ff ff ff ff 2a 26 ff ff ff ff   .&*& 
    4a 26 ff ff 00 00 00 ea ff 00 00 00 ff ff 6a 26   J&...๊...j& 
    ff ff ff ff 8a 26 ff ff ff ff aa 26 ff ff ff ff   &ช& 
    ca 26 ff ff ff ff ea 26 ff ff ff ff 00 00 00 b3   ส&๊&...ณ 
    ff 00 00 00 0a 27 ff ff ff ff 2a 27 ff ff ff ff   ....'*' 
    4a 27 ff ff ff ff 6a 27 ff ff ff ff 8a 27 ff ff   J'j'' 
    ff ff aa 27 00 00 00 df ff 00 00 00 ff ff ff ff   ช'...฿... 
    ca 27 ff ff ff ff ea 27 ff ff ff ff 0a 28 ff ff   ส'๊'.( 
    ff ff 2a 28 ff ff ff ff 4a 28 ff ff 00 00 00 9d   *(J(... 
    ff 00 00 00 ff ff 6a 28 ff ff ff ff 8a 28 ff ff   ...j(( 
    ff ff aa 28 ff ff ff ff ca 28 ff ff ff ff ea 28   ช(ส(๊( 
    ff ff ff ff 00 00 00 bd ff 02 00 00 0a 29 ff ff   ...ฝ....) 
    ff ff 2a 29 ff ff ff ff 4a 29 ff ff ff ff 6a 29   *)J)j) 
    ff ff ff ff 00 58 00 00 00 00 00 00 00 00 00 a5   .X.........ฅ 
[12/05/2026 14:27:58] Read data (COM11) 
    ff 01 00 02 23 00 c3 00 00 00 00 00 00 00 00 00   ...#.ร......... 
    00 00 00 00 00 00 00 00 00 00 00 00 00 00 00 00   ................ 
    00 00 00 00 f1 93 d1 af ff 02 01 02 00 00 e0 00   ....๑“ัฏ.....เ. 
    00 00 00 00 00 00 00 00 00 00 00 00 00 00 00 00   ................ 
    00 00 00 00 00 00 00 00 00 00 00 00 f1 93 d2 ae   ............๑“าฎ 
[12/05/2026 14:27:58] Written data (COM11) 
    ff 01 00 00 fc 00 c3 01 8a 29 ff ff ff ff aa 29   ....ร.)ช) 
    ff ff ff ff ca 29 ff ff ff ff ea 29 ff ff ff ff   ส)๊) 
    0a 2a ff ff 00 00 00 e0 ff 00 00 00 ff ff 2a 2a   .*...เ...** 
    ff ff ff ff 4a 2a ff ff ff ff 6a 2a ff ff ff ff   J*j* 
    8a 2a ff ff ff ff aa 2a ff ff ff ff 00 00 00 ff   *ช*... 
    ff 00 00 00 ca 2a ff ff ff ff ea 2a ff ff ff ff   ...ส*๊* 
    0a 2b ff ff ff ff 2a 2b ff ff ff ff 4a 2b ff ff   .+*+J+ 
    ff ff 6a 2b 00 00 00 df ff 00 00 00 ff ff ff ff   j+...฿... 
    8a 2b ff ff ff ff aa 2b ff ff ff ff ca 2b ff ff   +ช+ส+ 
    ff ff ea 2b ff ff ff ff 0b 0c 00 00 00 00 00 f8   ๊+.......๘ 
    ff 00 00 00 00 00 2b 0c 00 00 00 00 4b 0c 00 00   .....+.....K... 
    00 00 6b 0c 00 00 00 00 8b 0c 00 00 00 00 ab 0c   ..k..........ซ. 
    00 00 00 00 00 00 00 d8 ff 00 00 00 cb 0c 00 00   .......ุ...ห... 
    00 00 eb 0c 00 00 00 00 0b 0d 00 00 00 00 2b 0d   ..๋...........+. 
    00 00 00 00 4b 0d 00 00 00 00 6b 0d 00 00 00 df   ....K.....k....฿ 
    ff 00 00 00 00 00 00 00 8b 0d 00 00 00 00 ab 0d   ............ซ. 
    00 00 00 00 cb 0d 00 00 00 00 eb 0d 00 00 00 00   ....ห.....๋..... 
    0b 0e 00 00 00 00 00 fa ff 02 00 00 00 00 2b 0e   .......๚.....+. 
    00 00 00 00 4b 0e 00 00 00 00 6b 0e 00 00 00 00   ....K.....k..... 
    8b 0e 00 00 00 00 00 bb 00 00 00 00 00 00 00 c6   ......ป.......ฦ 
[12/05/2026 14:27:58] Read data (COM11) 
    ff 01 00 02 2e 00 c3 00 00 00 00 00 00 00 00 00   .....ร......... 
    00 00 00 00 00 00 00 00 00 00 00 00 00 00 00 00   ................ 
    00 00 00 00 f9 93 d3 a8 ff 02 01 02 00 00 00 00   ....๙“ำจ....... 
    00 00 00 00 00 00 00 00 00 ed 00 00 00 00 00 00   .........ํ...... 
    00 00 00 00 00 00 00 00 00 00 00 00 f9 93 d4 ad   ............๙“ิญ 
[12/05/2026 14:27:58] Written data (COM11) 
    ff 01 00 00 ba 00 c3 01 ab 0e 00 00 00 00 cb 0e   ...บ.ร.ซ.....ห. 
    00 00 00 00 eb 0e 00 00 00 00 0b 0f 00 00 00 00   ....๋........... 
    2b 0f 00 00 00 00 00 23 ff 00 00 00 00 00 4b 0f   +......#.....K. 
    00 00 00 00 6b 0f 00 00 00 00 8b 0f 00 00 00 00   ....k.......... 
    ab 0f 00 00 00 00 cb 0f 00 00 00 00 00 00 00 3b   ซ.....ห........; 
    ff 00 00 00 eb 0f 00 00 00 00 0b 10 00 00 00 00   ...๋........... 
    2b 10 00 00 00 00 4b 10 00 00 00 00 6b 10 00 00   +.....K.....k... 
    00 00 8b 10 00 00 00 80 ff 00 00 00 00 00 00 00   ......€....... 
    ab 10 00 00 00 00 cb 10 00 00 00 00 eb 10 00 00   ซ.....ห.....๋... 
    00 00 0b 11 00 00 00 00 2b 11 00 00 00 00 00 44   ........+......D 
    ff 00 00 00 00 00 4b 11 00 00 00 00 6b 11 00 00   .....K.....k... 
    00 00 8b 11 00 00 00 00 ab 11 00 00 00 00 cb 11   .......ซ.....ห. 
    00 00 00 00 00 00 00 25 ff 02 00 00 eb 11 00 00   .......%...๋... 
    00 00 0b 12 00 00 00 00 2b 12 00 00 00 00 4b 12   ........+.....K. 
    00 00 00 00 00 84 00 00 00 00 00 00 00 00 00 fa   ..............๚ 
[12/05/2026 14:27:58] Read data (COM11) 
    ff 01 00 02 23 00 c3 00 00 00 00 00 00 00 00 00   ...#.ร......... 
    00 00 00 00 00 00 00 00 00 00 00 00 00 00 00 00   ................ 
    00 00 00 00 fd 93 d5 a7 ff 02 01 02 00 00 e0 00   ....“ีง.....เ. 
    00 00 00 00 00 00 00 00 00 00 00 00 00 00 00 00   ................ 
    00 00 00 00 00 00 00 00 00 00 00 00 fd 93 d6 a6   ............“ึฆ 
[12/05/2026 14:27:58] Written data (COM11) 
    ff 01 00 00 fc 00 c3 01 6b 12 00 00 00 00 8b 12   ....ร.k...... 
    00 00 00 00 ab 12 00 00 00 00 cb 12 00 00 00 00   ....ซ.....ห..... 
    eb 12 00 00 00 00 00 b9 ff 00 00 00 00 00 0b 13   ๋......น....... 
    00 00 00 00 2b 13 00 00 00 00 4b 13 00 00 00 00   ....+.....K..... 
    6b 13 00 00 00 00 8b 13 00 00 00 00 00 00 00 67   k.............g 
    ff 00 00 00 ab 13 00 00 00 00 cb 13 00 00 00 00   ...ซ.....ห..... 
    eb 13 00 00 00 00 0b 14 00 00 00 00 2b 14 00 00   ๋...........+... 
    00 00 4b 14 00 00 00 18 ff 00 00 00 00 00 00 00   ..K............ 
    6b 14 00 00 00 00 8b 14 00 00 00 00 ab 14 00 00   k..........ซ... 
    00 00 cb 14 00 00 00 00 eb 14 00 00 00 00 00 80   ..ห.....๋......€ 
    ff 00 00 00 00 00 0b 15 00 00 00 00 2b 15 00 00   ...........+... 
    00 00 4b 15 00 00 00 00 6b 15 00 00 00 00 8b 15   ..K.....k...... 
    00 00 00 00 00 00 00 61 ff 00 00 00 ab 15 00 00   .......a...ซ... 
    00 00 cb 15 00 00 00 00 eb 15 00 00 00 00 0b 16   ..ห.....๋....... 
    00 00 00 00 2b 16 00 00 00 00 4b 16 00 00 00 1c   ....+.....K..... 
    ff 00 00 00 00 00 00 00 6b 16 00 00 00 00 8b 16   .......k...... 
    00 00 00 00 ab 16 00 00 00 00 cb 16 00 00 00 00   ....ซ.....ห..... 
    eb 16 00 00 00 00 00 82 ff 02 00 00 00 00 0b 17   ๋............. 
    00 00 00 00 2b 17 00 00 00 00 4b 17 00 00 00 00   ....+.....K..... 
    6b 17 00 00 00 00 00 47 00 00 00 00 00 00 00 ba   k......G.......บ 
[12/05/2026 14:27:58] Read data (COM11) 
    ff 01 00 02 2e 00 c3 00 00 00 00 00 00 00 00 00   .....ร......... 
    00 00 00 00 00 00 00 00 00 00 00 00 00 00 00 00   ................ 
    00 00 00 00 03 94 d7 51 ff 02 01 02 00 00 00 00   .....”ืQ....... 
    00 00 00 00 00 00 00 00 00 ed 00 00 00 00 00 00   .........ํ...... 
    00 00 00 00 00 00 00 00 00 00 00 00 03 94 d8 5c   .............”ุ\ 
[12/05/2026 14:27:58] Written data (COM11) 
    ff 01 00 00 ba 00 c3 01 8b 17 00 00 00 00 ab 17   ...บ.ร......ซ. 
    00 00 00 00 cb 17 00 00 00 00 eb 17 00 00 00 00   ....ห.....๋..... 
    0b 18 00 00 00 00 00 95 ff 00 00 00 00 00 2b 18   .......•.....+. 
    00 00 00 00 4b 18 00 00 00 00 6b 18 00 00 00 00   ....K.....k..... 
    8b 18 00 00 00 00 ab 18 00 00 00 00 00 00 00 cc   .....ซ........ฬ 
    ff 00 00 00 cb 18 00 00 00 00 eb 18 00 00 00 00   ...ห.....๋..... 
    0b 19 00 00 00 00 2b 19 00 00 00 00 4b 19 00 00   ......+.....K... 
    00 00 6b 19 00 00 00 df ff 00 00 00 00 00 00 00   ..k....฿....... 
    8b 19 00 00 00 00 ab 19 00 00 00 00 cb 19 00 00   .....ซ.....ห... 
    00 00 eb 19 00 00 00 00 0b 1a 00 00 00 00 00 ee   ..๋............๎ 
    ff 00 00 00 00 00 2b 1a 00 00 00 00 4b 1a 00 00   .....+.....K... 
    00 00 6b 1a 00 00 00 00 8b 1a 00 00 00 00 ab 1a   ..k..........ซ. 
    00 00 00 00 00 00 00 ce ff 02 00 00 cb 1a 00 00   .......ฮ...ห... 
    00 00 eb 1a 00 00 00 00 0b 1b 00 00 00 00 2b 1b   ..๋...........+. 
    00 00 00 00 00 58 00 00 00 00 00 00 00 00 00 a5   .....X.........ฅ 
[12/05/2026 14:27:58] Read data (COM11) 
    ff 01 00 02 23 00 c3 00 00 00 00 00 00 00 00 00   ...#.ร......... 
    00 00 00 00 00 00 00 00 00 00 00 00 00 00 00 00   ................ 
    00 00 00 00 07 94 d9 56 ff 02 01 02 00 00 e0 00   .....”ูV.....เ. 
    00 00 00 00 00 00 00 00 00 00 00 00 00 00 00 00   ................ 
    00 00 00 00 00 00 00 00 00 00 00 00 07 94 da 57   .............”ฺW 
[12/05/2026 14:27:58] Written data (COM11) 
    ff 01 00 00 fc 00 c3 01 4b 1b 00 00 00 00 6b 1b   ....ร.K.....k. 
    00 00 00 00 8b 1b 00 00 00 00 ab 1b 00 00 00 00   .........ซ..... 
    cb 1b 00 00 00 00 00 10 ff 00 00 00 00 00 eb 1b   ห............๋. 
    00 00 00 00 0b 1c 00 00 00 00 2b 1c 00 00 00 00   ..........+..... 
    4b 1c 00 00 00 00 6b 1c 00 00 00 00 00 00 00 0f   K.....k......... 
    ff 00 00 00 8b 1c 00 00 00 00 ab 1c 00 00 00 00   ........ซ..... 
    cb 1c 00 00 00 00 eb 1c 00 00 00 00 0b 1d 00 00   ห.....๋......... 
    00 00 2b 1d 00 00 00 df ff 00 00 00 00 00 00 00   ..+....฿....... 
    4b 1d 00 00 00 00 6b 1d 00 00 00 00 8b 1d 00 00   K.....k........ 
    00 00 ab 1d 00 00 00 00 cb 1d 00 00 00 00 00 29   ..ซ.....ห......) 
    ff 00 00 00 00 00 eb 1d 00 00 00 00 0b 1e 00 00   .....๋......... 
    00 00 2b 1e 00 00 00 00 4b 1e 00 00 00 00 6b 1e   ..+.....K.....k. 
    00 00 00 00 00 00 00 09 ff 00 00 00 8b 1e 00 00   .............. 
    00 00 ab 1e 00 00 00 00 cb 1e 00 00 00 00 eb 1e   ..ซ.....ห.....๋. 
    00 00 00 00 0b 1f 00 00 00 00 2b 1f 00 00 00 df   ..........+....฿ 
    ff 00 00 00 00 00 00 00 4b 1f 00 00 00 00 6b 1f   .......K.....k. 
    00 00 00 00 8b 1f 00 00 00 00 ab 1f 00 00 00 00   .........ซ..... 
    cb 1f 00 00 00 00 00 2b ff 02 00 00 00 00 eb 1f   ห......+.....๋. 
    00 00 00 00 0b 20 00 00 00 00 2b 20 00 00 00 00   ..... ....+ .... 
    4b 20 00 00 00 00 00 55 00 00 00 00 00 00 00 17   K .....U........ 
[12/05/2026 14:27:58] Read data (COM11) 
    ff 01 00 02 2e 00 c3 00 00 00 00 00 00 00 00 00   .....ร......... 
    00 00 00 00 00 00 00 00 00 00 00 00 00 00 00 00   ................ 
    00 00 00 00 0d 94 db 53 ff 02 01 02 00 00 00 00   .....”S....... 
    00 00 00 00 00 00 00 00 00 ed 00 00 00 00 00 00   .........ํ...... 
    00 00 00 00 00 00 00 00 00 00 00 00 0d 94 dc 56   .............”V 
[12/05/2026 14:27:58] Written data (COM11) 
    ff 01 00 00 ba 00 c3 01 6b 20 00 00 00 00 8b 20   ...บ.ร.k ....  
    00 00 00 00 ab 20 00 00 00 00 cb 20 00 00 00 00   ....ซ ....ห .... 
    eb 20 00 00 00 00 00 cd ff 00 00 00 00 00 0b 21   ๋ .....อ......! 
    00 00 00 00 2b 21 00 00 00 00 4b 21 00 00 00 00   ....+!....K!.... 
    6b 21 00 00 00 00 8b 21 00 00 00 00 00 00 00 55   k!....!.......U 
    ff 00 00 00 ab 21 00 00 00 00 cb 21 00 00 00 00   ...ซ!....ห!.... 
    eb 21 00 00 00 00 0b 22 00 00 00 00 2b 22 00 00   ๋!....."....+".. 
    00 00 4b 22 00 00 00 1c ff 00 00 00 00 00 00 00   ..K"........... 
    6b 22 00 00 00 00 8b 22 00 00 00 00 ab 22 00 00   k"...."....ซ".. 
    00 00 cb 22 00 00 00 00 eb 22 00 00 00 00 00 b6   ..ห"....๋".....ถ 
    ff 00 00 00 00 00 0b 23 00 00 00 00 2b 23 00 00   ......#....+#.. 
    00 00 4b 23 00 00 00 00 6b 23 00 00 00 00 8b 23   ..K#....k#....# 
    00 00 00 00 00 00 00 57 ff 02 00 00 ab 23 00 00   .......W...ซ#.. 
    00 00 cb 23 00 00 00 00 eb 23 00 00 00 00 0b 24   ..ห#....๋#.....$ 
    00 00 00 00 00 1c 00 00 00 00 00 00 00 00 00 66   ...............f 
[12/05/2026 14:27:58] Read data (COM11) 
    ff 01 00 02 23 00 c3 00 00 00 00 00 00 00 00 00   ...#.ร......... 
    00 00 00 00 00 00 00 00 00 00 00 00 00 00 00 00   ................ 
    00 00 00 00 11 94 dd 44 ff 02 01 02 00 00 e0 00   .....”D.....เ. 
    00 00 00 00 00 00 00 00 00 00 00 00 00 00 00 00   ................ 
    00 00 00 00 00 00 00 00 00 00 00 00 11 94 de 45   .............”E 
[12/05/2026 14:27:58] Written data (COM11) 
    ff 01 00 00 fc 00 c3 01 2b 24 00 00 00 00 4b 24   ....ร.+$....K$ 
    00 00 00 00 6b 24 00 00 00 00 8b 24 00 00 00 00   ....k$....$.... 
    ab 24 00 00 00 00 00 cf ff 00 00 00 00 00 cb 24   ซ$.....ฯ.....ห$ 
    00 00 00 00 eb 24 00 00 00 00 0b 25 00 00 00 00   ....๋$.....%.... 
    2b 25 00 00 00 00 4b 25 00 00 00 00 00 00 00 91   +%....K%.......‘ 
    ff 00 00 00 6b 25 00 00 00 00 8b 25 00 00 00 00   ...k%....%.... 
    ab 25 00 00 00 00 cb 25 00 00 00 00 eb 25 00 00   ซ%....ห%....๋%.. 
    00 00 0b 26 00 00 00 9c ff 00 00 00 00 00 00 00   ...&.......... 
    2b 26 00 00 00 00 4b 26 00 00 00 00 6b 26 00 00   +&....K&....k&.. 
    00 00 8b 26 00 00 00 00 ab 26 00 00 00 00 00 f2   ..&....ซ&.....๒ 
    ff 00 00 00 00 00 cb 26 00 00 00 00 eb 26 00 00   .....ห&....๋&.. 
    00 00 0b 27 00 00 00 00 2b 27 00 00 00 00 4b 27   ...'....+'....K' 
    00 00 00 00 00 00 00 93 ff 00 00 00 6b 27 00 00   .......“...k'.. 
    00 00 8b 27 00 00 00 00 ab 27 00 00 00 00 cb 27   ..'....ซ'....ห' 
    00 00 00 00 eb 27 00 00 00 00 0b 28 00 00 00 90   ....๋'.....(... 
    ff 00 00 00 00 00 00 00 2b 28 00 00 00 00 4b 28   .......+(....K( 
    00 00 00 00 6b 28 00 00 00 00 8b 28 00 00 00 00   ....k(....(.... 
    ab 28 00 00 00 00 00 fc ff 02 00 00 00 00 cb 28   ซ(..........ห( 
    00 00 00 00 eb 28 00 00 00 00 0b 29 00 00 00 00   ....๋(.....).... 
    2b 29 00 00 00 00 00 31 00 00 00 00 00 00 00 cc   +).....1.......ฬ 
[12/05/2026 14:27:58] Read data (COM11) 
    ff 01 00 02 2e 00 c3 00 00 00 00 00 00 00 00 00   .....ร......... 
    00 00 00 00 00 00 00 00 00 00 00 00 00 00 00 00   ................ 
    00 00 00 00 16 94 df 4c ff 02 01 02 00 00 00 00   .....”฿L....... 
    00 00 00 00 00 00 00 00 00 ed 00 00 00 00 00 00   .........ํ...... 
    00 00 00 00 00 00 00 00 00 00 00 00 16 94 e0 71   .............”เq 
[12/05/2026 14:27:58] Written data (COM11) 
    ff 01 00 00 ba 00 c3 01 4b 29 00 00 00 00 6b 29   ...บ.ร.K)....k) 
    00 00 00 00 8b 29 00 00 00 00 ab 29 00 00 00 00   ....)....ซ).... 
    cb 29 00 00 00 00 00 64 ff 00 00 00 00 00 eb 29   ห).....d.....๋) 
    00 00 00 00 0b 2a 00 00 00 00 2b 2a 00 00 00 00   .....*....+*.... 
    4b 2a 00 00 00 00 6b 2a 00 00 00 00 00 00 00 3d   K*....k*.......= 
    ff 00 00 00 8b 2a 00 00 00 00 ab 2a 00 00 00 00   ...*....ซ*.... 
    cb 2a 00 00 00 00 eb 2a 00 00 00 00 0b 2b 00 00   ห*....๋*.....+.. 
    00 00 2b 2b 00 00 00 df ff 00 00 00 00 00 00 00   ..++...฿....... 
    4b 2b 00 00 00 00 6b 2b 00 00 00 00 8b 2b 00 00   K+....k+....+.. 
    00 00 ab 2b 00 00 00 00 cb 2b 00 00 00 00 00 1f   ..ซ+....ห+...... 
    ff 00 00 00 00 00 eb 2b 00 00 00 00 0c 0c 00 00   .....๋+........ 
    00 00 2c 0c 00 00 00 00 4c 0c 00 00 00 00 6c 0c   ..,.....L.....l. 
    00 00 00 00 00 00 00 3f ff 02 00 00 8c 0c 00 00   .......?...... 
    00 00 ac 0c 00 00 00 00 cc 0c 00 00 00 00 ec 0c   ..ฌ.....ฬ.....์. 
    00 00 00 00 00 58 00 00 00 00 00 00 00 00 00 a5   .....X.........ฅ 
[12/05/2026 14:27:58] Read data (COM11) 
    ff 01 00 02 23 00 c3 00 00 00 00 00 00 00 00 00   ...#.ร......... 
    00 00 00 00 00 00 00 00 00 00 00 00 00 00 00 00   ................ 
    00 00 00 00 1a 94 e1 73 ff 02 01 02 00 00 e0 00   .....”แs.....เ. 
    00 00 00 00 00 00 00 00 00 00 00 00 00 00 00 00   ................ 
    00 00 00 00 00 00 00 00 00 00 00 00 1a 94 e2 72   .............”โr 
[12/05/2026 14:27:58] Written data (COM11) 
    ff 01 00 00 fc 00 c3 01 0c 0d 00 00 00 00 2c 0d   ....ร.......,. 
    00 00 00 00 4c 0d 00 00 00 00 6c 0d 00 00 00 00   ....L.....l..... 
    8c 0d 00 00 00 00 00 41 ff 00 00 00 00 00 ac 0d   ......A.....ฌ. 
    00 00 00 00 cc 0d 00 00 00 00 ec 0d 00 00 00 00   ....ฬ.....์..... 
    0c 0e 00 00 00 00 2c 0e 00 00 00 00 00 00 00 5e   ......,........^ 
    ff 00 00 00 4c 0e 00 00 00 00 6c 0e 00 00 00 00   ...L.....l..... 
    8c 0e 00 00 00 00 ac 0e 00 00 00 00 cc 0e 00 00   .....ฌ.....ฬ... 
    00 00 ec 0e 00 00 00 df ff 00 00 00 00 00 00 00   ..์....฿....... 
    0c 0f 00 00 00 00 2c 0f 00 00 00 00 4c 0f 00 00   ......,.....L... 
    00 00 6c 0f 00 00 00 00 8c 0f 00 00 00 00 00 7c   ..l...........| 
    ff 00 00 00 00 00 ac 0f 00 00 00 00 cc 0f 00 00   .....ฌ.....ฬ... 
    00 00 ec 0f 00 00 00 00 0c 10 00 00 00 00 2c 10   ..์...........,. 
    00 00 00 00 00 00 00 5c ff 00 00 00 4c 10 00 00   .......\...L... 
    00 00 6c 10 00 00 00 00 8c 10 00 00 00 00 ac 10   ..l..........ฌ. 
    00 00 00 00 cc 10 00 00 00 00 ec 10 00 00 00 df   ....ฬ.....์....฿ 
    ff 00 00 00 00 00 00 00 0c 11 00 00 00 00 2c 11   .............,. 
    00 00 00 00 4c 11 00 00 00 00 6c 11 00 00 00 00   ....L.....l..... 
    8c 11 00 00 00 00 00 62 ff 02 00 00 00 00 ac 11   ......b.....ฌ. 
    00 00 00 00 cc 11 00 00 00 00 ec 11 00 00 00 00   ....ฬ.....์..... 
    0c 12 00 00 00 00 00 20 00 00 00 00 00 00 00 5e   ....... .......^ 
[12/05/2026 14:27:58] Read data (COM11) 
    ff 01 00 02 2e 00 c3 00 00 00 00 00 00 00 00 00   .....ร......... 
    00 00 00 00 00 00 00 00 00 00 00 00 00 00 00 00   ................ 
    00 00 00 00 20 94 e3 46 ff 02 01 02 00 00 00 00   .... ”ใF....... 
    00 00 00 00 00 00 00 00 00 ed 00 00 00 00 00 00   .........ํ...... 
    00 00 00 00 00 00 00 00 00 00 00 00 20 94 e4 43   ............ ”ไC 
[12/05/2026 14:27:58] Written data (COM11) 
    ff 01 00 00 ba 00 c3 01 2c 12 00 00 00 00 4c 12   ...บ.ร.,.....L. 
    00 00 00 00 6c 12 00 00 00 00 8c 12 00 00 00 00   ....l.......... 
    ac 12 00 00 00 00 00 b8 ff 00 00 00 00 00 cc 12   ฌ......ธ.....ฬ. 
    00 00 00 00 ec 12 00 00 00 00 0c 13 00 00 00 00   ....์........... 
    2c 13 00 00 00 00 4c 13 00 00 00 00 00 00 00 a0   ,.....L........  
    ff 00 00 00 6c 13 00 00 00 00 8c 13 00 00 00 00   ...l.......... 
    ac 13 00 00 00 00 cc 13 00 00 00 00 ec 13 00 00   ฌ.....ฬ.....์... 
    00 00 0c 14 00 00 00 98 ff 00 00 00 00 00 00 00   .............. 
    2c 14 00 00 00 00 4c 14 00 00 00 00 6c 14 00 00   ,.....L.....l... 
    00 00 8c 14 00 00 00 00 ac 14 00 00 00 00 00 c7   .......ฌ......ว 
    ff 00 00 00 00 00 cc 14 00 00 00 00 ec 14 00 00   .....ฬ.....์... 
    00 00 0c 15 00 00 00 00 2c 15 00 00 00 00 4c 15   ........,.....L. 
    00 00 00 00 00 00 00 a6 ff 02 00 00 6c 15 00 00   .......ฆ...l... 
    00 00 8c 15 00 00 00 00 ac 15 00 00 00 00 cc 15   .......ฌ.....ฬ. 
    00 00 00 00 00 9f 00 00 00 00 00 00 00 00 00 e2   ..............โ 
[12/05/2026 14:27:58] Read data (COM11) 
    ff 01 00 02 23 00 c3 00 00 00 00 00 00 00 00 00   ...#.ร......... 
    00 00 00 00 00 00 00 00 00 00 00 00 00 00 00 00   ................ 
    00 00 00 00 23 94 e5 4e ff 02 01 02 00 00 e0 00   ....#”ๅN.....เ. 
    00 00 00 00 00 00 00 00 00 00 00 00 00 00 00 00   ................ 
    00 00 00 00 00 00 00 00 00 00 00 00 23 94 e6 4f   ............#”ๆO 
[12/05/2026 14:27:58] Written data (COM11) 
    ff 01 00 00 fc 00 c3 01 ec 15 00 00 00 00 0c 16   ....ร.์....... 
    00 00 00 00 2c 16 00 00 00 00 4c 16 00 00 00 00   ....,.....L..... 
    6c 16 00 00 00 00 00 39 ff 00 00 00 00 00 8c 16   l......9...... 
    00 00 00 00 ac 16 00 00 00 00 cc 16 00 00 00 00   ....ฌ.....ฬ..... 
    ec 16 00 00 00 00 0c 17 00 00 00 00 00 00 00 e4   ์..............ไ 
    ff 00 00 00 2c 17 00 00 00 00 4c 17 00 00 00 00   ...,.....L..... 
    6c 17 00 00 00 00 8c 17 00 00 00 00 ac 17 00 00   l..........ฌ... 
    00 00 cc 17 00 00 00 1f ff 00 00 00 00 00 00 00   ..ฬ............ 
    ec 17 00 00 00 00 0c 18 00 00 00 00 2c 18 00 00   ์...........,... 
    00 00 4c 18 00 00 00 00 6c 18 00 00 00 00 00 04   ..L.....l....... 
    ff 00 00 00 00 00 8c 18 00 00 00 00 ac 18 00 00   ..........ฌ... 
    00 00 cc 18 00 00 00 00 ec 18 00 00 00 00 0c 19   ..ฬ.....์....... 
    00 00 00 00 00 00 00 ea ff 00 00 00 2c 19 00 00   .......๊...,... 
    00 00 4c 19 00 00 00 00 6c 19 00 00 00 00 8c 19   ..L.....l...... 
    00 00 00 00 ac 19 00 00 00 00 cc 19 00 00 00 1f   ....ฌ.....ฬ..... 
    ff 00 00 00 00 00 00 00 ec 19 00 00 00 00 0c 1a   .......์....... 
    00 00 00 00 2c 1a 00 00 00 00 4c 1a 00 00 00 00   ....,.....L..... 
    6c 1a 00 00 00 00 00 0a ff 02 00 00 00 00 8c 1a   l............. 
    00 00 00 00 ac 1a 00 00 00 00 cc 1a 00 00 00 00   ....ฌ.....ฬ..... 
    ec 1a 00 00 00 00 00 c7 00 00 00 00 00 00 00 3a   ์......ว.......: 
[12/05/2026 14:27:58] Read data (COM11) 
    ff 01 00 02 2e 00 c3 00 00 00 00 00 00 00 00 00   .....ร......... 
    00 00 00 00 00 00 00 00 00 00 00 00 00 00 00 00   ................ 
    00 00 00 00 29 94 e7 4b ff 02 01 02 00 00 00 00   ....)”็K....... 
    00 00 00 00 00 00 00 00 00 ed 00 00 00 00 00 00   .........ํ...... 
    00 00 00 00 00 00 00 00 00 00 00 00 29 94 e8 46   ............)”่F 
[12/05/2026 14:27:58] Written data (COM11) 
    ff 01 00 00 ba 00 c3 01 0c 1b 00 00 00 00 2c 1b   ...บ.ร.......,. 
    00 00 00 00 4c 1b 00 00 00 00 6c 1b 00 00 00 00   ....L.....l..... 
    8c 1b 00 00 00 00 00 11 ff 00 00 00 00 00 ac 1b   ............ฌ. 
    00 00 00 00 cc 1b 00 00 00 00 ec 1b 00 00 00 00   ....ฬ.....์..... 
    0c 1c 00 00 00 00 2c 1c 00 00 00 00 00 00 00 48   ......,........H 
    ff 00 00 00 4c 1c 00 00 00 00 6c 1c 00 00 00 00   ...L.....l..... 
    8c 1c 00 00 00 00 ac 1c 00 00 00 00 cc 1c 00 00   .....ฌ.....ฬ... 
    00 00 ec 1c 00 00 00 df ff 00 00 00 00 00 00 00   ..์....฿....... 
    0c 1d 00 00 00 00 2c 1d 00 00 00 00 4c 1d 00 00   ......,.....L... 
    00 00 6c 1d 00 00 00 00 8c 1d 00 00 00 00 00 6e   ..l...........n 
    ff 00 00 00 00 00 ac 1d 00 00 00 00 cc 1d 00 00   .....ฌ.....ฬ... 
    00 00 ec 1d 00 00 00 00 0c 1e 00 00 00 00 2c 1e   ..์...........,. 
    00 00 00 00 00 00 00 4e ff 02 00 00 4c 1e 00 00   .......N...L... 
    00 00 6c 1e 00 00 00 00 8c 1e 00 00 00 00 ac 1e   ..l..........ฌ. 
    00 00 00 00 00 58 00 00 00 00 00 00 00 00 00 a5   .....X.........ฅ 
[12/05/2026 14:27:58] Read data (COM11) 
    ff 01 00 02 23 00 c3 00 00 00 00 00 00 00 00 00   ...#.ร......... 
    00 00 00 00 00 00 00 00 00 00 00 00 00 00 00 00   ................ 
    00 00 00 00 2c 94 e9 4d ff 02 01 02 00 00 e0 00   ....,”้M.....เ. 
    00 00 00 00 00 00 00 00 00 00 00 00 00 00 00 00   ................ 
    00 00 00 00 00 00 00 00 00 00 00 00 2c 94 ea 4c   ............,”๊L 
[12/05/2026 14:27:58] Written data (COM11) 
    ff 01 00 00 fc 00 c3 01 cc 1e 00 00 00 00 ec 1e   ....ร.ฬ.....์. 
    00 00 00 00 0c 1f 00 00 00 00 2c 1f 00 00 00 00   ..........,..... 
    4c 1f 00 00 00 00 00 93 ff 00 00 00 00 00 6c 1f   L......“.....l. 
    00 00 00 00 8c 1f 00 00 00 00 ac 1f 00 00 00 00   .........ฌ..... 
    cc 1f 00 00 00 00 ec 1f 00 00 00 00 00 00 00 8c   ฬ.....์........ 
    ff 00 00 00 0c 20 00 00 00 00 2c 20 00 00 00 00   .... ...., .... 
    4c 20 00 00 00 00 6c 20 00 00 00 00 8c 20 00 00   L ....l .... .. 
    00 00 ac 20 00 00 00 df ff 00 00 00 00 00 00 00   ..ฌ ...฿....... 
    cc 20 00 00 00 00 ec 20 00 00 00 00 0c 21 00 00   ฬ ....์ .....!.. 
    00 00 2c 21 00 00 00 00 4c 21 00 00 00 00 00 92   ..,!....L!.....’ 
    ff 00 00 00 00 00 6c 21 00 00 00 00 8c 21 00 00   .....l!....!.. 
    00 00 ac 21 00 00 00 00 cc 21 00 00 00 00 ec 21   ..ฌ!....ฬ!....์! 
    00 00 00 00 00 00 00 b2 ff 00 00 00 0c 22 00 00   .......ฒ....".. 
    00 00 2c 22 00 00 00 00 4c 22 00 00 00 00 6c 22   ..,"....L"....l" 
    00 00 00 00 8c 22 00 00 00 00 ac 22 00 00 00 df   ...."....ฌ"...฿ 
    ff 00 00 00 00 00 00 00 cc 22 00 00 00 00 ec 22   .......ฬ"....์" 
    00 00 00 00 0c 23 00 00 00 00 2c 23 00 00 00 00   .....#....,#.... 
    4c 23 00 00 00 00 00 90 ff 02 00 00 00 00 6c 23   L#..........l# 
    00 00 00 00 8c 23 00 00 00 00 ac 23 00 00 00 00   ....#....ฌ#.... 
    cc 23 00 00 00 00 00 d1 00 00 00 00 00 00 00 ac   ฬ#.....ั.......ฌ 
[12/05/2026 14:27:58] Read data (COM11) 
    ff 01 00 02 2e 00 c3 00 00 00 00 00 00 00 00 00   .....ร......... 
    00 00 00 00 00 00 00 00 00 00 00 00 00 00 00 00   ................ 
    00 00 00 00 33 94 eb 5d ff 02 01 02 00 00 00 00   ....3”๋]....... 
    00 00 00 00 00 00 00 00 00 ed 00 00 00 00 00 00   .........ํ...... 
    00 00 00 00 00 00 00 00 00 00 00 00 33 94 ec 58   ............3”์X 
[12/05/2026 14:27:58] Written data (COM11) 
    ff 01 00 00 ba 00 c3 01 ec 23 00 00 00 00 0c 24   ...บ.ร.์#.....$ 
    00 00 00 00 2c 24 00 00 00 00 4c 24 00 00 00 00   ....,$....L$.... 
    6c 24 00 00 00 00 00 49 ff 00 00 00 00 00 8c 24   l$.....I.....$ 
    00 00 00 00 ac 24 00 00 00 00 cc 24 00 00 00 00   ....ฌ$....ฬ$.... 
    ec 24 00 00 00 00 0c 25 00 00 00 00 00 00 00 d6   ์$.....%.......ึ 
    ff 00 00 00 2c 25 00 00 00 00 4c 25 00 00 00 00   ...,%....L%.... 
    6c 25 00 00 00 00 8c 25 00 00 00 00 ac 25 00 00   l%....%....ฌ%.. 
    00 00 cc 25 00 00 00 1f ff 00 00 00 00 00 00 00   ..ฬ%........... 
    ec 25 00 00 00 00 0c 26 00 00 00 00 2c 26 00 00   ์%.....&....,&.. 
    00 00 4c 26 00 00 00 00 6c 26 00 00 00 00 00 36   ..L&....l&.....6 
    ff 00 00 00 00 00 8c 26 00 00 00 00 ac 26 00 00   .....&....ฌ&.. 
    00 00 cc 26 00 00 00 00 ec 26 00 00 00 00 0c 27   ..ฬ&....์&.....' 
    00 00 00 00 00 00 00 d4 ff 02 00 00 2c 27 00 00   .......ิ...,'.. 
    00 00 4c 27 00 00 00 00 6c 27 00 00 00 00 8c 27   ..L'....l'....' 
    00 00 00 00 00 1c 00 00 00 00 00 00 00 00 00 61   ...............a 
[12/05/2026 14:27:58] Read data (COM11) 
    ff 01 00 02 23 00 c3 00 00 00 00 00 00 00 00 00   ...#.ร......... 
    00 00 00 00 00 00 00 00 00 00 00 00 00 00 00 00   ................ 
    00 00 00 00 36 94 ed 53 ff 02 01 02 00 00 e0 00   ....6”ํS.....เ. 
    00 00 00 00 00 00 00 00 00 00 00 00 00 00 00 00   ................ 
    00 00 00 00 00 00 00 00 00 00 00 00 36 94 ee 52   ............6”๎R 
[12/05/2026 14:27:58] Written data (COM11) 
    ff 01 00 00 fc 00 c3 01 ac 27 00 00 00 00 cc 27   ....ร.ฌ'....ฬ' 
    00 00 00 00 ec 27 00 00 00 00 0c 28 00 00 00 00   ....์'.....(.... 
    2c 28 00 00 00 00 00 4b ff 00 00 00 00 00 4c 28   ,(.....K.....L( 
    00 00 00 00 6c 28 00 00 00 00 8c 28 00 00 00 00   ....l(....(.... 
    ac 28 00 00 00 00 cc 28 00 00 00 00 00 00 00 1b   ฌ(....ฬ(........ 
    ff 00 00 00 ec 28 00 00 00 00 0c 29 00 00 00 00   ...์(.....).... 
    2c 29 00 00 00 00 4c 29 00 00 00 00 6c 29 00 00   ,)....L)....l).. 
    00 00 8c 29 00 00 00 9e ff 00 00 00 00 00 00 00   ..).......... 
    ac 29 00 00 00 00 cc 29 00 00 00 00 ec 29 00 00   ฌ)....ฬ)....์).. 
    00 00 0c 2a 00 00 00 00 2c 2a 00 00 00 00 00 7a   ...*....,*.....z 
    ff 00 00 00 00 00 4c 2a 00 00 00 00 6c 2a 00 00   .....L*....l*.. 
    00 00 8c 2a 00 00 00 00 ac 2a 00 00 00 00 cc 2a   ..*....ฌ*....ฬ* 
    00 00 00 00 00 00 00 19 ff 00 00 00 ec 2a 00 00   ...........์*.. 
    00 00 0c 2b 00 00 00 00 2c 2b 00 00 00 00 4c 2b   ...+....,+....L+ 
    00 00 00 00 6c 2b 00 00 00 00 8c 2b 00 00 00 9e   ....l+....+... 
    ff 00 00 00 00 00 00 00 ac 2b 00 00 00 00 cc 2b   .......ฌ+....ฬ+ 
    00 00 00 00 ec 2b 00 00 00 00 0d 0c 00 00 00 00   ....์+.......... 
    2d 0c 00 00 00 00 00 78 ff 02 00 00 00 00 4d 0c   -......x.....M. 
    00 00 00 00 6d 0c 00 00 00 00 8d 0c 00 00 00 00   ....m.......... 
    ad 0c 00 00 00 00 00 b5 00 00 00 00 00 00 00 48   ญ......ต.......H 
[12/05/2026 14:27:58] Read data (COM11) 
    ff 01 00 02 2e 00 c3 00 00 00 00 00 00 00 00 00   .....ร......... 
    00 00 00 00 00 00 00 00 00 00 00 00 00 00 00 00   ................ 
    00 00 00 00 3b 94 ef 51 ff 02 01 02 00 00 00 00   ....;”๏Q....... 
    00 00 00 00 00 00 00 00 00 ed 00 00 00 00 00 00   .........ํ...... 
    00 00 00 00 00 00 00 00 00 00 00 00 3b 94 f0 4c   ............;”๐L 
[12/05/2026 14:27:59] Written data (COM11) 
    ff 01 00 00 ba 00 c3 01 cd 0c 00 00 00 00 ed 0c   ...บ.ร.อ.....ํ. 
    00 00 00 00 0d 0d 00 00 00 00 2d 0d 00 00 00 00   ..........-..... 
    4d 0d 00 00 00 00 00 c6 ff 00 00 00 00 00 6d 0d   M......ฦ.....m. 
    00 00 00 00 8d 0d 00 00 00 00 ad 0d 00 00 00 00   .........ญ..... 
    cd 0d 00 00 00 00 ed 0d 00 00 00 00 00 00 00 9f   อ.....ํ........ 
    ff 00 00 00 0d 0e 00 00 00 00 2d 0e 00 00 00 00   .........-..... 
    4d 0e 00 00 00 00 6d 0e 00 00 00 00 8d 0e 00 00   M.....m........ 
    00 00 ad 0e 00 00 00 df ff 00 00 00 00 00 00 00   ..ญ....฿....... 
    cd 0e 00 00 00 00 ed 0e 00 00 00 00 0d 0f 00 00   อ.....ํ......... 
    00 00 2d 0f 00 00 00 00 4d 0f 00 00 00 00 00 bd   ..-.....M......ฝ 
    ff 00 00 00 00 00 6d 0f 00 00 00 00 8d 0f 00 00   .....m........ 
    00 00 ad 0f 00 00 00 00 cd 0f 00 00 00 00 ed 0f   ..ญ.....อ.....ํ. 
    00 00 00 00 00 00 00 9d ff 02 00 00 0d 10 00 00   .............. 
    00 00 2d 10 00 00 00 00 4d 10 00 00 00 00 6d 10   ..-.....M.....m. 
    00 00 00 00 00 58 00 00 00 00 00 00 00 00 00 a5   .....X.........ฅ 
[12/05/2026 14:27:59] Read data (COM11) 
    ff 01 00 02 23 00 c3 00 00 00 00 00 00 00 00 00   ...#.ร......... 
    00 00 00 00 00 00 00 00 00 00 00 00 00 00 00 00   ................ 
    00 00 00 00 3f 94 f1 46 ff 02 01 02 00 00 e0 00   ....?”๑F.....เ. 
    00 00 00 00 00 00 00 00 00 00 00 00 00 00 00 00   ................ 
    00 00 00 00 00 00 00 00 00 00 00 00 3f 94 f2 47   ............?”๒G 
[12/05/2026 14:27:59] Written data (COM11) 
    ff 01 00 00 fc 00 c3 01 8d 10 00 00 00 00 ad 10   ....ร......ญ. 
    00 00 00 00 cd 10 00 00 00 00 ed 10 00 00 00 00   ....อ.....ํ..... 
    0d 11 00 00 00 00 00 dc ff 00 00 00 00 00 2d 11   ............-. 
    00 00 00 00 4d 11 00 00 00 00 6d 11 00 00 00 00   ....M.....m..... 
    8d 11 00 00 00 00 ad 11 00 00 00 00 00 00 00 c3   .....ญ........ร 
    ff 00 00 00 cd 11 00 00 00 00 ed 11 00 00 00 00   ...อ.....ํ..... 
    0d 12 00 00 00 00 2d 12 00 00 00 00 4d 12 00 00   ......-.....M... 
    00 00 6d 12 00 00 00 df ff 00 00 00 00 00 00 00   ..m....฿....... 
    8d 12 00 00 00 00 ad 12 00 00 00 00 cd 12 00 00   .....ญ.....อ... 
    00 00 ed 12 00 00 00 00 0d 13 00 00 00 00 00 e1   ..ํ............แ 
    ff 00 00 00 00 00 2d 13 00 00 00 00 4d 13 00 00   .....-.....M... 
    00 00 6d 13 00 00 00 00 8d 13 00 00 00 00 ad 13   ..m..........ญ. 
    00 00 00 00 00 00 00 c1 ff 00 00 00 cd 13 00 00   .......ม...อ... 
    00 00 ed 13 00 00 00 00 0d 14 00 00 00 00 2d 14   ..ํ...........-. 
    00 00 00 00 4d 14 00 00 00 00 6d 14 00 00 00 df   ....M.....m....฿ 
    ff 00 00 00 00 00 00 00 8d 14 00 00 00 00 ad 14   ............ญ. 
    00 00 00 00 cd 14 00 00 00 00 ed 14 00 00 00 00   ....อ.....ํ..... 
    0d 15 00 00 00 00 00 e7 ff 02 00 00 00 00 2d 15   .......็.....-. 
    00 00 00 00 4d 15 00 00 00 00 6d 15 00 00 00 00   ....M.....m..... 
    8d 15 00 00 00 00 00 a6 00 00 00 00 00 00 00 db   ......ฆ....... 
[12/05/2026 14:27:59] Read data (COM11) 
    ff 01 00 02 2e 00 c3 00 00 00 00 00 00 00 00 00   .....ร......... 
    00 00 00 00 00 00 00 00 00 00 00 00 00 00 00 00   ................ 
    00 00 00 00 45 94 f3 33 ff 02 01 02 00 00 00 00   ....E”๓3....... 
    00 00 00 00 00 00 00 00 00 ed 00 00 00 00 00 00   .........ํ...... 
    00 00 00 00 00 00 00 00 00 00 00 00 45 94 f4 36   ............E”๔6 
[12/05/2026 14:27:59] Written data (COM11) 
    ff 01 00 00 ba 00 c3 01 ad 15 00 00 00 00 cd 15   ...บ.ร.ญ.....อ. 
    00 00 00 00 ed 15 00 00 00 00 0d 16 00 00 00 00   ....ํ........... 
    2d 16 00 00 00 00 00 3e ff 00 00 00 00 00 4d 16   -......>.....M. 
    00 00 00 00 6d 16 00 00 00 00 8d 16 00 00 00 00   ....m.......... 
    ad 16 00 00 00 00 cd 16 00 00 00 00 00 00 00 24   ญ.....อ........$ 
    ff 00 00 00 ed 16 00 00 00 00 0d 17 00 00 00 00   ...ํ........... 
    2d 17 00 00 00 00 4d 17 00 00 00 00 6d 17 00 00   -.....M.....m... 
    00 00 8d 17 00 00 00 9e ff 00 00 00 00 00 00 00   ............. 
    ad 17 00 00 00 00 cd 17 00 00 00 00 ed 17 00 00   ญ.....อ.....ํ... 
    00 00 0d 18 00 00 00 00 2d 18 00 00 00 00 00 45   ........-......E 
    ff 00 00 00 00 00 4d 18 00 00 00 00 6d 18 00 00   .....M.....m... 
    00 00 8d 18 00 00 00 00 ad 18 00 00 00 00 cd 18   .......ญ.....อ. 
    00 00 00 00 00 00 00 2a ff 02 00 00 ed 18 00 00   .......*...ํ... 
    00 00 0d 19 00 00 00 00 2d 19 00 00 00 00 4d 19   ........-.....M. 
    00 00 00 00 00 94 00 00 00 00 00 00 00 00 00 e8   .....”.........่ 
[12/05/2026 14:27:59] Read data (COM11) 
    ff 01 00 02 23 00 c3 00 00 00 00 00 00 00 00 00   ...#.ร......... 
    00 00 00 00 00 00 00 00 00 00 00 00 00 00 00 00   ................ 
    00 00 00 00 48 94 f5 35 ff 02 01 02 00 00 e0 00   ....H”๕5.....เ. 
    00 00 00 00 00 00 00 00 00 00 00 00 00 00 00 00   ................ 
    00 00 00 00 00 00 00 00 00 00 00 00 48 94 f6 34   ............H”๖4 
[12/05/2026 14:27:59] Written data (COM11) 
    ff 01 00 00 fc 00 c3 01 6d 19 00 00 00 00 8d 19   ....ร.m...... 
    00 00 00 00 ad 19 00 00 00 00 cd 19 00 00 00 00   ....ญ.....อ..... 
    ed 19 00 00 00 00 00 b4 ff 00 00 00 00 00 0d 1a   ํ......ด....... 
    00 00 00 00 2d 1a 00 00 00 00 4d 1a 00 00 00 00   ....-.....M..... 
    6d 1a 00 00 00 00 8d 1a 00 00 00 00 00 00 00 68   m.............h 
    ff 00 00 00 ad 1a 00 00 00 00 cd 1a 00 00 00 00   ...ญ.....อ..... 
    ed 1a 00 00 00 00 0d 1b 00 00 00 00 2d 1b 00 00   ํ...........-... 
    00 00 4d 1b 00 00 00 1e ff 00 00 00 00 00 00 00   ..M............ 
    6d 1b 00 00 00 00 8d 1b 00 00 00 00 ad 1b 00 00   m..........ญ... 
    00 00 cd 1b 00 00 00 00 ed 1b 00 00 00 00 00 89   ..อ.....ํ...... 
    ff 00 00 00 00 00 0d 1c 00 00 00 00 2d 1c 00 00   ...........-... 
    00 00 4d 1c 00 00 00 00 6d 1c 00 00 00 00 8d 1c   ..M.....m...... 
    00 00 00 00 00 00 00 6e ff 00 00 00 ad 1c 00 00   .......n...ญ... 
    00 00 cd 1c 00 00 00 00 ed 1c 00 00 00 00 0d 1d   ..อ.....ํ....... 
    00 00 00 00 2d 1d 00 00 00 00 4d 1d 00 00 00 1e   ....-.....M..... 
    ff 00 00 00 00 00 00 00 6d 1d 00 00 00 00 8d 1d   .......m...... 
    00 00 00 00 ad 1d 00 00 00 00 cd 1d 00 00 00 00   ....ญ.....อ..... 
    ed 1d 00 00 00 00 00 8f ff 02 00 00 00 00 0d 1e   ํ............. 
    00 00 00 00 2d 1e 00 00 00 00 4d 1e 00 00 00 00   ....-.....M..... 
    6d 1e 00 00 00 00 00 4a 00 00 00 00 00 00 00 b7   m......J.......ท 
[12/05/2026 14:27:59] Read data (COM11) 
    ff 01 00 02 2e 00 c3 00 00 00 00 00 00 00 00 00   .....ร......... 
    00 00 00 00 00 00 00 00 00 00 00 00 00 00 00 00   ................ 
    00 00 00 00 4f 94 f7 3d ff 02 01 02 00 00 00 00   ....O”๗=....... 
    00 00 00 00 00 00 00 00 00 ed 00 00 00 00 00 00   .........ํ...... 
    00 00 00 00 00 00 00 00 00 00 00 00 4f 94 f8 30   ............O”๘0 
[12/05/2026 14:27:59] Written data (COM11) 
    ff 01 00 00 ba 00 c3 01 8d 1e 00 00 00 00 ad 1e   ...บ.ร......ญ. 
    00 00 00 00 cd 1e 00 00 00 00 ed 1e 00 00 00 00   ....อ.....ํ..... 
    0d 1f 00 00 00 00 00 94 ff 00 00 00 00 00 2d 1f   .......”.....-. 
    00 00 00 00 4d 1f 00 00 00 00 6d 1f 00 00 00 00   ....M.....m..... 
    8d 1f 00 00 00 00 ad 1f 00 00 00 00 00 00 00 cd   .....ญ........อ 
    ff 00 00 00 cd 1f 00 00 00 00 ed 1f 00 00 00 00   ...อ.....ํ..... 
    0d 20 00 00 00 00 2d 20 00 00 00 00 4d 20 00 00   . ....- ....M .. 
    00 00 6d 20 00 00 00 df ff 00 00 00 00 00 00 00   ..m ...฿....... 
    8d 20 00 00 00 00 ad 20 00 00 00 00 cd 20 00 00    ....ญ ....อ .. 
    00 00 ed 20 00 00 00 00 0d 21 00 00 00 00 00 d3   ..ํ .....!.....ำ 
    ff 00 00 00 00 00 2d 21 00 00 00 00 4d 21 00 00   .....-!....M!.. 
    00 00 6d 21 00 00 00 00 8d 21 00 00 00 00 ad 21   ..m!....!....ญ! 
    00 00 00 00 00 00 00 f3 ff 02 00 00 cd 21 00 00   .......๓...อ!.. 
    00 00 ed 21 00 00 00 00 0d 22 00 00 00 00 2d 22   ..ํ!....."....-" 
    00 00 00 00 00 58 00 00 00 00 00 00 00 00 00 a5   .....X.........ฅ 
[12/05/2026 14:27:59] Read data (COM11) 
    ff 01 00 02 23 00 c3 00 00 00 00 00 00 00 00 00   ...#.ร......... 
    00 00 00 00 00 00 00 00 00 00 00 00 00 00 00 00   ................ 
    00 00 00 00 53 94 f9 22 ff 02 01 02 00 00 e0 00   ....S”๙".....เ. 
    00 00 00 00 00 00 00 00 00 00 00 00 00 00 00 00   ................ 
    00 00 00 00 00 00 00 00 00 00 00 00 53 94 fa 23   ............S”๚# 
[12/05/2026 14:27:59] Written data (COM11) 
    ff 01 00 00 fc 00 c3 01 4d 22 00 00 00 00 6d 22   ....ร.M"....m" 
    00 00 00 00 8d 22 00 00 00 00 ad 22 00 00 00 00   ...."....ญ".... 
    cd 22 00 00 00 00 00 2f ff 00 00 00 00 00 ed 22   อ"...../.....ํ" 
    00 00 00 00 0d 23 00 00 00 00 2d 23 00 00 00 00   .....#....-#.... 
    4d 23 00 00 00 00 6d 23 00 00 00 00 00 00 00 30   M#....m#.......0 
    ff 00 00 00 8d 23 00 00 00 00 ad 23 00 00 00 00   ...#....ญ#.... 
    cd 23 00 00 00 00 ed 23 00 00 00 00 0d 24 00 00   อ#....ํ#.....$.. 
    00 00 2d 24 00 00 00 df ff 00 00 00 00 00 00 00   ..-$...฿....... 
    4d 24 00 00 00 00 6d 24 00 00 00 00 8d 24 00 00   M$....m$....$.. 
    00 00 ad 24 00 00 00 00 cd 24 00 00 00 00 00 16   ..ญ$....อ$...... 
    ff 00 00 00 00 00 ed 24 00 00 00 00 0d 25 00 00   .....ํ$.....%.. 
    00 00 2d 25 00 00 00 00 4d 25 00 00 00 00 6d 25   ..-%....M%....m% 
    00 00 00 00 00 00 00 36 ff 00 00 00 8d 25 00 00   .......6...%.. 
    00 00 ad 25 00 00 00 00 cd 25 00 00 00 00 ed 25   ..ญ%....อ%....ํ% 
    00 00 00 00 0d 26 00 00 00 00 2d 26 00 00 00 df   .....&....-&...฿ 
    ff 00 00 00 00 00 00 00 4d 26 00 00 00 00 6d 26   .......M&....m& 
    00 00 00 00 8d 26 00 00 00 00 ad 26 00 00 00 00   ....&....ญ&.... 
    cd 26 00 00 00 00 00 14 ff 02 00 00 00 00 ed 26   อ&...........ํ& 
    00 00 00 00 0d 27 00 00 00 00 2d 27 00 00 00 00   .....'....-'.... 
    4d 27 00 00 00 00 00 54 00 00 00 00 00 00 00 28   M'.....T.......( 
[12/05/2026 14:27:59] Read data (COM11) 
    ff 01 00 02 2e 00 c3 00 00 00 00 00 00 00 00 00   .....ร......... 
    00 00 00 00 00 00 00 00 00 00 00 00 00 00 00 00   ................ 
    00 00 00 00 5a 94 fb 24 ff 02 01 02 00 00 00 00   ....Z”๛$....... 
    00 00 00 00 00 00 00 00 00 ed 00 00 00 00 00 00   .........ํ...... 
    00 00 00 00 00 00 00 00 00 00 00 00 5a 94 fc 21   ............Z”! 
[12/05/2026 14:27:59] Written data (COM11) 
    ff 01 00 00 ba 00 c3 01 6d 27 00 00 00 00 8d 27   ...บ.ร.m'....' 
    00 00 00 00 ad 27 00 00 00 00 cd 27 00 00 00 00   ....ญ'....อ'.... 
    ed 27 00 00 00 00 00 cc ff 00 00 00 00 00 0d 28   ํ'.....ฬ......( 
    00 00 00 00 2d 28 00 00 00 00 4d 28 00 00 00 00   ....-(....M(.... 
    6d 28 00 00 00 00 8d 28 00 00 00 00 00 00 00 5a   m(....(.......Z 
    ff 00 00 00 ad 28 00 00 00 00 cd 28 00 00 00 00   ...ญ(....อ(.... 
    ed 28 00 00 00 00 0d 29 00 00 00 00 2d 29 00 00   ํ(.....)....-).. 
    00 00 4d 29 00 00 00 1e ff 00 00 00 00 00 00 00   ..M)........... 
    6d 29 00 00 00 00 8d 29 00 00 00 00 ad 29 00 00   m)....)....ญ).. 
    00 00 cd 29 00 00 00 00 ed 29 00 00 00 00 00 bb   ..อ)....ํ).....ป 
    ff 00 00 00 00 00 0d 2a 00 00 00 00 2d 2a 00 00   ......*....-*.. 
    00 00 4d 2a 00 00 00 00 6d 2a 00 00 00 00 8d 2a   ..M*....m*....* 
    00 00 00 00 00 00 00 58 ff 02 00 00 ad 2a 00 00   .......X...ญ*.. 
    00 00 cd 2a 00 00 00 00 ed 2a 00 00 00 00 0d 2b   ..อ*....ํ*.....+ 
    00 00 00 00 00 14 00 00 00 00 00 00 00 00 00 68   ...............h 
[12/05/2026 14:27:59] Read data (COM11) 
    ff 01 00 02 23 00 c3 00 00 00 00 00 00 00 00 00   ...#.ร......... 
    00 00 00 00 00 00 00 00 00 00 00 00 00 00 00 00   ................ 
    00 00 00 00 5d 94 fd 28 ff 02 01 02 00 00 e0 00   ....]”(.....เ. 
    00 00 00 00 00 00 00 00 00 00 00 00 00 00 00 00   ................ 
    00 00 00 00 00 00 00 00 00 00 00 00 5d 94 fe 29   ............]”) 
[12/05/2026 14:27:59] Written data (COM11) 
    ff 01 00 00 fc 00 c3 01 2d 2b 00 00 00 00 4d 2b   ....ร.-+....M+ 
    00 00 00 00 6d 2b 00 00 00 00 8d 2b 00 00 00 00   ....m+....+.... 
    ad 2b 00 00 00 00 00 c6 ff 00 00 00 00 00 cd 2b   ญ+.....ฦ.....อ+ 
    00 00 00 00 ed 2b 00 00 00 00 0e 0c ff ff ff ff   ....ํ+...... 
    2e 0c ff ff ff ff 4e 0c ff ff ff ff 00 00 00 bd   ..N....ฝ 
    ff 00 00 00 6e 0c ff ff ff ff 8e 0c ff ff ff ff   ...n.. 
    ae 0c ff ff ff ff ce 0c ff ff ff ff ee 0c ff ff   ฎ.ฮ.๎. 
    ff ff 0e 0d 00 00 00 9e ff 00 00 00 ff ff ff ff   ........ 
    2e 0d ff ff ff ff 4e 0d ff ff ff ff 6e 0d ff ff   ..N.n. 
    ff ff 8e 0d ff ff ff ff ae 0d ff ff 00 00 00 dc   .ฎ.... 
    ff 00 00 00 ff ff ce 0d ff ff ff ff ee 0d ff ff   ...ฮ.๎. 
    ff ff 0e 0e ff ff ff ff 2e 0e ff ff ff ff 4e 0e   ....N. 
    ff ff ff ff 00 00 00 bf ff 00 00 00 6e 0e ff ff   ...ฟ...n. 
    ff ff 8e 0e ff ff ff ff ae 0e ff ff ff ff ce 0e   .ฎ.ฮ. 
    ff ff ff ff ee 0e ff ff ff ff 0e 0f 00 00 00 9e   ๎...... 
    ff 00 00 00 ff ff ff ff 2e 0f ff ff ff ff 4e 0f   .....N. 
    ff ff ff ff 6e 0f ff ff ff ff 8e 0f ff ff ff ff   n.. 
    ae 0f ff ff 00 00 00 de ff 02 00 00 ff ff ce 0f   ฎ.......ฮ. 
    ff ff ff ff ee 0f ff ff ff ff 0e 10 ff ff ff ff   ๎... 
    2e 10 ff ff ff ff 00 38 00 00 00 00 00 00 00 c5   ...8.......ล 
[12/05/2026 14:27:59] Read data (COM11) 
    ff 01 00 02 2e 00 c3 00 00 00 00 00 00 00 00 00   .....ร......... 
    00 00 00 00 00 00 00 00 00 00 00 00 00 00 00 00   ................ 
    00 00 00 00 65 94 ff 1f ff 02 01 02 00 00 00 00   ....e”........ 
    00 00 00 00 00 00 00 00 00 ed 00 00 00 00 00 00   .........ํ...... 
    00 00 00 00 00 00 00 00 00 00 00 00 65 94 00 e2   ............e”.โ 
[12/05/2026 14:27:59] Written data (COM11) 
    ff 01 00 00 ba 00 c3 01 4e 10 ff ff ff ff 6e 10   ...บ.ร.N.n. 
    ff ff ff ff 8e 10 ff ff ff ff ae 10 ff ff ff ff   .ฎ. 
    ce 10 ff ff 00 00 00 58 ff 00 00 00 ff ff ee 10   ฮ....X...๎. 
    ff ff ff ff 0e 11 ff ff ff ff 2e 11 ff ff ff ff   .... 
    4e 11 ff ff ff ff 6e 11 ff ff ff ff 00 00 00 01   N.n..... 
    ff 00 00 00 8e 11 ff ff ff ff ae 11 ff ff ff ff   ....ฎ. 
    ce 11 ff ff ff ff ee 11 ff ff ff ff 0e 12 ff ff   ฮ.๎... 
    ff ff 2e 12 00 00 00 df ff 00 00 00 ff ff ff ff   .....฿... 
    4e 12 ff ff ff ff 6e 12 ff ff ff ff 8e 12 ff ff   N.n.. 
    ff ff ae 12 ff ff ff ff ce 12 ff ff 00 00 00 23   ฎ.ฮ....# 
    ff 00 00 00 ff ff ee 12 ff ff ff ff 0e 13 ff ff   ...๎... 
    ff ff 2e 13 ff ff ff ff 4e 13 ff ff ff ff 6e 13   ..N.n. 
    ff ff ff ff 00 00 00 03 ff 02 00 00 8e 13 ff ff   ........ 
    ff ff ae 13 ff ff ff ff ce 13 ff ff ff ff ee 13   ฎ.ฮ.๎. 
    ff ff ff ff 00 58 00 00 00 00 00 00 00 00 00 a5   .X.........ฅ 
[12/05/2026 14:27:59] Read data (COM11) 
    ff 01 00 02 23 00 c3 00 00 00 00 00 00 00 00 00   ...#.ร......... 
    00 00 00 00 00 00 00 00 00 00 00 00 00 00 00 00   ................ 
    00 00 00 00 6b 94 01 e2 ff 02 01 02 00 00 e0 00   ....k”.โ.....เ. 
    00 00 00 00 00 00 00 00 00 00 00 00 00 00 00 00   ................ 
    00 00 00 00 00 00 00 00 00 00 00 00 6b 94 02 e3   ............k”.ใ 
[12/05/2026 14:27:59] Written data (COM11) 
    ff 01 00 00 fc 00 c3 01 0e 14 ff ff ff ff 2e 14   ....ร..... 
    ff ff ff ff 4e 14 ff ff ff ff 6e 14 ff ff ff ff   N.n. 
    8e 14 ff ff 00 00 00 5a ff 00 00 00 ff ff ae 14   ....Z...ฎ. 
    ff ff ff ff ce 14 ff ff ff ff ee 14 ff ff ff ff   ฮ.๎. 
    0e 15 ff ff ff ff 2e 15 ff ff ff ff 00 00 00 45   .......E 
    ff 00 00 00 4e 15 ff ff ff ff 6e 15 ff ff ff ff   ...N.n. 
    8e 15 ff ff ff ff ae 15 ff ff ff ff ce 15 ff ff   .ฎ.ฮ. 
    ff ff ee 15 00 00 00 df ff 00 00 00 ff ff ff ff   ๎....฿... 
    0e 16 ff ff ff ff 2e 16 ff ff ff ff 4e 16 ff ff   ....N. 
    ff ff 6e 16 ff ff ff ff 8e 16 ff ff 00 00 00 67   n.....g 
    ff 00 00 00 ff ff ae 16 ff ff ff ff ce 16 ff ff   ...ฎ.ฮ. 
    ff ff ee 16 ff ff ff ff 0e 17 ff ff ff ff 2e 17   ๎..... 
    ff ff ff ff 00 00 00 47 ff 00 00 00 4e 17 ff ff   ...G...N. 
    ff ff 6e 17 ff ff ff ff 8e 17 ff ff ff ff ae 17   n..ฎ. 
    ff ff ff ff ce 17 ff ff ff ff ee 17 00 00 00 df   ฮ.๎....฿ 
    ff 00 00 00 ff ff ff ff 0e 18 ff ff ff ff 2e 18   ....... 
    ff ff ff ff 4e 18 ff ff ff ff 6e 18 ff ff ff ff   N.n. 
    8e 18 ff ff 00 00 00 69 ff 02 00 00 ff ff ae 18   ....i...ฎ. 
    ff ff ff ff ce 18 ff ff ff ff ee 18 ff ff ff ff   ฮ.๎. 
    0e 19 ff ff ff ff 00 29 00 00 00 00 00 00 00 55   ...).......U 
[12/05/2026 14:27:59] Read data (COM11) 
    ff 01 00 02 2e 00 c3 00 00 00 00 00 00 00 00 00   .....ร......... 
    00 00 00 00 00 00 00 00 00 00 00 00 00 00 00 00   ................ 
    00 00 00 00 74 94 03 f2 ff 02 01 02 00 00 00 00   ....t”.๒....... 
    00 00 00 00 00 00 00 00 00 ed 00 00 00 00 00 00   .........ํ...... 
    00 00 00 00 00 00 00 00 00 00 00 00 74 94 04 f7   ............t”.๗ 
[12/05/2026 14:27:59] Written data (COM11) 
    ff 01 00 00 ba 00 c3 01 2e 19 ff ff ff ff 4e 19   ...บ.ร...N. 
    ff ff ff ff 6e 19 ff ff ff ff 8e 19 ff ff ff ff   n.. 
    ae 19 ff ff 00 00 00 b1 ff 00 00 00 ff ff ce 19   ฎ....ฑ...ฮ. 
    ff ff ff ff ee 19 ff ff ff ff 0e 1a ff ff ff ff   ๎... 
    2e 1a ff ff ff ff 4e 1a ff ff ff ff 00 00 00 ab   ..N....ซ 
    ff 00 00 00 6e 1a ff ff ff ff 8e 1a ff ff ff ff   ...n.. 
    ae 1a ff ff ff ff ce 1a ff ff ff ff ee 1a ff ff   ฎ.ฮ.๎. 
    ff ff 0e 1b 00 00 00 9e ff 00 00 00 ff ff ff ff   ........ 
    2e 1b ff ff ff ff 4e 1b ff ff ff ff 6e 1b ff ff   ..N.n. 
    ff ff 8e 1b ff ff ff ff ae 1b ff ff 00 00 00 ca   .ฎ....ส 
    ff 00 00 00 ff ff ce 1b ff ff ff ff ee 1b ff ff   ...ฮ.๎. 
    ff ff 0e 1c ff ff ff ff 2e 1c ff ff ff ff 4e 1c   ....N. 
    ff ff ff ff 00 00 00 ad ff 02 00 00 6e 1c ff ff   ...ญ...n. 
    ff ff 8e 1c ff ff ff ff ae 1c ff ff ff ff ce 1c   .ฎ.ฮ. 
    ff ff ff ff 00 9d 00 00 00 00 00 00 00 00 00 e0   ..........เ 
[12/05/2026 14:27:59] Read data (COM11) 
    ff 01 00 02 23 00 c3 00 00 00 00 00 00 00 00 00   ...#.ร......... 
    00 00 00 00 00 00 00 00 00 00 00 00 00 00 00 00   ................ 
    00 00 00 00 7a 94 05 f7 ff 02 01 02 00 00 e0 00   ....z”.๗.....เ. 
    00 00 00 00 00 00 00 00 00 00 00 00 00 00 00 00   ................ 
    00 00 00 00 00 00 00 00 00 00 00 00 7a 94 06 f6   ............z”.๖ 
[12/05/2026 14:27:59] Written data (COM11) 
    ff 01 00 00 fc 00 c3 01 ee 1c ff ff ff ff 0e 1d   ....ร.๎... 
    ff ff ff ff 2e 1d ff ff ff ff 4e 1d ff ff ff ff   ..N. 
    6e 1d ff ff 00 00 00 32 ff 00 00 00 ff ff 8e 1d   n....2.... 
    ff ff ff ff ae 1d ff ff ff ff ce 1d ff ff ff ff   ฎ.ฮ. 
    ee 1d ff ff ff ff 0e 1e ff ff ff ff 00 00 00 ef   ๎......๏ 
    ff 00 00 00 2e 1e ff ff ff ff 4e 1e ff ff ff ff   .....N. 
    6e 1e ff ff ff ff 8e 1e ff ff ff ff ae 1e ff ff   n..ฎ. 
    ff ff ce 1e 00 00 00 1f ff 00 00 00 ff ff ff ff   ฮ........ 
    ee 1e ff ff ff ff 0e 1f ff ff ff ff 2e 1f ff ff   ๎..... 
    ff ff 4e 1f ff ff ff ff 6e 1f ff ff 00 00 00 0f   N.n..... 
    ff 00 00 00 ff ff 8e 1f ff ff ff ff ae 1f ff ff   ....ฎ. 
    ff ff ce 1f ff ff ff ff ee 1f ff ff ff ff 0e 20   ฮ.๎..  
    ff ff ff ff 00 00 00 d1 ff 00 00 00 2e 20 ff ff   ...ั....  
    ff ff 4e 20 ff ff ff ff 6e 20 ff ff ff ff 8e 20   N n   
    ff ff ff ff ae 20 ff ff ff ff ce 20 00 00 00 1f   ฎ ฮ .... 
    ff 00 00 00 ff ff ff ff ee 20 ff ff ff ff 0e 21   ...๎ .! 
    ff ff ff ff 2e 21 ff ff ff ff 4e 21 ff ff ff ff   .!N! 
    6e 21 ff ff 00 00 00 31 ff 02 00 00 ff ff 8e 21   n!...1...! 
    ff ff ff ff ae 21 ff ff ff ff ce 21 ff ff ff ff   ฎ!ฮ! 
    ee 21 ff ff ff ff 00 cc 00 00 00 00 00 00 00 31   ๎!.ฬ.......1 
[12/05/2026 14:27:59] Read data (COM11) 
    ff 01 00 02 2e 00 c3 00 00 00 00 00 00 00 00 00   .....ร......... 
    00 00 00 00 00 00 00 00 00 00 00 00 00 00 00 00   ................ 
    00 00 00 00 82 94 07 00 ff 02 01 02 00 00 00 00   ....”......... 
    00 00 00 00 00 00 00 00 00 ed 00 00 00 00 00 00   .........ํ...... 
    00 00 00 00 00 00 00 00 00 00 00 00 82 94 08 0d   ............”.. 
[12/05/2026 14:27:59] Written data (COM11) 
    ff 01 00 00 ba 00 c3 01 0e 22 ff ff ff ff 2e 22   ...บ.ร.."." 
    ff ff ff ff 4e 22 ff ff ff ff 6e 22 ff ff ff ff   N"n" 
    8e 22 ff ff 00 00 00 2a ff 00 00 00 ff ff ae 22   "...*...ฎ" 
    ff ff ff ff ce 22 ff ff ff ff ee 22 ff ff ff ff   ฮ"๎" 
    0e 23 ff ff ff ff 2e 23 ff ff ff ff 00 00 00 73   .#.#...s 
    ff 00 00 00 4e 23 ff ff ff ff 6e 23 ff ff ff ff   ...N#n# 
    8e 23 ff ff ff ff ae 23 ff ff ff ff ce 23 ff ff   #ฎ#ฮ# 
    ff ff ee 23 00 00 00 df ff 00 00 00 ff ff ff ff   ๎#...฿... 
    0e 24 ff ff ff ff 2e 24 ff ff ff ff 4e 24 ff ff   .$.$N$ 
    ff ff 6e 24 ff ff ff ff 8e 24 ff ff 00 00 00 55   n$$...U 
    ff 00 00 00 ff ff ae 24 ff ff ff ff ce 24 ff ff   ...ฎ$ฮ$ 
    ff ff ee 24 ff ff ff ff 0e 25 ff ff ff ff 2e 25   ๎$.%.% 
    ff ff ff ff 00 00 00 75 ff 02 00 00 4e 25 ff ff   ...u...N% 
    ff ff 6e 25 ff ff ff ff 8e 25 ff ff ff ff ae 25   n%%ฎ% 
    ff ff ff ff 00 58 00 00 00 00 00 00 00 00 00 a5   .X.........ฅ 
[12/05/2026 14:27:59] Read data (COM11) 
    ff 01 00 02 23 00 c3 00 00 00 00 00 00 00 00 00   ...#.ร......... 
    00 00 00 00 00 00 00 00 00 00 00 00 00 00 00 00   ................ 
    00 00 00 00 88 94 09 09 ff 02 01 02 00 00 e0 00   ....”.......เ. 
    00 00 00 00 00 00 00 00 00 00 00 00 00 00 00 00   ................ 
    00 00 00 00 00 00 00 00 00 00 00 00 88 94 0a 08   ............”.. 
[12/05/2026 14:27:59] Written data (COM11) 
    ff 01 00 00 fc 00 c3 01 ce 25 ff ff ff ff ee 25   ....ร.ฮ%๎% 
    ff ff ff ff 0e 26 ff ff ff ff 2e 26 ff ff ff ff   .&.& 
    4e 26 ff ff 00 00 00 a8 ff 00 00 00 ff ff 6e 26   N&...จ...n& 
    ff ff ff ff 8e 26 ff ff ff ff ae 26 ff ff ff ff   &ฎ& 
    ce 26 ff ff ff ff ee 26 ff ff ff ff 00 00 00 b7   ฮ&๎&...ท 
    ff 00 00 00 0e 27 ff ff ff ff 2e 27 ff ff ff ff   ....'.' 
    4e 27 ff ff ff ff 6e 27 ff ff ff ff 8e 27 ff ff   N'n'' 
    ff ff ae 27 00 00 00 df ff 00 00 00 ff ff ff ff   ฎ'...฿... 
    ce 27 ff ff ff ff ee 27 ff ff ff ff 0e 28 ff ff   ฮ'๎'.( 
    ff ff 2e 28 ff ff ff ff 4e 28 ff ff 00 00 00 99   .(N(... 
    ff 00 00 00 ff ff 6e 28 ff ff ff ff 8e 28 ff ff   ...n(( 
    ff ff ae 28 ff ff ff ff ce 28 ff ff ff ff ee 28   ฎ(ฮ(๎( 
    ff ff ff ff 00 00 00 b9 ff 00 00 00 0e 29 ff ff   ...น....) 
    ff ff 2e 29 ff ff ff ff 4e 29 ff ff ff ff 6e 29   .)N)n) 
    ff ff ff ff 8e 29 ff ff ff ff ae 29 00 00 00 df   )ฎ)...฿ 
    ff 00 00 00 ff ff ff ff ce 29 ff ff ff ff ee 29   ...ฮ)๎) 
    ff ff ff ff 0e 2a ff ff ff ff 2e 2a ff ff ff ff   .*.* 
    4e 2a ff ff 00 00 00 9b ff 02 00 00 ff ff 6e 2a   N*......n* 
    ff ff ff ff 8e 2a ff ff ff ff ae 2a ff ff ff ff   *ฎ* 
    ce 2a ff ff ff ff 00 da 00 00 00 00 00 00 00 a7   ฮ*.ฺ.......ง 
[12/05/2026 14:27:59] Read data (COM11) 
    ff 01 00 02 2e 00 c3 00 00 00 00 00 00 00 00 00   .....ร......... 
    00 00 00 00 00 00 00 00 00 00 00 00 00 00 00 00   ................ 
    00 00 00 00 91 94 0b 1f ff 02 01 02 00 00 00 00   ....‘”......... 
    00 00 00 00 00 00 00 00 00 ed 00 00 00 00 00 00   .........ํ...... 
    00 00 00 00 00 00 00 00 00 00 00 00 91 94 0c 1a   ............‘”.. 
[12/05/2026 14:27:59] Written data (COM11) 
    ff 01 00 00 ba 00 c3 01 ee 2a ff ff ff ff 0e 2b   ...บ.ร.๎*.+ 
    ff ff ff ff 2e 2b ff ff ff ff 4e 2b ff ff ff ff   .+N+ 
    6e 2b ff ff 00 00 00 42 ff 00 00 00 ff ff 8e 2b   n+...B...+ 
    ff ff ff ff ae 2b ff ff ff ff ce 2b ff ff ff ff   ฎ+ฮ+ 
    ee 2b ff ff ff ff 0f 0c ff ff ff ff 00 00 00 fc   ๎+..... 
    ff 00 00 00 2f 0c ff ff ff ff 4f 0c ff ff ff ff   .../.O. 
    6f 0c ff ff ff ff 8f 0c ff ff ff ff af 0c ff ff   o..ฏ. 
    ff ff cf 0c 00 00 00 1f ff 00 00 00 ff ff ff ff   ฯ........ 
    ef 0c ff ff ff ff 0f 0d ff ff ff ff 2f 0d ff ff   ๏.../. 
    ff ff 4f 0d ff ff ff ff 6f 0d ff ff 00 00 00 1c   O.o..... 
    ff 00 00 00 ff ff 8f 0d ff ff ff ff af 0d ff ff   ....ฏ. 
    ff ff cf 0d ff ff ff ff ef 0d ff ff ff ff 0f 0e   ฯ.๏... 
    ff ff ff ff 00 00 00 fe ff 02 00 00 2f 0e ff ff   ....../. 
    ff ff 4f 0e ff ff ff ff 6f 0e ff ff ff ff 8f 0e   O.o.. 
    ff ff ff ff 00 3d 00 00 00 00 00 00 00 00 00 40   .=.........@ 
[12/05/2026 14:27:59] Read data (COM11) 
    ff 01 00 02 23 00 c3 00 00 00 00 00 00 00 00 00   ...#.ร......... 
    00 00 00 00 00 00 00 00 00 00 00 00 00 00 00 00   ................ 
    00 00 00 00 96 94 0d 13 ff 02 01 02 00 00 e0 00   ....–”.......เ. 
    00 00 00 00 00 00 00 00 00 00 00 00 00 00 00 00   ................ 
    00 00 00 00 00 00 00 00 00 00 00 00 96 94 0e 12   ............–”.. 
[12/05/2026 14:27:59] Written data (COM11) 
    ff 01 00 00 fc 00 c3 01 af 0e ff ff ff ff cf 0e   ....ร.ฏ.ฯ. 
    ff ff ff ff ef 0e ff ff ff ff 0f 0f ff ff ff ff   ๏... 
    2f 0f ff ff 00 00 00 61 ff 00 00 00 ff ff 4f 0f   /....a...O. 
    ff ff ff ff 6f 0f ff ff ff ff 8f 0f ff ff ff ff   o.. 
    af 0f ff ff ff ff cf 0f ff ff ff ff 00 00 00 3f   ฏ.ฯ....? 
    ff 00 00 00 ef 0f ff ff ff ff 0f 10 ff ff ff ff   ...๏... 
    2f 10 ff ff ff ff 4f 10 ff ff ff ff 6f 10 ff ff   /.O.o. 
    ff ff 8f 10 00 00 00 80 ff 00 00 00 ff ff ff ff   ....€... 
    af 10 ff ff ff ff cf 10 ff ff ff ff ef 10 ff ff   ฏ.ฯ.๏. 
    ff ff 0f 11 ff ff ff ff 2f 11 ff ff 00 00 00 40   ../....@ 
    ff 00 00 00 ff ff 4f 11 ff ff ff ff 6f 11 ff ff   ...O.o. 
    ff ff 8f 11 ff ff ff ff af 11 ff ff ff ff cf 11   .ฏ.ฯ. 
    ff ff ff ff 00 00 00 21 ff 00 00 00 ef 11 ff ff   ...!...๏. 
    ff ff 0f 12 ff ff ff ff 2f 12 ff ff ff ff 4f 12   ../.O. 
    ff ff ff ff 6f 12 ff ff ff ff 8f 12 00 00 00 9c   o..... 
    ff 00 00 00 ff ff ff ff af 12 ff ff ff ff cf 12   ...ฏ.ฯ. 
    ff ff ff ff ef 12 ff ff ff ff 0f 13 ff ff ff ff   ๏... 
    2f 13 ff ff 00 00 00 42 ff 02 00 00 ff ff 4f 13   /....B...O. 
    ff ff ff ff 6f 13 ff ff ff ff 8f 13 ff ff ff ff   o.. 
    af 13 ff ff ff ff 00 9f 00 00 00 00 00 00 00 62   ฏ.........b 
[12/05/2026 14:27:59] Read data (COM11) 
    ff 01 00 02 2e 00 c3 00 00 00 00 00 00 00 00 00   .....ร......... 
    00 00 00 00 00 00 00 00 00 00 00 00 00 00 00 00   ................ 
    00 00 00 00 9c 94 0f 16 ff 02 01 02 00 00 00 00   ....”......... 
    00 00 00 00 00 00 00 00 00 ed 00 00 00 00 00 00   .........ํ...... 
    00 00 00 00 00 00 00 00 00 00 00 00 9c 94 10 0b   ............”.. 
[12/05/2026 14:27:59] Written data (COM11) 
    ff 01 00 00 ba 00 c3 01 cf 13 ff ff ff ff ef 13   ...บ.ร.ฯ.๏. 
    ff ff ff ff 0f 14 ff ff ff ff 2f 14 ff ff ff ff   ../. 
    4f 14 ff ff 00 00 00 dd ff 00 00 00 ff ff 6f 14   O.......o. 
    ff ff ff ff 8f 14 ff ff ff ff af 14 ff ff ff ff   .ฏ. 
    cf 14 ff ff ff ff ef 14 ff ff ff ff 00 00 00 84   ฯ.๏.... 
    ff 00 00 00 0f 15 ff ff ff ff 2f 15 ff ff ff ff   ...../. 
    4f 15 ff ff ff ff 6f 15 ff ff ff ff 8f 15 ff ff   O.o.. 
    ff ff af 15 00 00 00 df ff 00 00 00 ff ff ff ff   ฏ....฿... 
    cf 15 ff ff ff ff ef 15 ff ff ff ff 0f 16 ff ff   ฯ.๏... 
    ff ff 2f 16 ff ff ff ff 4f 16 ff ff 00 00 00 a6   /.O....ฆ 
    ff 00 00 00 ff ff 6f 16 ff ff ff ff 8f 16 ff ff   ...o.. 
    ff ff af 16 ff ff ff ff cf 16 ff ff ff ff ef 16   ฏ.ฯ.๏. 
    ff ff ff ff 00 00 00 86 ff 02 00 00 0f 17 ff ff   ........ 
    ff ff 2f 17 ff ff ff ff 4f 17 ff ff ff ff 6f 17   /.O.o. 
    ff ff ff ff 00 58 00 00 00 00 00 00 00 00 00 a5   .X.........ฅ 
[12/05/2026 14:27:59] Read data (COM11) 
    ff 01 00 02 23 00 c3 00 00 00 00 00 00 00 00 00   ...#.ร......... 
    00 00 00 00 00 00 00 00 00 00 00 00 00 00 00 00   ................ 
    00 00 00 00 9f 94 11 06 ff 02 01 02 00 00 e0 00   ....”.......เ. 
    00 00 00 00 00 00 00 00 00 00 00 00 00 00 00 00   ................ 
    00 00 00 00 00 00 00 00 00 00 00 00 9f 94 12 07   ............”.. 
[12/05/2026 14:27:59] Written data (COM11) 
    ff 01 00 00 fc 00 c3 01 8f 17 ff ff ff ff af 17   ....ร..ฏ. 
    ff ff ff ff cf 17 ff ff ff ff ef 17 ff ff ff ff   ฯ.๏. 
    0f 18 ff ff 00 00 00 d7 ff 00 00 00 ff ff 2f 18   .....ื.../. 
    ff ff ff ff 4f 18 ff ff ff ff 6f 18 ff ff ff ff   O.o. 
    8f 18 ff ff ff ff af 18 ff ff ff ff 00 00 00 c8   .ฏ....ศ 
    ff 00 00 00 cf 18 ff ff ff ff ef 18 ff ff ff ff   ...ฯ.๏. 
    0f 19 ff ff ff ff 2f 19 ff ff ff ff 4f 19 ff ff   ../.O. 
    ff ff 6f 19 00 00 00 df ff 00 00 00 ff ff ff ff   o....฿... 
    8f 19 ff ff ff ff af 19 ff ff ff ff cf 19 ff ff   .ฏ.ฯ. 
    ff ff ef 19 ff ff ff ff 0f 1a ff ff 00 00 00 ea   ๏......๊ 
    ff 00 00 00 ff ff 2f 1a ff ff ff ff 4f 1a ff ff   .../.O. 
    ff ff 6f 1a ff ff ff ff 8f 1a ff ff ff ff af 1a   o..ฏ. 
    ff ff ff ff 00 00 00 ca ff 00 00 00 cf 1a ff ff   ...ส...ฯ. 
    ff ff ef 1a ff ff ff ff 0f 1b ff ff ff ff 2f 1b   ๏.../. 
    ff ff ff ff 4f 1b ff ff ff ff 6f 1b 00 00 00 df   O.o....฿ 
    ff 00 00 00 ff ff ff ff 8f 1b ff ff ff ff af 1b   ....ฏ. 
    ff ff ff ff cf 1b ff ff ff ff ef 1b ff ff ff ff   ฯ.๏. 
    0f 1c ff ff 00 00 00 ec ff 02 00 00 ff ff 2f 1c   .....์.../. 
    ff ff ff ff 4f 1c ff ff ff ff 6f 1c ff ff ff ff   O.o. 
    8f 1c ff ff ff ff 00 ad 00 00 00 00 00 00 00 d0   ..ญ.......ะ 
[12/05/2026 14:27:59] Read data (COM11) 
    ff 01 00 02 2e 00 c3 00 00 00 00 00 00 00 00 00   .....ร......... 
    00 00 00 00 00 00 00 00 00 00 00 00 00 00 00 00   ................ 
    00 00 00 00 a5 94 13 33 ff 02 01 02 00 00 00 00   ....ฅ”.3....... 
    00 00 00 00 00 00 00 00 00 ed 00 00 00 00 00 00   .........ํ...... 
    00 00 00 00 00 00 00 00 00 00 00 00 a5 94 14 36   ............ฅ”.6 
[12/05/2026 14:27:59] Written data (COM11) 
    ff 01 00 00 ba 00 c3 01 af 1c ff ff ff ff cf 1c   ...บ.ร.ฏ.ฯ. 
    ff ff ff ff ef 1c ff ff ff ff 0f 1d ff ff ff ff   ๏... 
    2f 1d ff ff 00 00 00 35 ff 00 00 00 ff ff 4f 1d   /....5...O. 
    ff ff ff ff 6f 1d ff ff ff ff 8f 1d ff ff ff ff   o.. 
    af 1d ff ff ff ff cf 1d ff ff ff ff 00 00 00 2d   ฏ.ฯ....- 
    ff 00 00 00 ef 1d ff ff ff ff 0f 1e ff ff ff ff   ...๏... 
    2f 1e ff ff ff ff 4f 1e ff ff ff ff 6f 1e ff ff   /.O.o. 
    ff ff 8f 1e 00 00 00 9c ff 00 00 00 ff ff ff ff   ....... 
    af 1e ff ff ff ff cf 1e ff ff ff ff ef 1e ff ff   ฏ.ฯ.๏. 
    ff ff 0f 1f ff ff ff ff 2f 1f ff ff 00 00 00 4e   ../....N 
    ff 00 00 00 ff ff 4f 1f ff ff ff ff 6f 1f ff ff   ...O.o. 
    ff ff 8f 1f ff ff ff ff af 1f ff ff ff ff cf 1f   .ฏ.ฯ. 
    ff ff ff ff 00 00 00 2f ff 02 00 00 ef 1f ff ff   .../...๏. 
    ff ff 0f 20 ff ff ff ff 2f 20 ff ff ff ff 4f 20   . / O  
    ff ff ff ff 00 a4 00 00 00 00 00 00 00 00 00 e6   .ค.........ๆ 
[12/05/2026 14:27:59] Read data (COM11) 
    ff 01 00 02 23 00 c3 00 00 00 00 00 00 00 00 00   ...#.ร......... 
    00 00 00 00 00 00 00 00 00 00 00 00 00 00 00 00   ................ 
    00 00 00 00 a9 94 15 34 ff 02 01 02 00 00 e0 00   ....ฉ”.4.....เ. 
    00 00 00 00 00 00 00 00 00 00 00 00 00 00 00 00   ................ 
    00 00 00 00 00 00 00 00 00 00 00 00 a9 94 16 35   ............ฉ”.5 
[12/05/2026 14:27:59] Written data (COM11) 
    ff 01 00 00 fc 00 c3 01 6f 20 ff ff ff ff 8f 20   ....ร.o   
    ff ff ff ff af 20 ff ff ff ff cf 20 ff ff ff ff   ฏ ฯ  
    ef 20 ff ff 00 00 00 8f ff 00 00 00 ff ff 0f 21   ๏ .......! 
    ff ff ff ff 2f 21 ff ff ff ff 4f 21 ff ff ff ff   /!O! 
    6f 21 ff ff ff ff 8f 21 ff ff ff ff 00 00 00 51   o!!...Q 
    ff 00 00 00 af 21 ff ff ff ff cf 21 ff ff ff ff   ...ฏ!ฯ! 
    ef 21 ff ff ff ff 0f 22 ff ff ff ff 2f 22 ff ff   ๏!."/" 
    ff ff 4f 22 00 00 00 1c ff 00 00 00 ff ff ff ff   O"....... 
    6f 22 ff ff ff ff 8f 22 ff ff ff ff af 22 ff ff   o""ฏ" 
    ff ff cf 22 ff ff ff ff ef 22 ff ff 00 00 00 b2   ฯ"๏"...ฒ 
    ff 00 00 00 ff ff 0f 23 ff ff ff ff 2f 23 ff ff   ....#/# 
    ff ff 4f 23 ff ff ff ff 6f 23 ff ff ff ff 8f 23   O#o## 
    ff ff ff ff 00 00 00 53 ff 00 00 00 af 23 ff ff   ...S...ฏ# 
    ff ff cf 23 ff ff ff ff ef 23 ff ff ff ff 0f 24   ฯ#๏#.$ 
    ff ff ff ff 2f 24 ff ff ff ff 4f 24 00 00 00 18   /$O$.... 
    ff 00 00 00 ff ff ff ff 6f 24 ff ff ff ff 8f 24   ...o$$ 
    ff ff ff ff af 24 ff ff ff ff cf 24 ff ff ff ff   ฏ$ฯ$ 
    ef 24 ff ff 00 00 00 b4 ff 02 00 00 ff ff 0f 25   ๏$...ด....% 
    ff ff ff ff 2f 25 ff ff ff ff 4f 25 ff ff ff ff   /%O% 
    6f 25 ff ff ff ff 00 71 00 00 00 00 00 00 00 8c   o%.q....... 
[12/05/2026 14:27:59] Read data (COM11) 
    ff 01 00 02 2e 00 c3 00 00 00 00 00 00 00 00 00   .....ร......... 
    00 00 00 00 00 00 00 00 00 00 00 00 00 00 00 00   ................ 
    00 00 00 00 af 94 17 3d ff 02 01 02 00 00 00 00   ....ฏ”.=....... 
    00 00 00 00 00 00 00 00 00 ed 00 00 00 00 00 00   .........ํ...... 
    00 00 00 00 00 00 00 00 00 00 00 00 af 94 18 30   ............ฏ”.0 
[12/05/2026 14:27:59] Written data (COM11) 
    ff 01 00 00 ba 00 c3 01 8f 25 ff ff ff ff af 25   ...บ.ร.%ฏ% 
    ff ff ff ff cf 25 ff ff ff ff ef 25 ff ff ff ff   ฯ%๏% 
    0f 26 ff ff 00 00 00 af ff 00 00 00 ff ff 2f 26   .&...ฏ.../& 
    ff ff ff ff 4f 26 ff ff ff ff 6f 26 ff ff ff ff   O&o& 
    8f 26 ff ff ff ff af 26 ff ff ff ff 00 00 00 f6   &ฏ&...๖ 
    ff 00 00 00 cf 26 ff ff ff ff ef 26 ff ff ff ff   ...ฯ&๏& 
    0f 27 ff ff ff ff 2f 27 ff ff ff ff 4f 27 ff ff   .'/'O' 
    ff ff 6f 27 00 00 00 df ff 00 00 00 ff ff ff ff   o'...฿... 
    8f 27 ff ff ff ff af 27 ff ff ff ff cf 27 ff ff   'ฏ'ฯ' 
    ff ff ef 27 ff ff ff ff 0f 28 ff ff 00 00 00 d8   ๏'.(...ุ 
    ff 00 00 00 ff ff 2f 28 ff ff ff ff 4f 28 ff ff   .../(O( 
    ff ff 6f 28 ff ff ff ff 8f 28 ff ff ff ff af 28   o((ฏ( 
    ff ff ff ff 00 00 00 f8 ff 02 00 00 cf 28 ff ff   ...๘...ฯ( 
    ff ff ef 28 ff ff ff ff 0f 29 ff ff ff ff 2f 29   ๏(.)/) 
    ff ff ff ff 00 58 00 00 00 00 00 00 00 00 00 a5   .X.........ฅ 
[12/05/2026 14:27:59] Read data (COM11) 
    ff 01 00 02 23 00 c3 00 00 00 00 00 00 00 00 00   ...#.ร......... 
    00 00 00 00 00 00 00 00 00 00 00 00 00 00 00 00   ................ 
    00 00 00 00 b3 94 19 22 ff 02 01 02 00 00 e0 00   ....ณ”.".....เ. 
    00 00 00 00 00 00 00 00 00 00 00 00 00 00 00 00   ................ 
    00 00 00 00 00 00 00 00 00 00 00 00 b3 94 1a 23   ............ณ”.# 
[12/05/2026 14:27:59] Written data (COM11) 
    ff 01 00 00 fc 00 c3 01 4f 29 ff ff ff ff 6f 29   ....ร.O)o) 
    ff ff ff ff 8f 29 ff ff ff ff af 29 ff ff ff ff   )ฏ) 
    cf 29 ff ff 00 00 00 26 ff 00 00 00 ff ff ef 29   ฯ)...&...๏) 
    ff ff ff ff 0f 2a ff ff ff ff 2f 2a ff ff ff ff   .*/* 
    4f 2a ff ff ff ff 6f 2a ff ff ff ff 00 00 00 39   O*o*...9 
    ff 00 00 00 8f 2a ff ff ff ff af 2a ff ff ff ff   ...*ฏ* 
    cf 2a ff ff ff ff ef 2a ff ff ff ff 0f 2b ff ff   ฯ*๏*.+ 
    ff ff 2f 2b 00 00 00 df ff 00 00 00 ff ff ff ff   /+...฿... 
    4f 2b ff ff ff ff 6f 2b ff ff ff ff 8f 2b ff ff   O+o++ 
    ff ff af 2b ff ff ff ff cf 2b ff ff 00 00 00 1b   ฏ+ฯ+.... 
    ff 00 00 00 ff ff ef 2b ff ff ff ff 00 2c 00 00   ...๏+.,.. 
    00 00 01 2c 00 00 00 00 02 2c 00 00 00 00 03 2c   ...,.....,....., 
    00 00 00 00 00 00 00 3b ff 00 00 00 04 2c 00 00   .......;....,.. 
    00 00 05 2c 00 00 00 00 06 2c 00 00 00 00 07 2c   ...,.....,....., 
    00 00 00 00 08 2c 00 00 00 00 09 2c 00 00 00 fe   .....,.....,... 
    ff 00 00 00 00 00 00 00 0a 2c 00 00 00 00 0b 2c   ........,....., 
    00 00 00 00 0c 2c 00 00 00 00 0d 2c 00 00 00 00   .....,.....,.... 
    0e 2c 00 00 00 00 00 dd ff 02 00 00 00 00 0f 2c   .,..........., 
    00 00 00 00 10 2c 00 00 00 00 11 2c 00 00 00 00   .....,.....,.... 
    12 2c 00 00 00 00 00 21 00 00 00 00 00 00 00 c0   .,.....!.......ภ 
[12/05/2026 14:27:59] Read data (COM11) 
    ff 01 00 02 2e 00 c3 00 00 00 00 00 00 00 00 00   .....ร......... 
    00 00 00 00 00 00 00 00 00 00 00 00 00 00 00 00   ................ 
    00 00 00 00 c1 94 1b 5f ff 02 01 02 00 00 00 00   ....ม”._....... 
    00 00 00 00 00 00 00 00 00 ed 00 00 00 00 00 00   .........ํ...... 
    00 00 00 00 00 00 00 00 00 00 00 00 c1 94 1c 5a   ............ม”.Z 
[12/05/2026 14:27:59] Written data (COM11) 
    ff 01 00 00 ba 00 c3 01 13 2c 00 00 00 00 14 2c   ...บ.ร..,....., 
    00 00 00 00 15 2c 00 00 00 00 16 2c 00 00 00 00   .....,.....,.... 
    17 2c 00 00 00 00 00 b9 ff 00 00 00 00 00 18 2c   .,.....น......, 
    00 00 00 00 19 2c 00 00 00 00 1a 2c 00 00 00 00   .....,.....,.... 
    1b 2c 00 00 00 00 1c 2c 00 00 00 00 00 00 00 cf   .,.....,.......ฯ 
    ff 00 00 00 1d 2c 00 00 00 00 1e 2c 00 00 00 00   ....,.....,.... 
    1f 2c 00 00 00 00 20 2c 00 00 00 00 21 2c 00 00   .,.... ,....!,.. 
    00 00 22 2c 00 00 00 c0 ff 00 00 00 00 00 00 00   ..",...ภ....... 
    23 2c 00 00 00 00 24 2c 00 00 00 00 25 2c 00 00   #,....$,....%,.. 
    00 00 26 2c 00 00 00 00 27 2c 00 00 00 00 00 f0   ..&,....',.....๐ 
    ff 00 00 00 00 00 28 2c 00 00 00 00 29 2c 00 00   .....(,....),.. 
    00 00 2a 2c 00 00 00 00 2b 2c 00 00 00 00 2c 2c   ..*,....+,....,, 
    00 00 00 00 00 00 00 ff ff 02 00 00 2d 2c 00 00   ..........-,.. 
    00 00 2e 2c 00 00 00 00 2f 2c 00 00 00 00 30 2c   ...,..../,....0, 
    00 00 00 00 00 5b 00 00 00 00 00 00 00 00 00 ba   .....[.........บ 
[12/05/2026 14:27:59] Read data (COM11) 
    ff 01 00 02 23 00 c3 00 00 00 00 00 00 00 00 00   ...#.ร......... 
    00 00 00 00 00 00 00 00 00 00 00 00 00 00 00 00   ................ 
    00 00 00 00 d3 94 1d 46 ff 02 01 02 00 00 e0 00   ....ำ”.F.....เ. 
    00 00 00 00 00 00 00 00 00 00 00 00 00 00 00 00   ................ 
    00 00 00 00 00 00 00 00 00 00 00 00 d3 94 1e 47   ............ำ”.G 
[12/05/2026 14:27:59] Written data (COM11) 
    ff 01 00 00 fc 00 c3 01 31 2c 00 00 00 00 32 2c   ....ร.1,....2, 
    00 00 00 00 33 2c 00 00 00 00 34 2c 00 00 00 00   ....3,....4,.... 
    35 2c 00 00 00 00 00 dd ff 00 00 00 00 00 36 2c   5,..........6, 
    00 00 00 00 37 2c 00 00 00 00 38 2c 00 00 00 00   ....7,....8,.... 
    39 2c 00 00 00 00 3a 2c 00 00 00 00 00 00 00 e9   9,....:,.......้ 
    ff 00 00 00 3b 2c 00 00 00 00 3c 2c 00 00 00 00   ...;,....<,.... 
    3d 2c 00 00 00 00 3e 2c 00 00 00 00 3f 2c 00 00   =,....>,....?,.. 
    00 00 40 2c 00 00 00 84 ff 00 00 00 00 00 00 00   ..@,.......... 
    41 2c 00 00 00 00 42 2c 00 00 00 00 43 2c 00 00   A,....B,....C,.. 
    00 00 44 2c 00 00 00 00 45 2c 00 00 00 00 00 92   ..D,....E,.....’ 
    ff 00 00 00 00 00 46 2c 00 00 00 00 47 2c 00 00   .....F,....G,.. 
    00 00 48 2c 00 00 00 00 49 2c 00 00 00 00 4a 2c   ..H,....I,....J, 
    00 00 00 00 00 00 00 99 ff 00 00 00 4b 2c 00 00   ..........K,.. 
    00 00 4c 2c 00 00 00 00 4d 2c 00 00 00 00 4e 2c   ..L,....M,....N, 
    00 00 00 00 4f 2c 00 00 00 00 50 2c 00 00 00 e4   ....O,....P,...ไ 
    ff 00 00 00 00 00 00 00 51 2c 00 00 00 00 52 2c   .......Q,....R, 
    00 00 00 00 53 2c 00 00 00 00 54 2c 00 00 00 00   ....S,....T,.... 
    55 2c 00 00 00 00 00 82 ff 02 00 00 00 00 56 2c   U,..........V, 
    00 00 00 00 57 2c 00 00 00 00 58 2c 00 00 00 00   ....W,....X,.... 
    59 2c 00 00 00 00 00 23 00 00 00 00 00 00 00 de   Y,.....#....... 
[12/05/2026 14:27:59] Read data (COM11) 
    ff 01 00 02 2e 00 c3 00 00 00 00 00 00 00 00 00   .....ร......... 
    00 00 00 00 00 00 00 00 00 00 00 00 00 00 00 00   ................ 
    00 00 00 00 ea 94 1f 70 ff 02 01 02 00 00 00 00   ....๊”.p....... 
    00 00 00 00 00 00 00 00 00 ed 00 00 00 00 00 00   .........ํ...... 
    00 00 00 00 00 00 00 00 00 00 00 00 ea 94 20 4d   ............๊” M 
[12/05/2026 14:27:59] Written data (COM11) 
    ff 01 00 00 ba 00 c3 01 5a 2c 00 00 00 00 5b 2c   ...บ.ร.Z,....[, 
    00 00 00 00 5c 2c 00 00 00 00 5d 2c 00 00 00 00   ....\,....],.... 
    5e 2c 00 00 00 00 00 f4 ff 00 00 00 00 00 5f 2c   ^,.....๔....._, 
    00 00 00 00 60 2c 00 00 00 00 61 2c 00 00 00 00   ....`,....a,.... 
    62 2c 00 00 00 00 63 2c 00 00 00 00 00 00 00 8c   b,....c,....... 
    ff 00 00 00 64 2c 00 00 00 00 65 2c 00 00 00 00   ...d,....e,.... 
    66 2c 00 00 00 00 67 2c 00 00 00 00 68 2c 00 00   f,....g,....h,.. 
    00 00 69 2c 00 00 00 fe ff 00 00 00 00 00 00 00   ..i,.......... 
    6a 2c 00 00 00 00 6b 2c 00 00 00 00 6c 2c 00 00   j,....k,....l,.. 
    00 00 6d 2c 00 00 00 00 6e 2c 00 00 00 00 00 bd   ..m,....n,.....ฝ 
    ff 00 00 00 00 00 6f 2c 00 00 00 00 70 2c 00 00   .....o,....p,.. 
    00 00 71 2c 00 00 00 00 72 2c 00 00 00 00 73 2c   ..q,....r,....s, 
    00 00 00 00 00 00 00 bc ff 02 00 00 74 2c 00 00   .......ผ...t,.. 
    00 00 75 2c 00 00 00 00 76 2c 00 00 00 00 77 2c   ..u,....v,....w, 
    00 00 00 00 00 79 00 00 00 00 00 00 00 00 00 84   .....y......... 
[12/05/2026 14:27:59] Read data (COM11) 
    ff 01 00 02 23 00 c3 00 00 00 00 00 00 00 00 00   ...#.ร......... 
    00 00 00 00 00 00 00 00 00 00 00 00 00 00 00 00   ................ 
    00 00 00 00 fc 94 21 55 ff 02 01 02 00 00 e0 00   ....”!U.....เ. 
    00 00 00 00 00 00 00 00 00 00 00 00 00 00 00 00   ................ 
    00 00 00 00 00 00 00 00 00 00 00 00 fc 94 22 54   ............”"T 
[12/05/2026 14:27:59] Written data (COM11) 
    ff 01 00 00 fc 00 c3 01 78 2c 00 00 00 00 79 2c   ....ร.x,....y, 
    00 00 00 00 7a 2c 00 00 00 00 7b 2c 00 00 00 00   ....z,....{,.... 
    7c 2c 00 00 00 00 00 90 ff 00 00 00 00 00 7d 2c   |,..........}, 
    00 00 00 00 7e 2c 00 00 00 00 7f 2c 00 00 00 00   ....~,....,.... 
    80 2c 00 00 00 00 81 2c 00 00 00 00 00 00 00 ae   €,....,.......ฎ 
    ff 00 00 00 82 2c 00 00 00 00 83 2c 00 00 00 00   ...,....,.... 
    84 2c 00 00 00 00 85 2c 00 00 00 00 86 2c 00 00   ,....…,....,.. 
    00 00 87 2c 00 00 00 fe ff 00 00 00 00 00 00 00   ..,.......... 
    88 2c 00 00 00 00 89 2c 00 00 00 00 8a 2c 00 00   ,....,....,.. 
    00 00 8b 2c 00 00 00 00 8c 2c 00 00 00 00 00 5f   ..,....,....._ 
    ff 00 00 00 00 00 8d 2c 00 00 00 00 8e 2c 00 00   .....,....,.. 
    00 00 8f 2c 00 00 00 00 90 2c 00 00 00 00 91 2c   ..,....,....‘, 
    00 00 00 00 00 00 00 5e ff 00 00 00 92 2c 00 00   .......^...’,.. 
    00 00 93 2c 00 00 00 00 94 2c 00 00 00 00 95 2c   ..“,....”,....•, 
    00 00 00 00 96 2c 00 00 00 00 97 2c 00 00 00 fe   ....–,....—,... 
    ff 00 00 00 00 00 00 00 98 2c 00 00 00 00 99 2c   .......,...., 
    00 00 00 00 9a 2c 00 00 00 00 9b 2c 00 00 00 00   ....,....,.... 
    9c 2c 00 00 00 00 00 4f ff 02 00 00 00 00 9d 2c   ,.....O....., 
    00 00 00 00 9e 2c 00 00 00 00 9f 2c 00 00 00 00   ....,....,.... 
    a0 2c 00 00 00 00 00 b2 00 00 00 00 00 00 00 73    ,.....ฒ.......s 
[12/05/2026 14:27:59] Read data (COM11) 
    ff 01 00 02 2e 00 c3 00 00 00 00 00 00 00 00 00   .....ร......... 
    00 00 00 00 00 00 00 00 00 00 00 00 00 00 00 00   ................ 
    00 00 00 00 13 95 23 b4 ff 02 01 02 00 00 00 00   .....•#ด....... 
    00 00 00 00 00 00 00 00 00 ed 00 00 00 00 00 00   .........ํ...... 
    00 00 00 00 00 00 00 00 00 00 00 00 13 95 24 b1   .............•$ฑ 
[12/05/2026 14:27:59] Written data (COM11) 
    ff 01 00 00 ba 00 c3 01 a1 2c 00 00 00 00 a2 2c   ...บ.ร.ก,....ข, 
    00 00 00 00 a3 2c 00 00 00 00 a4 2c 00 00 00 00   ....ฃ,....ค,.... 
    a5 2c 00 00 00 00 00 0b ff 00 00 00 00 00 a6 2c   ฅ,...........ฆ, 
    00 00 00 00 a7 2c 00 00 00 00 a8 2c 00 00 00 00   ....ง,....จ,.... 
    a9 2c 00 00 00 00 aa 2c 00 00 00 00 00 00 00 79   ฉ,....ช,.......y 
    ff 00 00 00 ab 2c 00 00 00 00 ac 2c 00 00 00 00   ...ซ,....ฌ,.... 
    ad 2c 00 00 00 00 ae 2c 00 00 00 00 af 2c 00 00   ญ,....ฎ,....ฏ,.. 
    00 00 b0 2c 00 00 00 e4 ff 00 00 00 00 00 00 00   ..ฐ,...ไ....... 
    b1 2c 00 00 00 00 b2 2c 00 00 00 00 b3 2c 00 00   ฑ,....ฒ,....ณ,.. 
    00 00 b4 2c 00 00 00 00 b5 2c 00 00 00 00 00 62   ..ด,....ต,.....b 
    ff 00 00 00 00 00 b6 2c 00 00 00 00 b7 2c 00 00   .....ถ,....ท,.. 
    00 00 b8 2c 00 00 00 00 b9 2c 00 00 00 00 ba 2c   ..ธ,....น,....บ, 
    00 00 00 00 00 00 00 69 ff 02 00 00 bb 2c 00 00   .......i...ป,.. 
    00 00 bc 2c 00 00 00 00 bd 2c 00 00 00 00 be 2c   ..ผ,....ฝ,....พ, 
    00 00 00 00 00 67 00 00 00 00 00 00 00 00 00 9e   .....g......... 
[12/05/2026 14:27:59] Read data (COM11) 
    ff 01 00 02 23 00 c3 00 00 00 00 00 00 00 00 00   ...#.ร......... 
    00 00 00 00 00 00 00 00 00 00 00 00 00 00 00 00   ................ 
    00 00 00 00 22 95 25 8e ff 02 01 02 00 00 e0 00   ...."•%.....เ. 
    00 00 00 00 00 00 00 00 00 00 00 00 00 00 00 00   ................ 
    00 00 00 00 00 00 00 00 00 00 00 00 22 95 26 8f   ............"•& 
[12/05/2026 14:27:59] Written data (COM11) 
    ff 01 00 00 fc 00 c3 01 bf 2c 00 00 00 00 c0 2c   ....ร.ฟ,....ภ, 
    00 00 00 00 c1 2c 00 00 00 00 c2 2c 00 00 00 00   ....ม,....ย,.... 
    c3 2c 00 00 00 00 00 53 ff 00 00 00 00 00 c4 2c   ร,.....S.....ฤ, 
    00 00 00 00 c5 2c 00 00 00 00 c6 2c 00 00 00 00   ....ล,....ฦ,.... 
    c7 2c 00 00 00 00 c8 2c 00 00 00 00 00 00 00 1b   ว,....ศ,........ 
    ff 00 00 00 c9 2c 00 00 00 00 ca 2c 00 00 00 00   ...ษ,....ส,.... 
    cb 2c 00 00 00 00 cc 2c 00 00 00 00 cd 2c 00 00   ห,....ฬ,....อ,.. 
    00 00 ce 2c 00 00 00 f8 ff 00 00 00 00 00 00 00   ..ฮ,...๘....... 
    cf 2c 00 00 00 00 d0 2c 00 00 00 00 d1 2c 00 00   ฯ,....ะ,....ั,.. 
    00 00 d2 2c 00 00 00 00 d3 2c 00 00 00 00 00 1c   ..า,....ำ,...... 
    ff 00 00 00 00 00 d4 2c 00 00 00 00 d5 2c 00 00   .....ิ,....ี,.. 
    00 00 d6 2c 00 00 00 00 d7 2c 00 00 00 00 d8 2c   ..ึ,....ื,....ุ, 
    00 00 00 00 00 00 00 0b ff 00 00 00 d9 2c 00 00   ...........ู,.. 
    00 00 da 2c 00 00 00 00 db 2c 00 00 00 00 dc 2c   ..ฺ,....,...., 
    00 00 00 00 dd 2c 00 00 00 00 de 2c 00 00 00 f8   ....,....,...๘ 
    ff 00 00 00 00 00 00 00 df 2c 00 00 00 00 e0 2c   .......฿,....เ, 
    00 00 00 00 e1 2c 00 00 00 00 e2 2c 00 00 00 00   ....แ,....โ,.... 
    e3 2c 00 00 00 00 00 0c ff 02 00 00 00 00 e4 2c   ใ,...........ไ, 
    00 00 00 00 e5 2c 00 00 00 00 e6 2c 00 00 00 00   ....ๅ,....ๆ,.... 
    e7 2c 00 00 00 00 00 ad 00 00 00 00 00 00 00 50   ็,.....ญ.......P 
[12/05/2026 14:27:59] Read data (COM11) 
    ff 01 00 02 2e 00 c3 00 00 00 00 00 00 00 00 00   .....ร......... 
    00 00 00 00 00 00 00 00 00 00 00 00 00 00 00 00   ................ 
    00 00 00 00 3c 95 27 9f ff 02 01 02 00 00 00 00   ....<•'....... 
    00 00 00 00 00 00 00 00 00 ed 00 00 00 00 00 00   .........ํ...... 
    00 00 00 00 00 00 00 00 00 00 00 00 3c 95 28 92   ............<•(’ 
[12/05/2026 14:27:59] Written data (COM11) 
    ff 01 00 00 ba 00 c3 01 e8 2c 00 00 00 00 e9 2c   ...บ.ร.่,....้, 
    00 00 00 00 ea 2c 00 00 00 00 eb 2c 00 00 00 00   ....๊,....๋,.... 
    ec 2c 00 00 00 00 00 46 ff 00 00 00 00 00 ed 2c   ์,.....F.....ํ, 
    00 00 00 00 ee 2c 00 00 00 00 ef 2c 00 00 00 00   ....๎,....๏,.... 
    f0 2c 00 00 00 00 f1 2c 00 00 00 00 00 00 00 3e   ๐,....๑,.......> 
    ff 00 00 00 f2 2c 00 00 00 00 f3 2c 00 00 00 00   ...๒,....๓,.... 
    f4 2c 00 00 00 00 f5 2c 00 00 00 00 f6 2c 00 00   ๔,....๕,....๖,.. 
    00 00 f7 2c 00 00 00 fe ff 00 00 00 00 00 00 00   ..๗,.......... 
    f8 2c 00 00 00 00 f9 2c 00 00 00 00 fa 2c 00 00   ๘,....๙,....๚,.. 
    00 00 fb 2c 00 00 00 00 fc 2c 00 00 00 00 00 2f   ..๛,....,...../ 
    ff 00 00 00 00 00 fd 2c 00 00 00 00 fe 2c 00 00   .....,....,.. 
    00 00 ff 2c 00 00 00 00 00 2d 00 00 00 00 01 2d   ..,.....-.....- 
    00 00 00 00 00 00 00 2e ff 02 00 00 02 2d 00 00   ............-.. 
    00 00 03 2d 00 00 00 00 04 2d 00 00 00 00 05 2d   ...-.....-.....- 
    00 00 00 00 00 79 00 00 00 00 00 00 00 00 00 84   .....y......... 
[12/05/2026 14:27:59] Read data (COM11) 
    ff 01 00 02 23 00 c3 00 00 00 00 00 00 00 00 00   ...#.ร......... 
    00 00 00 00 00 00 00 00 00 00 00 00 00 00 00 00   ................ 
    00 00 00 00 4b 95 29 eb ff 02 01 02 00 00 e0 00   ....K•)๋.....เ. 
    00 00 00 00 00 00 00 00 00 00 00 00 00 00 00 00   ................ 
    00 00 00 00 00 00 00 00 00 00 00 00 4b 95 2a ea   ............K•*๊ 
[12/05/2026 14:27:59] Written data (COM11) 
    ff 01 00 00 fc 00 c3 01 06 2d 00 00 00 00 07 2d   ....ร..-.....- 
    00 00 00 00 08 2d 00 00 00 00 09 2d 00 00 00 00   .....-.....-.... 
    0a 2d 00 00 00 00 00 e7 ff 00 00 00 00 00 0b 2d   .-.....็......- 
    00 00 00 00 0c 2d 00 00 00 00 0d 2d 00 00 00 00   .....-.....-.... 
    0e 2d 00 00 00 00 0f 2d 00 00 00 00 00 00 00 d9   .-.....-.......ู 
    ff 00 00 00 10 2d 00 00 00 00 11 2d 00 00 00 00   ....-.....-.... 
    12 2d 00 00 00 00 13 2d 00 00 00 00 14 2d 00 00   .-.....-.....-.. 
    00 00 15 2d 00 00 00 fe ff 00 00 00 00 00 00 00   ...-.......... 
    16 2d 00 00 00 00 17 2d 00 00 00 00 18 2d 00 00   .-.....-.....-.. 
    00 00 19 2d 00 00 00 00 1a 2d 00 00 00 00 00 c8   ...-.....-.....ศ 
    ff 00 00 00 00 00 1b 2d 00 00 00 00 1c 2d 00 00   ......-.....-.. 
    00 00 1d 2d 00 00 00 00 1e 2d 00 00 00 00 1f 2d   ...-.....-.....- 
    00 00 00 00 00 00 00 c9 ff 00 00 00 20 2d 00 00   .......ษ... -.. 
    00 00 21 2d 00 00 00 00 22 2d 00 00 00 00 23 2d   ..!-...."-....#- 
    00 00 00 00 24 2d 00 00 00 00 25 2d 00 00 00 fe   ....$-....%-... 
    ff 00 00 00 00 00 00 00 26 2d 00 00 00 00 27 2d   .......&-....'- 
    00 00 00 00 28 2d 00 00 00 00 29 2d 00 00 00 00   ....(-....)-.... 
    2a 2d 00 00 00 00 00 f8 ff 02 00 00 00 00 2b 2d   *-.....๘.....+- 
    00 00 00 00 2c 2d 00 00 00 00 2d 2d 00 00 00 00   ....,-....--.... 
    2e 2d 00 00 00 00 00 3d 00 00 00 00 00 00 00 c4   .-.....=.......ฤ 
[12/05/2026 14:27:59] Read data (COM11) 
    ff 01 00 02 2e 00 c3 00 00 00 00 00 00 00 00 00   .....ร......... 
    00 00 00 00 00 00 00 00 00 00 00 00 00 00 00 00   ................ 
    00 00 00 00 63 95 2b cc ff 02 01 02 00 00 00 00   ....c•+ฬ....... 
    00 00 00 00 00 00 00 00 00 ed 00 00 00 00 00 00   .........ํ...... 
    00 00 00 00 00 00 00 00 00 00 00 00 63 95 2c c9   ............c•,ษ 
[12/05/2026 14:27:59] Written data (COM11) 
    ff 01 00 00 ba 00 c3 01 2f 2d 00 00 00 00 30 2d   ...บ.ร./-....0- 
    00 00 00 00 31 2d 00 00 00 00 32 2d 00 00 00 00   ....1-....2-.... 
    33 2d 00 00 00 00 00 84 ff 00 00 00 00 00 34 2d   3-..........4- 
    00 00 00 00 35 2d 00 00 00 00 36 2d 00 00 00 00   ....5-....6-.... 
    37 2d 00 00 00 00 38 2d 00 00 00 00 00 00 00 ea   7-....8-.......๊ 
    ff 00 00 00 39 2d 00 00 00 00 3a 2d 00 00 00 00   ...9-....:-.... 
    3b 2d 00 00 00 00 3c 2d 00 00 00 00 3d 2d 00 00   ;-....<-....=-.. 
    00 00 3e 2d 00 00 00 f8 ff 00 00 00 00 00 00 00   ..>-...๘....... 
    3f 2d 00 00 00 00 40 2d 00 00 00 00 41 2d 00 00   ?-....@-....A-.. 
    00 00 42 2d 00 00 00 00 43 2d 00 00 00 00 00 ed   ..B-....C-.....ํ 
    ff 00 00 00 00 00 44 2d 00 00 00 00 45 2d 00 00   .....D-....E-.. 
    00 00 46 2d 00 00 00 00 47 2d 00 00 00 00 48 2d   ..F-....G-....H- 
    00 00 00 00 00 00 00 9a ff 02 00 00 49 2d 00 00   ..........I-.. 
    00 00 4a 2d 00 00 00 00 4b 2d 00 00 00 00 4c 2d   ..J-....K-....L- 
    00 00 00 00 00 1b 00 00 00 00 00 00 00 00 00 e2   ...............โ 
[12/05/2026 14:27:59] Read data (COM11) 
    ff 01 00 02 23 00 c3 00 00 00 00 00 00 00 00 00   ...#.ร......... 
    00 00 00 00 00 00 00 00 00 00 00 00 00 00 00 00   ................ 
    00 00 00 00 75 95 2d d1 ff 02 01 02 00 00 e0 00   ....u•-ั.....เ. 
    00 00 00 00 00 00 00 00 00 00 00 00 00 00 00 00   ................ 
    00 00 00 00 00 00 00 00 00 00 00 00 75 95 2e d0   ............u•.ะ 
[12/05/2026 14:27:59] Written data (COM11) 
    ff 01 00 00 fc 00 c3 01 4d 2d 00 00 00 00 4e 2d   ....ร.M-....N- 
    00 00 00 00 4f 2d 00 00 00 00 50 2d 00 00 00 00   ....O-....P-.... 
    51 2d 00 00 00 00 00 a0 ff 00 00 00 00 00 52 2d   Q-..... .....R- 
    00 00 00 00 53 2d 00 00 00 00 54 2d 00 00 00 00   ....S-....T-.... 
    55 2d 00 00 00 00 56 2d 00 00 00 00 00 00 00 84   U-....V-....... 
    ff 00 00 00 57 2d 00 00 00 00 58 2d 00 00 00 00   ...W-....X-.... 
    59 2d 00 00 00 00 5a 2d 00 00 00 00 5b 2d 00 00   Y-....Z-....[-.. 
    00 00 5c 2d 00 00 00 f4 ff 00 00 00 00 00 00 00   ..\-...๔....... 
    5d 2d 00 00 00 00 5e 2d 00 00 00 00 5f 2d 00 00   ]-....^-...._-.. 
    00 00 60 2d 00 00 00 00 61 2d 00 00 00 00 00 8f   ..`-....a-..... 
    ff 00 00 00 00 00 62 2d 00 00 00 00 63 2d 00 00   .....b-....c-.. 
    00 00 64 2d 00 00 00 00 65 2d 00 00 00 00 66 2d   ..d-....e-....f- 
    00 00 00 00 00 00 00 b4 ff 00 00 00 67 2d 00 00   .......ด...g-.. 
    00 00 68 2d 00 00 00 00 69 2d 00 00 00 00 6a 2d   ..h-....i-....j- 
    00 00 00 00 6b 2d 00 00 00 00 6c 2d 00 00 00 f4   ....k-....l-...๔ 
    ff 00 00 00 00 00 00 00 6d 2d 00 00 00 00 6e 2d   .......m-....n- 
    00 00 00 00 6f 2d 00 00 00 00 70 2d 00 00 00 00   ....o-....p-.... 
    71 2d 00 00 00 00 00 bf ff 02 00 00 00 00 72 2d   q-.....ฟ.....r- 
    00 00 00 00 73 2d 00 00 00 00 74 2d 00 00 00 00   ....s-....t-.... 
    75 2d 00 00 00 00 00 5e 00 00 00 00 00 00 00 a3   u-.....^.......ฃ 
[12/05/2026 14:27:59] Read data (COM11) 
    ff 01 00 02 2e 00 c3 00 00 00 00 00 00 00 00 00   .....ร......... 
    00 00 00 00 00 00 00 00 00 00 00 00 00 00 00 00   ................ 
    00 00 00 00 8c 95 2f 27 ff 02 01 02 00 00 00 00   ....•/'....... 
    00 00 00 00 00 00 00 00 00 ed 00 00 00 00 00 00   .........ํ...... 
    00 00 00 00 00 00 00 00 00 00 00 00 8c 95 30 3a   ............•0: 
[12/05/2026 14:27:59] Written data (COM11) 
    ff 01 00 00 ba 00 c3 01 76 2d 00 00 00 00 77 2d   ...บ.ร.v-....w- 
    00 00 00 00 78 2d 00 00 00 00 79 2d 00 00 00 00   ....x-....y-.... 
    7a 2d 00 00 00 00 00 d1 ff 00 00 00 00 00 7b 2d   z-.....ั.....{- 
    00 00 00 00 7c 2d 00 00 00 00 7d 2d 00 00 00 00   ....|-....}-.... 
    7e 2d 00 00 00 00 7f 2d 00 00 00 00 00 00 00 a9   ~-....-.......ฉ 
    ff 00 00 00 80 2d 00 00 00 00 81 2d 00 00 00 00   ...€-....-.... 
    82 2d 00 00 00 00 83 2d 00 00 00 00 84 2d 00 00   -....-....-.. 
    00 00 85 2d 00 00 00 fe ff 00 00 00 00 00 00 00   ..…-.......... 
    86 2d 00 00 00 00 87 2d 00 00 00 00 88 2d 00 00   -....-....-.. 
    00 00 89 2d 00 00 00 00 8a 2d 00 00 00 00 00 58   ..-....-.....X 
    ff 00 00 00 00 00 8b 2d 00 00 00 00 8c 2d 00 00   .....-....-.. 
    00 00 8d 2d 00 00 00 00 8e 2d 00 00 00 00 8f 2d   ..-....-....- 
    00 00 00 00 00 00 00 59 ff 02 00 00 90 2d 00 00   .......Y...-.. 
    00 00 91 2d 00 00 00 00 92 2d 00 00 00 00 93 2d   ..‘-....’-....“- 
    00 00 00 00 00 79 00 00 00 00 00 00 00 00 00 84   .....y......... 
[12/05/2026 14:27:59] Read data (COM11) 
    ff 01 00 02 23 00 c3 00 00 00 00 00 00 00 00 00   ...#.ร......... 
    00 00 00 00 00 00 00 00 00 00 00 00 00 00 00 00   ................ 
    00 00 00 00 9e 95 31 26 ff 02 01 02 00 00 e0 00   ....•1&.....เ. 
    00 00 00 00 00 00 00 00 00 00 00 00 00 00 00 00   ................ 
    00 00 00 00 00 00 00 00 00 00 00 00 9e 95 32 27   ............•2' 
[12/05/2026 14:27:59] Written data (COM11) 
    ff 01 00 00 fc 00 c3 01 94 2d 00 00 00 00 95 2d   ....ร.”-....•- 
    00 00 00 00 96 2d 00 00 00 00 97 2d 00 00 00 00   ....–-....—-.... 
    98 2d 00 00 00 00 00 75 ff 00 00 00 00 00 99 2d   -.....u.....- 
    00 00 00 00 9a 2d 00 00 00 00 9b 2d 00 00 00 00   ....-....-.... 
    9c 2d 00 00 00 00 9d 2d 00 00 00 00 00 00 00 4b   -....-.......K 
    ff 00 00 00 9e 2d 00 00 00 00 9f 2d 00 00 00 00   ...-....-.... 
    a0 2d 00 00 00 00 a1 2d 00 00 00 00 a2 2d 00 00    -....ก-....ข-.. 
    00 00 a3 2d 00 00 00 fe ff 00 00 00 00 00 00 00   ..ฃ-.......... 
    a4 2d 00 00 00 00 a5 2d 00 00 00 00 a6 2d 00 00   ค-....ฅ-....ฆ-.. 
    00 00 a7 2d 00 00 00 00 a8 2d 00 00 00 00 00 7a   ..ง-....จ-.....z 
    ff 00 00 00 00 00 a9 2d 00 00 00 00 aa 2d 00 00   .....ฉ-....ช-.. 
    00 00 ab 2d 00 00 00 00 ac 2d 00 00 00 00 ad 2d   ..ซ-....ฌ-....ญ- 
    00 00 00 00 00 00 00 7b ff 00 00 00 ae 2d 00 00   .......{...ฎ-.. 
    00 00 af 2d 00 00 00 00 b0 2d 00 00 00 00 b1 2d   ..ฏ-....ฐ-....ฑ- 
    00 00 00 00 b2 2d 00 00 00 00 b3 2d 00 00 00 fe   ....ฒ-....ณ-... 
    ff 00 00 00 00 00 00 00 b4 2d 00 00 00 00 b5 2d   .......ด-....ต- 
    00 00 00 00 b6 2d 00 00 00 00 b7 2d 00 00 00 00   ....ถ-....ท-.... 
    b8 2d 00 00 00 00 00 6a ff 02 00 00 00 00 b9 2d   ธ-.....j.....น- 
    00 00 00 00 ba 2d 00 00 00 00 bb 2d 00 00 00 00   ....บ-....ป-.... 
    bc 2d 00 00 00 00 00 af 00 00 00 00 00 00 00 56   ผ-.....ฏ.......V 
[12/05/2026 14:27:59] Read data (COM11) 
    ff 01 00 02 2e 00 c3 00 00 00 00 00 00 00 00 00   .....ร......... 
    00 00 00 00 00 00 00 00 00 00 00 00 00 00 00 00   ................ 
    00 00 00 00 b4 95 33 03 ff 02 01 02 00 00 00 00   ....ด•3........ 
    00 00 00 00 00 00 00 00 00 ed 00 00 00 00 00 00   .........ํ...... 
    00 00 00 00 00 00 00 00 00 00 00 00 b4 95 34 06   ............ด•4. 
[12/05/2026 14:27:59] Written data (COM11) 
    ff 01 00 00 ba 00 c3 01 bd 2d 00 00 00 00 be 2d   ...บ.ร.ฝ-....พ- 
    00 00 00 00 bf 2d 00 00 00 00 c0 2d 00 00 00 00   ....ฟ-....ภ-.... 
    c1 2d 00 00 00 00 00 16 ff 00 00 00 00 00 c2 2d   ม-...........ย- 
    00 00 00 00 c3 2d 00 00 00 00 c4 2d 00 00 00 00   ....ร-....ฤ-.... 
    c5 2d 00 00 00 00 c6 2d 00 00 00 00 00 00 00 14   ล-....ฦ-........ 
    ff 00 00 00 c7 2d 00 00 00 00 c8 2d 00 00 00 00   ...ว-....ศ-.... 
    c9 2d 00 00 00 00 ca 2d 00 00 00 00 cb 2d 00 00   ษ-....ส-....ห-.. 
    00 00 cc 2d 00 00 00 f4 ff 00 00 00 00 00 00 00   ..ฬ-...๔....... 
    cd 2d 00 00 00 00 ce 2d 00 00 00 00 cf 2d 00 00   อ-....ฮ-....ฯ-.. 
    00 00 d0 2d 00 00 00 00 d1 2d 00 00 00 00 00 1f   ..ะ-....ั-...... 
    ff 00 00 00 00 00 d2 2d 00 00 00 00 d3 2d 00 00   .....า-....ำ-.. 
    00 00 d4 2d 00 00 00 00 d5 2d 00 00 00 00 d6 2d   ..ิ-....ี-....ึ- 
    00 00 00 00 00 00 00 04 ff 02 00 00 d7 2d 00 00   ...........ื-.. 
    00 00 d8 2d 00 00 00 00 d9 2d 00 00 00 00 da 2d   ..ุ-....ู-....ฺ- 
    00 00 00 00 00 1f 00 00 00 00 00 00 00 00 00 ee   ...............๎ 
[12/05/2026 14:27:59] Read data (COM11) 
    ff 01 00 02 23 00 c3 00 00 00 00 00 00 00 00 00   ...#.ร......... 
    00 00 00 00 00 00 00 00 00 00 00 00 00 00 00 00   ................ 
    00 00 00 00 c6 95 35 7a ff 02 01 02 00 00 e0 00   ....ฦ•5z.....เ. 
    00 00 00 00 00 00 00 00 00 00 00 00 00 00 00 00   ................ 
    00 00 00 00 00 00 00 00 00 00 00 00 c6 95 36 7b   ............ฦ•6{ 
[12/05/2026 14:27:59] Written data (COM11) 
    ff 01 00 00 fc 00 c3 01 db 2d 00 00 00 00 dc 2d   ....ร.-....- 
    00 00 00 00 dd 2d 00 00 00 00 de 2d 00 00 00 00   ....-....-.... 
    df 2d 00 00 00 00 00 36 ff 00 00 00 00 00 e0 2d   ฿-.....6.....เ- 
    00 00 00 00 e1 2d 00 00 00 00 e2 2d 00 00 00 00   ....แ-....โ-.... 
    e3 2d 00 00 00 00 e4 2d 00 00 00 00 00 00 00 36   ใ-....ไ-.......6 
    ff 00 00 00 e5 2d 00 00 00 00 e6 2d 00 00 00 00   ...ๅ-....ๆ-.... 
    e7 2d 00 00 00 00 e8 2d 00 00 00 00 e9 2d 00 00   ็-....่-....้-.. 
    00 00 ea 2d 00 00 00 f0 ff 00 00 00 00 00 00 00   ..๊-...๐....... 
    eb 2d 00 00 00 00 ec 2d 00 00 00 00 ed 2d 00 00   ๋-....์-....ํ-.. 
    00 00 ee 2d 00 00 00 00 ef 2d 00 00 00 00 00 39   ..๎-....๏-.....9 
    ff 00 00 00 00 00 f0 2d 00 00 00 00 f1 2d 00 00   .....๐-....๑-.. 
    00 00 f2 2d 00 00 00 00 f3 2d 00 00 00 00 f4 2d   ..๒-....๓-....๔- 
    00 00 00 00 00 00 00 26 ff 00 00 00 f5 2d 00 00   .......&...๕-.. 
    00 00 f6 2d 00 00 00 00 f7 2d 00 00 00 00 f8 2d   ..๖-....๗-....๘- 
    00 00 00 00 f9 2d 00 00 00 00 fa 2d 00 00 00 f0   ....๙-....๚-...๐ 
    ff 00 00 00 00 00 00 00 fb 2d 00 00 00 00 fc 2d   .......๛-....- 
    00 00 00 00 fd 2d 00 00 00 00 fe 2d 00 00 00 00   ....-....-.... 
    ff 2d 00 00 00 00 00 29 ff 02 00 00 00 00 00 2e   -.....)....... 
    00 00 00 00 01 2e 00 00 00 00 02 2e 00 00 00 00   ................ 
    03 2e 00 00 00 00 00 c8 00 00 00 00 00 00 00 35   .......ศ.......5 
[12/05/2026 14:27:59] Read data (COM11) 
    ff 01 00 02 2e 00 c3 00 00 00 00 00 00 00 00 00   .....ร......... 
    00 00 00 00 00 00 00 00 00 00 00 00 00 00 00 00   ................ 
    00 00 00 00 dd 95 37 6e ff 02 01 02 00 00 00 00   ....•7n....... 
    00 00 00 00 00 00 00 00 00 ed 00 00 00 00 00 00   .........ํ...... 
    00 00 00 00 00 00 00 00 00 00 00 00 dd 95 38 63   ............•8c 
[12/05/2026 14:27:59] Written data (COM11) 
    ff 01 00 00 ba 00 c3 01 04 2e 00 00 00 00 05 2e   ...บ.ร......... 
    00 00 00 00 06 2e 00 00 00 00 07 2e 00 00 00 00   ................ 
    08 2e 00 00 00 00 00 a0 ff 00 00 00 00 00 09 2e   ....... ....... 
    00 00 00 00 0a 2e 00 00 00 00 0b 2e 00 00 00 00   ................ 
    0c 2e 00 00 00 00 0d 2e 00 00 00 00 00 00 00 d8   ...............ุ 
    ff 00 00 00 0e 2e 00 00 00 00 0f 2e 00 00 00 00   ............... 
    10 2e 00 00 00 00 11 2e 00 00 00 00 12 2e 00 00   ................ 
    00 00 13 2e 00 00 00 fe ff 00 00 00 00 00 00 00   .............. 
    14 2e 00 00 00 00 15 2e 00 00 00 00 16 2e 00 00   ................ 
    00 00 17 2e 00 00 00 00 18 2e 00 00 00 00 00 c9   ...............ษ 
    ff 00 00 00 00 00 19 2e 00 00 00 00 1a 2e 00 00   ............... 
    00 00 1b 2e 00 00 00 00 1c 2e 00 00 00 00 1d 2e   ................ 
    00 00 00 00 00 00 00 c8 ff 02 00 00 1e 2e 00 00   .......ศ....... 
    00 00 1f 2e 00 00 00 00 20 2e 00 00 00 00 21 2e   ........ .....!. 
    00 00 00 00 00 79 00 00 00 00 00 00 00 00 00 84   .....y......... 
[12/05/2026 14:27:59] Read data (COM11) 
    ff 01 00 02 23 00 c3 00 00 00 00 00 00 00 00 00   ...#.ร......... 
    00 00 00 00 00 00 00 00 00 00 00 00 00 00 00 00   ................ 
    00 00 00 00 ee 95 39 5e ff 02 01 02 00 00 e0 00   ....๎•9^.....เ. 
    00 00 00 00 00 00 00 00 00 00 00 00 00 00 00 00   ................ 
    00 00 00 00 00 00 00 00 00 00 00 00 ee 95 3a 5f   ............๎•:_ 
[12/05/2026 14:27:59] Written data (COM11) 
    ff 01 00 00 fc 00 c3 01 22 2e 00 00 00 00 23 2e   ....ร.".....#. 
    00 00 00 00 24 2e 00 00 00 00 25 2e 00 00 00 00   ....$.....%..... 
    26 2e 00 00 00 00 00 c8 ff 00 00 00 00 00 27 2e   &......ศ.....'. 
    00 00 00 00 28 2e 00 00 00 00 29 2e 00 00 00 00   ....(.....)..... 
    2a 2e 00 00 00 00 2b 2e 00 00 00 00 00 00 00 f6   *.....+........๖ 
    ff 00 00 00 2c 2e 00 00 00 00 2d 2e 00 00 00 00   ...,.....-..... 
    2e 2e 00 00 00 00 2f 2e 00 00 00 00 30 2e 00 00   ....../.....0... 
    00 00 31 2e 00 00 00 fe ff 00 00 00 00 00 00 00   ..1........... 
    32 2e 00 00 00 00 33 2e 00 00 00 00 34 2e 00 00   2.....3.....4... 
    00 00 35 2e 00 00 00 00 36 2e 00 00 00 00 00 e7   ..5.....6......็ 
    ff 00 00 00 00 00 37 2e 00 00 00 00 38 2e 00 00   .....7.....8... 
    00 00 39 2e 00 00 00 00 3a 2e 00 00 00 00 3b 2e   ..9.....:.....;. 
    00 00 00 00 00 00 00 e6 ff 00 00 00 3c 2e 00 00   .......ๆ...<... 
    00 00 3d 2e 00 00 00 00 3e 2e 00 00 00 00 3f 2e   ..=.....>.....?. 
    00 00 00 00 40 2e 00 00 00 00 41 2e 00 00 00 fe   ....@.....A.... 
    ff 00 00 00 00 00 00 00 42 2e 00 00 00 00 43 2e   .......B.....C. 
    00 00 00 00 44 2e 00 00 00 00 45 2e 00 00 00 00   ....D.....E..... 
    46 2e 00 00 00 00 00 97 ff 02 00 00 00 00 47 2e   F......—.....G. 
    00 00 00 00 48 2e 00 00 00 00 49 2e 00 00 00 00   ....H.....I..... 
    4a 2e 00 00 00 00 00 5a 00 00 00 00 00 00 00 ab   J......Z.......ซ 
[12/05/2026 14:27:59] Read data (COM11) 
    ff 01 00 02 2e 00 c3 00 00 00 00 00 00 00 00 00   .....ร......... 
    00 00 00 00 00 00 00 00 00 00 00 00 00 00 00 00   ................ 
    00 00 00 00 05 96 3b b9 ff 02 01 02 00 00 00 00   .....–;น....... 
    00 00 00 00 00 00 00 00 00 ed 00 00 00 00 00 00   .........ํ...... 
    00 00 00 00 00 00 00 00 00 00 00 00 05 96 3c bc   .............–<ผ 
[12/05/2026 14:27:59] Written data (COM11) 
    ff 01 00 00 ba 00 c3 01 4b 2e 00 00 00 00 4c 2e   ...บ.ร.K.....L. 
    00 00 00 00 4d 2e 00 00 00 00 4e 2e 00 00 00 00   ....M.....N..... 
    4f 2e 00 00 00 00 00 e3 ff 00 00 00 00 00 50 2e   O......ใ.....P. 
    00 00 00 00 51 2e 00 00 00 00 52 2e 00 00 00 00   ....Q.....R..... 
    53 2e 00 00 00 00 54 2e 00 00 00 00 00 00 00 85   S.....T........… 
    ff 00 00 00 55 2e 00 00 00 00 56 2e 00 00 00 00   ...U.....V..... 
    57 2e 00 00 00 00 58 2e 00 00 00 00 59 2e 00 00   W.....X.....Y... 
    00 00 5a 2e 00 00 00 f0 ff 00 00 00 00 00 00 00   ..Z....๐....... 
    5b 2e 00 00 00 00 5c 2e 00 00 00 00 5d 2e 00 00   [.....\.....]... 
    00 00 5e 2e 00 00 00 00 5f 2e 00 00 00 00 00 8a   ..^....._...... 
    ff 00 00 00 00 00 60 2e 00 00 00 00 61 2e 00 00   .....`.....a... 
    00 00 62 2e 00 00 00 00 63 2e 00 00 00 00 64 2e   ..b.....c.....d. 
    00 00 00 00 00 00 00 b5 ff 02 00 00 65 2e 00 00   .......ต...e... 
    00 00 66 2e 00 00 00 00 67 2e 00 00 00 00 68 2e   ..f.....g.....h. 
    00 00 00 00 00 5b 00 00 00 00 00 00 00 00 00 aa   .....[.........ช 
[12/05/2026 14:27:59] Read data (COM11) 
    ff 01 00 02 23 00 c3 00 00 00 00 00 00 00 00 00   ...#.ร......... 
    00 00 00 00 00 00 00 00 00 00 00 00 00 00 00 00   ................ 
    00 00 00 00 17 96 3d a0 ff 02 01 02 00 00 e0 00   .....–= .....เ. 
    00 00 00 00 00 00 00 00 00 00 00 00 00 00 00 00   ................ 
    00 00 00 00 00 00 00 00 00 00 00 00 17 96 3e a1   .............–>ก 
[12/05/2026 14:27:59] Written data (COM11) 
    ff 01 00 00 fc 00 c3 01 69 2e 00 00 00 00 6a 2e   ....ร.i.....j. 
    00 00 00 00 6b 2e 00 00 00 00 6c 2e 00 00 00 00   ....k.....l..... 
    6d 2e 00 00 00 00 00 87 ff 00 00 00 00 00 6e 2e   m...........n. 
    00 00 00 00 6f 2e 00 00 00 00 70 2e 00 00 00 00   ....o.....p..... 
    71 2e 00 00 00 00 72 2e 00 00 00 00 00 00 00 a3   q.....r........ฃ 
    ff 00 00 00 73 2e 00 00 00 00 74 2e 00 00 00 00   ...s.....t..... 
    75 2e 00 00 00 00 76 2e 00 00 00 00 77 2e 00 00   u.....v.....w... 
    00 00 78 2e 00 00 00 f4 ff 00 00 00 00 00 00 00   ..x....๔....... 
    79 2e 00 00 00 00 7a 2e 00 00 00 00 7b 2e 00 00   y.....z.....{... 
    00 00 7c 2e 00 00 00 00 7d 2e 00 00 00 00 00 a8   ..|.....}......จ 
    ff 00 00 00 00 00 7e 2e 00 00 00 00 7f 2e 00 00   .....~........ 
    00 00 80 2e 00 00 00 00 81 2e 00 00 00 00 82 2e   ..€........... 
    00 00 00 00 00 00 00 53 ff 00 00 00 83 2e 00 00   .......S...... 
    00 00 84 2e 00 00 00 00 85 2e 00 00 00 00 86 2e   .......…...... 
    00 00 00 00 87 2e 00 00 00 00 88 2e 00 00 00 f4   .............๔ 
    ff 00 00 00 00 00 00 00 89 2e 00 00 00 00 8a 2e   ............. 
    00 00 00 00 8b 2e 00 00 00 00 8c 2e 00 00 00 00   .............. 
    8d 2e 00 00 00 00 00 58 ff 02 00 00 00 00 8e 2e   ......X...... 
    00 00 00 00 8f 2e 00 00 00 00 90 2e 00 00 00 00   .............. 
    91 2e 00 00 00 00 00 79 00 00 00 00 00 00 00 84   ‘......y....... 
[12/05/2026 14:27:59] Read data (COM11) 
    ff 01 00 02 2e 00 c3 00 00 00 00 00 00 00 00 00   .....ร......... 
    00 00 00 00 00 00 00 00 00 00 00 00 00 00 00 00   ................ 
    00 00 00 00 2d 96 3f 95 ff 02 01 02 00 00 00 00   ....-–?•....... 
    00 00 00 00 00 00 00 00 00 ed 00 00 00 00 00 00   .........ํ...... 
    00 00 00 00 00 00 00 00 00 00 00 00 2d 96 40 e8   ............-–@่ 
[12/05/2026 14:27:59] Written data (COM11) 
    ff 01 00 00 ba 00 c3 01 92 2e 00 00 00 00 93 2e   ...บ.ร.’.....“. 
    00 00 00 00 94 2e 00 00 00 00 95 2e 00 00 00 00   ....”.....•..... 
    96 2e 00 00 00 00 00 3e ff 00 00 00 00 00 97 2e   –......>.....—. 
    00 00 00 00 98 2e 00 00 00 00 99 2e 00 00 00 00   .............. 
    9a 2e 00 00 00 00 9b 2e 00 00 00 00 00 00 00 46   .............F 
    ff 00 00 00 9c 2e 00 00 00 00 9d 2e 00 00 00 00   ............. 
    9e 2e 00 00 00 00 9f 2e 00 00 00 00 a0 2e 00 00   .......... ... 
    00 00 a1 2e 00 00 00 fe ff 00 00 00 00 00 00 00   ..ก........... 
    a2 2e 00 00 00 00 a3 2e 00 00 00 00 a4 2e 00 00   ข.....ฃ.....ค... 
    00 00 a5 2e 00 00 00 00 a6 2e 00 00 00 00 00 77   ..ฅ.....ฆ......w 
    ff 00 00 00 00 00 a7 2e 00 00 00 00 a8 2e 00 00   .....ง.....จ... 
    00 00 a9 2e 00 00 00 00 aa 2e 00 00 00 00 ab 2e   ..ฉ.....ช.....ซ. 
    00 00 00 00 00 00 00 76 ff 02 00 00 ac 2e 00 00   .......v...ฌ... 
    00 00 ad 2e 00 00 00 00 ae 2e 00 00 00 00 af 2e   ..ญ.....ฎ.....ฏ. 
    00 00 00 00 00 79 00 00 00 00 00 00 00 00 00 84   .....y......... 
[12/05/2026 14:27:59] Read data (COM11) 
    ff 01 00 02 23 00 c3 00 00 00 00 00 00 00 00 00   ...#.ร......... 
    00 00 00 00 00 00 00 00 00 00 00 00 00 00 00 00   ................ 
    00 00 00 00 3f 96 41 f4 ff 02 01 02 00 00 e0 00   ....?–A๔.....เ. 
    00 00 00 00 00 00 00 00 00 00 00 00 00 00 00 00   ................ 
    00 00 00 00 00 00 00 00 00 00 00 00 3f 96 42 f5   ............?–B๕ 
[12/05/2026 14:27:59] Written data (COM11) 
    ff 01 00 00 fc 00 c3 01 b0 2e 00 00 00 00 b1 2e   ....ร.ฐ.....ฑ. 
    00 00 00 00 b2 2e 00 00 00 00 b3 2e 00 00 00 00   ....ฒ.....ณ..... 
    b4 2e 00 00 00 00 00 5a ff 00 00 00 00 00 b5 2e   ด......Z.....ต. 
    00 00 00 00 b6 2e 00 00 00 00 b7 2e 00 00 00 00   ....ถ.....ท..... 
    b8 2e 00 00 00 00 b9 2e 00 00 00 00 00 00 00 64   ธ.....น........d 
    ff 00 00 00 ba 2e 00 00 00 00 bb 2e 00 00 00 00   ...บ.....ป..... 
    bc 2e 00 00 00 00 bd 2e 00 00 00 00 be 2e 00 00   ผ.....ฝ.....พ... 
    00 00 bf 2e 00 00 00 fe ff 00 00 00 00 00 00 00   ..ฟ........... 
    c0 2e 00 00 00 00 c1 2e 00 00 00 00 c2 2e 00 00   ภ.....ม.....ย... 
    00 00 c3 2e 00 00 00 00 c4 2e 00 00 00 00 00 15   ..ร.....ฤ....... 
    ff 00 00 00 00 00 c5 2e 00 00 00 00 c6 2e 00 00   .....ล.....ฦ... 
    00 00 c7 2e 00 00 00 00 c8 2e 00 00 00 00 c9 2e   ..ว.....ศ.....ษ. 
    00 00 00 00 00 00 00 14 ff 00 00 00 ca 2e 00 00   ...........ส... 
    00 00 cb 2e 00 00 00 00 cc 2e 00 00 00 00 cd 2e   ..ห.....ฬ.....อ. 
    00 00 00 00 ce 2e 00 00 00 00 cf 2e 00 00 00 fe   ....ฮ.....ฯ.... 
    ff 00 00 00 00 00 00 00 d0 2e 00 00 00 00 d1 2e   .......ะ.....ั. 
    00 00 00 00 d2 2e 00 00 00 00 d3 2e 00 00 00 00   ....า.....ำ..... 
    d4 2e 00 00 00 00 00 05 ff 02 00 00 00 00 d5 2e   ิ............ี. 
    00 00 00 00 d6 2e 00 00 00 00 d7 2e 00 00 00 00   ....ึ.....ื..... 
    d8 2e 00 00 00 00 00 c8 00 00 00 00 00 00 00 39   ุ......ศ.......9 
[12/05/2026 14:27:59] Read data (COM11) 
    ff 01 00 02 2e 00 c3 00 00 00 00 00 00 00 00 00   .....ร......... 
    00 00 00 00 00 00 00 00 00 00 00 00 00 00 00 00   ................ 
    00 00 00 00 56 96 43 92 ff 02 01 02 00 00 00 00   ....V–C’....... 
    00 00 00 00 00 00 00 00 00 ed 00 00 00 00 00 00   .........ํ...... 
    00 00 00 00 00 00 00 00 00 00 00 00 56 96 44 97   ............V–D— 
[12/05/2026 14:27:59] Written data (COM11) 
    ff 01 00 00 ba 00 c3 01 d9 2e 00 00 00 00 da 2e   ...บ.ร.ู.....ฺ. 
    00 00 00 00 db 2e 00 00 00 00 dc 2e 00 00 00 00   .............. 
    dd 2e 00 00 00 00 00 71 ff 00 00 00 00 00 de 2e   ......q...... 
    00 00 00 00 df 2e 00 00 00 00 e0 2e 00 00 00 00   ....฿.....เ..... 
    e1 2e 00 00 00 00 e2 2e 00 00 00 00 00 00 00 33   แ.....โ........3 
    ff 00 00 00 e3 2e 00 00 00 00 e4 2e 00 00 00 00   ...ใ.....ไ..... 
    e5 2e 00 00 00 00 e6 2e 00 00 00 00 e7 2e 00 00   ๅ.....ๆ.....็... 
    00 00 e8 2e 00 00 00 f4 ff 00 00 00 00 00 00 00   ..่....๔....... 
    e9 2e 00 00 00 00 ea 2e 00 00 00 00 eb 2e 00 00   ้.....๊.....๋... 
    00 00 ec 2e 00 00 00 00 ed 2e 00 00 00 00 00 38   ..์.....ํ......8 
    ff 00 00 00 00 00 ee 2e 00 00 00 00 ef 2e 00 00   .....๎.....๏... 
    00 00 f0 2e 00 00 00 00 f1 2e 00 00 00 00 f2 2e   ..๐.....๑.....๒. 
    00 00 00 00 00 00 00 23 ff 02 00 00 f3 2e 00 00   .......#...๓... 
    00 00 f4 2e 00 00 00 00 f5 2e 00 00 00 00 f6 2e   ..๔.....๕.....๖. 
    00 00 00 00 00 57 00 00 00 00 00 00 00 00 00 ae   .....W.........ฎ 
[12/05/2026 14:27:59] Read data (COM11) 
    ff 01 00 02 23 00 c3 00 00 00 00 00 00 00 00 00   ...#.ร......... 
    00 00 00 00 00 00 00 00 00 00 00 00 00 00 00 00   ................ 
    00 00 00 00 64 96 45 ab ff 02 01 02 00 00 e0 00   ....d–Eซ.....เ. 
    00 00 00 00 00 00 00 00 00 00 00 00 00 00 00 00   ................ 
    00 00 00 00 00 00 00 00 00 00 00 00 64 96 46 aa   ............d–Fช 
[12/05/2026 14:27:59] Written data (COM11) 
    ff 01 00 00 fc 00 c3 01 f7 2e 00 00 00 00 f8 2e   ....ร.๗.....๘. 
    00 00 00 00 f9 2e 00 00 00 00 fa 2e 00 00 00 00   ....๙.....๚..... 
    fb 2e 00 00 00 00 00 19 ff 00 00 00 00 00 fc 2e   ๛............. 
    00 00 00 00 fd 2e 00 00 00 00 fe 2e 00 00 00 00   .............. 
    ff 2e 00 00 00 00 00 2f 00 00 00 00 00 00 00 d0   ....../.......ะ 
    ff 00 00 00 01 2f 00 00 00 00 02 2f 00 00 00 00   ..../...../.... 
    03 2f 00 00 00 00 04 2f 00 00 00 00 05 2f 00 00   ./...../...../.. 
    00 00 06 2f 00 00 00 f8 ff 00 00 00 00 00 00 00   .../...๘....... 
    07 2f 00 00 00 00 08 2f 00 00 00 00 09 2f 00 00   ./...../...../.. 
    00 00 0a 2f 00 00 00 00 0b 2f 00 00 00 00 00 d7   .../...../.....ื 
    ff 00 00 00 00 00 0c 2f 00 00 00 00 0d 2f 00 00   ....../...../.. 
    00 00 0e 2f 00 00 00 00 0f 2f 00 00 00 00 10 2f   .../...../...../ 
    00 00 00 00 00 00 00 c0 ff 00 00 00 11 2f 00 00   .......ภ..../.. 
    00 00 12 2f 00 00 00 00 13 2f 00 00 00 00 14 2f   .../...../...../ 
    00 00 00 00 15 2f 00 00 00 00 16 2f 00 00 00 f8   ...../...../...๘ 
    ff 00 00 00 00 00 00 00 17 2f 00 00 00 00 18 2f   ......../...../ 
    00 00 00 00 19 2f 00 00 00 00 1a 2f 00 00 00 00   ...../...../.... 
    1b 2f 00 00 00 00 00 c7 ff 02 00 00 00 00 1c 2f   ./.....ว....../ 
    00 00 00 00 1d 2f 00 00 00 00 1e 2f 00 00 00 00   ...../...../.... 
    1f 2f 00 00 00 00 00 e7 00 00 00 00 00 00 00 1a   ./.....็........ 
[12/05/2026 14:27:59] Read data (COM11) 
    ff 01 00 02 2e 00 c3 00 00 00 00 00 00 00 00 00   .....ร......... 
    00 00 00 00 00 00 00 00 00 00 00 00 00 00 00 00   ................ 
    00 00 00 00 7f 96 47 bf ff 02 01 02 00 00 00 00   ....–Gฟ....... 
    00 00 00 00 00 00 00 00 00 ed 00 00 00 00 00 00   .........ํ...... 
    00 00 00 00 00 00 00 00 00 00 00 00 7f 96 48 b2   ............–Hฒ 
[12/05/2026 14:27:59] Written data (COM11) 
    ff 01 00 00 ba 00 c3 01 20 2f 00 00 00 00 21 2f   ...บ.ร. /....!/ 
    00 00 00 00 22 2f 00 00 00 00 23 2f 00 00 00 00   ...."/....#/.... 
    24 2f 00 00 00 00 00 8d ff 00 00 00 00 00 25 2f   $/..........%/ 
    00 00 00 00 26 2f 00 00 00 00 27 2f 00 00 00 00   ....&/....'/.... 
    28 2f 00 00 00 00 29 2f 00 00 00 00 00 00 00 f5   (/....)/.......๕ 
    ff 00 00 00 2a 2f 00 00 00 00 2b 2f 00 00 00 00   ...*/....+/.... 
    2c 2f 00 00 00 00 2d 2f 00 00 00 00 2e 2f 00 00   ,/....-/...../.. 
    00 00 2f 2f 00 00 00 fe ff 00 00 00 00 00 00 00   ..//.......... 
    30 2f 00 00 00 00 31 2f 00 00 00 00 32 2f 00 00   0/....1/....2/.. 
    00 00 33 2f 00 00 00 00 34 2f 00 00 00 00 00 e4   ..3/....4/.....ไ 
    ff 00 00 00 00 00 35 2f 00 00 00 00 36 2f 00 00   .....5/....6/.. 
    00 00 37 2f 00 00 00 00 38 2f 00 00 00 00 39 2f   ..7/....8/....9/ 
    00 00 00 00 00 00 00 e5 ff 02 00 00 3a 2f 00 00   .......ๅ...:/.. 
    00 00 3b 2f 00 00 00 00 3c 2f 00 00 00 00 3d 2f   ..;/....</....=/ 
    00 00 00 00 00 79 00 00 00 00 00 00 00 00 00 84   .....y......... 
[12/05/2026 14:27:59] Read data (COM11) 
    ff 01 00 02 23 00 c3 00 00 00 00 00 00 00 00 00   ...#.ร......... 
    00 00 00 00 00 00 00 00 00 00 00 00 00 00 00 00   ................ 
    00 00 00 00 8d 96 49 4e ff 02 01 02 00 00 e0 00   ....–IN.....เ. 
    00 00 00 00 00 00 00 00 00 00 00 00 00 00 00 00   ................ 
    00 00 00 00 00 00 00 00 00 00 00 00 8d 96 4a 4f   ............–JO 
[12/05/2026 14:27:59] Written data (COM11) 
    ff 01 00 00 fc 00 c3 01 3e 2f 00 00 00 00 3f 2f   ....ร.>/....?/ 
    00 00 00 00 40 2f 00 00 00 00 41 2f 00 00 00 00   ....@/....A/.... 
    42 2f 00 00 00 00 00 ad ff 00 00 00 00 00 43 2f   B/.....ญ.....C/ 
    00 00 00 00 44 2f 00 00 00 00 45 2f 00 00 00 00   ....D/....E/.... 
    46 2f 00 00 00 00 47 2f 00 00 00 00 00 00 00 93   F/....G/.......“ 
    ff 00 00 00 48 2f 00 00 00 00 49 2f 00 00 00 00   ...H/....I/.... 
    4a 2f 00 00 00 00 4b 2f 00 00 00 00 4c 2f 00 00   J/....K/....L/.. 
    00 00 4d 2f 00 00 00 fe ff 00 00 00 00 00 00 00   ..M/.......... 
    4e 2f 00 00 00 00 4f 2f 00 00 00 00 50 2f 00 00   N/....O/....P/.. 
    00 00 51 2f 00 00 00 00 52 2f 00 00 00 00 00 82   ..Q/....R/..... 
    ff 00 00 00 00 00 53 2f 00 00 00 00 54 2f 00 00   .....S/....T/.. 
    00 00 55 2f 00 00 00 00 56 2f 00 00 00 00 57 2f   ..U/....V/....W/ 
    00 00 00 00 00 00 00 83 ff 00 00 00 58 2f 00 00   ..........X/.. 
    00 00 59 2f 00 00 00 00 5a 2f 00 00 00 00 5b 2f   ..Y/....Z/....[/ 
    00 00 00 00 5c 2f 00 00 00 00 5d 2f 00 00 00 fe   ....\/....]/... 
    ff 00 00 00 00 00 00 00 5e 2f 00 00 00 00 5f 2f   .......^/...._/ 
    00 00 00 00 60 2f 00 00 00 00 61 2f 00 00 00 00   ....`/....a/.... 
    62 2f 00 00 00 00 00 b2 ff 02 00 00 00 00 63 2f   b/.....ฒ.....c/ 
    00 00 00 00 64 2f 00 00 00 00 65 2f 00 00 00 00   ....d/....e/.... 
    66 2f 00 00 00 00 00 77 00 00 00 00 00 00 00 8e   f/.....w....... 
[12/05/2026 14:27:59] Read data (COM11) 
    ff 01 00 02 2e 00 c3 00 00 00 00 00 00 00 00 00   .....ร......... 
    00 00 00 00 00 00 00 00 00 00 00 00 00 00 00 00   ................ 
    00 00 00 00 a4 96 4b 68 ff 02 01 02 00 00 00 00   ....ค–Kh....... 
    00 00 00 00 00 00 00 00 00 ed 00 00 00 00 00 00   .........ํ...... 
    00 00 00 00 00 00 00 00 00 00 00 00 a4 96 4c 6d   ............ค–Lm 
[12/05/2026 14:27:59] Written data (COM11) 
    ff 01 00 00 ba 00 c3 01 67 2f 00 00 00 00 68 2f   ...บ.ร.g/....h/ 
    00 00 00 00 69 2f 00 00 00 00 6a 2f 00 00 00 00   ....i/....j/.... 
    6b 2f 00 00 00 00 00 ce ff 00 00 00 00 00 6c 2f   k/.....ฮ.....l/ 
    00 00 00 00 6d 2f 00 00 00 00 6e 2f 00 00 00 00   ....m/....n/.... 
    6f 2f 00 00 00 00 70 2f 00 00 00 00 00 00 00 a0   o/....p/.......  
    ff 00 00 00 71 2f 00 00 00 00 72 2f 00 00 00 00   ...q/....r/.... 
    73 2f 00 00 00 00 74 2f 00 00 00 00 75 2f 00 00   s/....t/....u/.. 
    00 00 76 2f 00 00 00 f8 ff 00 00 00 00 00 00 00   ..v/...๘....... 
    77 2f 00 00 00 00 78 2f 00 00 00 00 79 2f 00 00   w/....x/....y/.. 
    00 00 7a 2f 00 00 00 00 7b 2f 00 00 00 00 00 a7   ..z/....{/.....ง 
    ff 00 00 00 00 00 7c 2f 00 00 00 00 7d 2f 00 00   .....|/....}/.. 
    00 00 7e 2f 00 00 00 00 7f 2f 00 00 00 00 80 2f   ..~/..../....€/ 
    00 00 00 00 00 00 00 50 ff 02 00 00 81 2f 00 00   .......P.../.. 
    00 00 82 2f 00 00 00 00 83 2f 00 00 00 00 84 2f   ../..../..../ 
    00 00 00 00 00 9b 00 00 00 00 00 00 00 00 00 62   ..............b 
[12/05/2026 14:27:59] Read data (COM11) 
    ff 01 00 02 23 00 c3 00 00 00 00 00 00 00 00 00   ...#.ร......... 
    00 00 00 00 00 00 00 00 00 00 00 00 00 00 00 00   ................ 
    00 00 00 00 b6 96 4d 71 ff 02 01 02 00 00 e0 00   ....ถ–Mq.....เ. 
    00 00 00 00 00 00 00 00 00 00 00 00 00 00 00 00   ................ 
    00 00 00 00 00 00 00 00 00 00 00 00 b6 96 4e 70   ............ถ–Np 
[12/05/2026 14:27:59] Written data (COM11) 
    ff 01 00 00 fc 00 c3 01 85 2f 00 00 00 00 86 2f   ....ร.…/..../ 
    00 00 00 00 87 2f 00 00 00 00 88 2f 00 00 00 00   ..../..../.... 
    89 2f 00 00 00 00 00 6a ff 00 00 00 00 00 8a 2f   /.....j...../ 
    00 00 00 00 8b 2f 00 00 00 00 8c 2f 00 00 00 00   ..../..../.... 
    8d 2f 00 00 00 00 8e 2f 00 00 00 00 00 00 00 5e   /..../.......^ 
    ff 00 00 00 8f 2f 00 00 00 00 90 2f 00 00 00 00   .../..../.... 
    91 2f 00 00 00 00 92 2f 00 00 00 00 93 2f 00 00   ‘/....’/....“/.. 
    00 00 94 2f 00 00 00 e4 ff 00 00 00 00 00 00 00   ..”/...ไ....... 
    95 2f 00 00 00 00 96 2f 00 00 00 00 97 2f 00 00   •/....–/....—/.. 
    00 00 98 2f 00 00 00 00 99 2f 00 00 00 00 00 45   ../..../.....E 
    ff 00 00 00 00 00 9a 2f 00 00 00 00 9b 2f 00 00   ...../..../.. 
    00 00 9c 2f 00 00 00 00 9d 2f 00 00 00 00 9e 2f   ../..../..../ 
    00 00 00 00 00 00 00 4e ff 00 00 00 9f 2f 00 00   .......N.../.. 
    00 00 a0 2f 00 00 00 00 a1 2f 00 00 00 00 a2 2f   .. /....ก/....ข/ 
    00 00 00 00 a3 2f 00 00 00 00 a4 2f 00 00 00 c4   ....ฃ/....ค/...ฤ 
    ff 00 00 00 00 00 00 00 a5 2f 00 00 00 00 a6 2f   .......ฅ/....ฆ/ 
    00 00 00 00 a7 2f 00 00 00 00 a8 2f 00 00 00 00   ....ง/....จ/.... 
    a9 2f 00 00 00 00 00 75 ff 02 00 00 00 00 aa 2f   ฉ/.....u.....ช/ 
    00 00 00 00 ab 2f 00 00 00 00 ac 2f 00 00 00 00   ....ซ/....ฌ/.... 
    ad 2f 00 00 00 00 00 94 00 00 00 00 00 00 00 69   ญ/.....”.......i 
[12/05/2026 14:27:59] Read data (COM11) 
    ff 01 00 02 2e 00 c3 00 00 00 00 00 00 00 00 00   .....ร......... 
    00 00 00 00 00 00 00 00 00 00 00 00 00 00 00 00   ................ 
    00 00 00 00 cd 96 4f 05 ff 02 01 02 00 00 00 00   ....อ–O........ 
    00 00 00 00 00 00 00 00 00 ed 00 00 00 00 00 00   .........ํ...... 
    00 00 00 00 00 00 00 00 00 00 00 00 cd 96 50 18   ............อ–P. 
[12/05/2026 14:27:59] Written data (COM11) 
    ff 01 00 00 ba 00 c3 01 ae 2f 00 00 00 00 af 2f   ...บ.ร.ฎ/....ฏ/ 
    00 00 00 00 b0 2f 00 00 00 00 b1 2f 00 00 00 00   ....ฐ/....ฑ/.... 
    b2 2f 00 00 00 00 00 1b ff 00 00 00 00 00 b3 2f   ฒ/...........ณ/ 
    00 00 00 00 b4 2f 00 00 00 00 b5 2f 00 00 00 00   ....ด/....ต/.... 
    b6 2f 00 00 00 00 b7 2f 00 00 00 00 00 00 00 63   ถ/....ท/.......c 
    ff 00 00 00 b8 2f 00 00 00 00 b9 2f 00 00 00 00   ...ธ/....น/.... 
    ba 2f 00 00 00 00 bb 2f 00 00 00 00 bc 2f 00 00   บ/....ป/....ผ/.. 
    00 00 bd 2f 00 00 00 fe ff 00 00 00 00 00 00 00   ..ฝ/.......... 
    be 2f 00 00 00 00 bf 2f 00 00 00 00 c0 2f 00 00   พ/....ฟ/....ภ/.. 
    00 00 c1 2f 00 00 00 00 c2 2f 00 00 00 00 00 12   ..ม/....ย/...... 
    ff 00 00 00 00 00 c3 2f 00 00 00 00 c4 2f 00 00   .....ร/....ฤ/.. 
    00 00 c5 2f 00 00 00 00 c6 2f 00 00 00 00 c7 2f   ..ล/....ฦ/....ว/ 
    00 00 00 00 00 00 00 13 ff 02 00 00 c8 2f 00 00   ...........ศ/.. 
    00 00 c9 2f 00 00 00 00 ca 2f 00 00 00 00 cb 2f   ..ษ/....ส/....ห/ 
    00 00 00 00 00 79 00 00 00 00 00 00 00 00 00 84   .....y......... 
[12/05/2026 14:27:59] Read data (COM11) 
    ff 01 00 02 23 00 c3 00 00 00 00 00 00 00 00 00   ...#.ร......... 
    00 00 00 00 00 00 00 00 00 00 00 00 00 00 00 00   ................ 
    00 00 00 00 df 96 51 04 ff 02 01 02 00 00 e0 00   ....฿–Q......เ. 
    00 00 00 00 00 00 00 00 00 00 00 00 00 00 00 00   ................ 
    00 00 00 00 00 00 00 00 00 00 00 00 df 96 52 05   ............฿–R. 
[12/05/2026 14:27:59] Written data (COM11) 
    ff 01 00 00 fc 00 c3 01 cc 2f 00 00 00 00 cd 2f   ....ร.ฬ/....อ/ 
    00 00 00 00 ce 2f 00 00 00 00 cf 2f 00 00 00 00   ....ฮ/....ฯ/.... 
    d0 2f 00 00 00 00 00 3f ff 00 00 00 00 00 d1 2f   ะ/.....?.....ั/ 
    00 00 00 00 d2 2f 00 00 00 00 d3 2f 00 00 00 00   ....า/....ำ/.... 
    d4 2f 00 00 00 00 d5 2f 00 00 00 00 00 00 00 01   ิ/....ี/........ 
    ff 00 00 00 d6 2f 00 00 00 00 d7 2f 00 00 00 00   ...ึ/....ื/.... 
    d8 2f 00 00 00 00 d9 2f 00 00 00 00 da 2f 00 00   ุ/....ู/....ฺ/.. 
    00 00 db 2f 00 00 00 fe ff 00 00 00 00 00 00 00   ../.......... 
    dc 2f 00 00 00 00 dd 2f 00 00 00 00 de 2f 00 00   /..../..../.. 
    00 00 df 2f 00 00 00 00 e0 2f 00 00 00 00 00 30   ..฿/....เ/.....0 
    ff 00 00 00 00 00 e1 2f 00 00 00 00 e2 2f 00 00   .....แ/....โ/.. 
    00 00 e3 2f 00 00 00 00 e4 2f 00 00 00 00 e5 2f   ..ใ/....ไ/....ๅ/ 
    00 00 00 00 00 00 00 31 ff 00 00 00 e6 2f 00 00   .......1...ๆ/.. 
    00 00 e7 2f 00 00 00 00 e8 2f 00 00 00 00 e9 2f   ..็/....่/....้/ 
    00 00 00 00 ea 2f 00 00 00 00 eb 2f 00 00 00 fe   ....๊/....๋/... 
    ff 00 00 00 00 00 00 00 ec 2f 00 00 00 00 ed 2f   .......์/....ํ/ 
    00 00 00 00 ee 2f 00 00 00 00 ef 2f 00 00 00 00   ....๎/....๏/.... 
    f0 2f 00 00 00 00 00 20 ff 02 00 00 00 00 f1 2f   ๐/..... .....๑/ 
    00 00 00 00 f2 2f 00 00 00 00 f3 2f 00 00 00 00   ....๒/....๓/.... 
    f4 2f 00 00 00 00 00 e5 00 00 00 00 00 00 00 1c   ๔/.....ๅ........ 
[12/05/2026 14:27:59] Read data (COM11) 
    ff 01 00 02 2e 00 c3 00 00 00 00 00 00 00 00 00   .....ร......... 
    00 00 00 00 00 00 00 00 00 00 00 00 00 00 00 00   ................ 
    00 00 00 00 f6 96 53 22 ff 02 01 02 00 00 00 00   ....๖–S"....... 
    00 00 00 00 00 00 00 00 00 ed 00 00 00 00 00 00   .........ํ...... 
    00 00 00 00 00 00 00 00 00 00 00 00 f6 96 54 27   ............๖–T' 
[12/05/2026 14:27:59] Written data (COM11) 
    ff 01 00 00 ba 00 c3 01 f5 2f 00 00 00 00 f6 2f   ...บ.ร.๕/....๖/ 
    00 00 00 00 f7 2f 00 00 00 00 f8 2f 00 00 00 00   ....๗/....๘/.... 
    f9 2f 00 00 00 00 00 5c ff 00 00 00 00 00 fa 2f   ๙/.....\.....๚/ 
    00 00 00 00 fb 2f 00 00 00 00 fc 2f 00 00 00 00   ....๛/..../.... 
    fd 2f 00 00 00 00 fe 2f 00 00 00 00 00 00 00 2e   /..../........ 
    ff 00 00 00 ff 2f 00 00 00 00 00 30 00 00 00 00   .../.....0.... 
    01 30 00 00 00 00 02 30 00 00 00 00 03 30 00 00   .0.....0.....0.. 
    00 00 04 30 00 00 00 1b ff 00 00 00 00 00 00 00   ...0........... 
    05 30 00 00 00 00 06 30 00 00 00 00 07 30 00 00   .0.....0.....0.. 
    00 00 08 30 00 00 00 00 09 30 00 00 00 00 00 ca   ...0.....0.....ส 
    ff 00 00 00 00 00 0a 30 00 00 00 00 0b 30 00 00   ......0.....0.. 
    00 00 0c 30 00 00 00 00 0d 30 00 00 00 00 0e 30   ...0.....0.....0 
    00 00 00 00 00 00 00 c1 ff 02 00 00 0f 30 00 00   .......ม....0.. 
    00 00 10 30 00 00 00 00 11 30 00 00 00 00 12 30   ...0.....0.....0 
    00 00 00 00 00 80 00 00 00 00 00 00 00 00 00 61   .....€.........a 
[12/05/2026 14:27:59] Read data (COM11) 
    ff 01 00 02 23 00 c3 00 00 00 00 00 00 00 00 00   ...#.ร......... 
    00 00 00 00 00 00 00 00 00 00 00 00 00 00 00 00   ................ 
    00 00 00 00 0b 97 55 d5 ff 02 01 02 00 00 e0 00   .....—Uี.....เ. 
    00 00 00 00 00 00 00 00 00 00 00 00 00 00 00 00   ................ 
    00 00 00 00 00 00 00 00 00 00 00 00 0b 97 56 d4   .............—Vิ 
[12/05/2026 14:27:59] Written data (COM11) 
    ff 01 00 00 fc 00 c3 01 13 30 00 00 00 00 14 30   ....ร..0.....0 
    00 00 00 00 15 30 00 00 00 00 16 30 00 00 00 00   .....0.....0.... 
    17 30 00 00 00 00 00 e3 ff 00 00 00 00 00 18 30   .0.....ใ......0 
    00 00 00 00 19 30 00 00 00 00 1a 30 00 00 00 00   .....0.....0.... 
    1b 30 00 00 00 00 1c 30 00 00 00 00 00 00 00 d3   .0.....0.......ำ 
    ff 00 00 00 1d 30 00 00 00 00 1e 30 00 00 00 00   ....0.....0.... 
    1f 30 00 00 00 00 20 30 00 00 00 00 21 30 00 00   .0.... 0....!0.. 
    00 00 22 30 00 00 00 c0 ff 00 00 00 00 00 00 00   .."0...ภ....... 
    23 30 00 00 00 00 24 30 00 00 00 00 25 30 00 00   #0....$0....%0.. 
    00 00 26 30 00 00 00 00 27 30 00 00 00 00 00 ec   ..&0....'0.....์ 
    ff 00 00 00 00 00 28 30 00 00 00 00 29 30 00 00   .....(0....)0.. 
    00 00 2a 30 00 00 00 00 2b 30 00 00 00 00 2c 30   ..*0....+0....,0 
    00 00 00 00 00 00 00 e3 ff 00 00 00 2d 30 00 00   .......ใ...-0.. 
    00 00 2e 30 00 00 00 00 2f 30 00 00 00 00 30 30   ...0..../0....00 
    00 00 00 00 31 30 00 00 00 00 32 30 00 00 00 e0   ....10....20...เ 
    ff 00 00 00 00 00 00 00 33 30 00 00 00 00 34 30   .......30....40 
    00 00 00 00 35 30 00 00 00 00 36 30 00 00 00 00   ....50....60.... 
    37 30 00 00 00 00 00 fc ff 02 00 00 00 00 38 30   70..........80 
    00 00 00 00 39 30 00 00 00 00 3a 30 00 00 00 00   ....90....:0.... 
    3b 30 00 00 00 00 00 1d 00 00 00 00 00 00 00 e0   ;0.............เ 
[12/05/2026 14:27:59] Read data (COM11) 
    ff 01 00 02 2e 00 c3 00 00 00 00 00 00 00 00 00   .....ร......... 
    00 00 00 00 00 00 00 00 00 00 00 00 00 00 00 00   ................ 
    00 00 00 00 28 97 57 f9 ff 02 01 02 00 00 00 00   ....(—W๙....... 
    00 00 00 00 00 00 00 00 00 ed 00 00 00 00 00 00   .........ํ...... 
    00 00 00 00 00 00 00 00 00 00 00 00 28 97 58 f4   ............(—X๔ 
[12/05/2026 14:27:59] Written data (COM11) 
    ff 01 00 00 ba 00 c3 01 3c 30 00 00 00 00 3d 30   ...บ.ร.<0....=0 
    00 00 00 00 3e 30 00 00 00 00 3f 30 00 00 00 00   ....>0....?0.... 
    40 30 00 00 00 00 00 f6 ff 00 00 00 00 00 41 30   @0.....๖.....A0 
    00 00 00 00 42 30 00 00 00 00 43 30 00 00 00 00   ....B0....C0.... 
    44 30 00 00 00 00 45 30 00 00 00 00 00 00 00 8e   D0....E0....... 
    ff 00 00 00 46 30 00 00 00 00 47 30 00 00 00 00   ...F0....G0.... 
    48 30 00 00 00 00 49 30 00 00 00 00 4a 30 00 00   H0....I0....J0.. 
    00 00 4b 30 00 00 00 fe ff 00 00 00 00 00 00 00   ..K0.......... 
    4c 30 00 00 00 00 4d 30 00 00 00 00 4e 30 00 00   L0....M0....N0.. 
    00 00 4f 30 00 00 00 00 50 30 00 00 00 00 00 9f   ..O0....P0..... 
    ff 00 00 00 00 00 51 30 00 00 00 00 52 30 00 00   .....Q0....R0.. 
    00 00 53 30 00 00 00 00 54 30 00 00 00 00 55 30   ..S0....T0....U0 
    00 00 00 00 00 00 00 9e ff 02 00 00 56 30 00 00   ..........V0.. 
    00 00 57 30 00 00 00 00 58 30 00 00 00 00 59 30   ..W0....X0....Y0 
    00 00 00 00 00 79 00 00 00 00 00 00 00 00 00 84   .....y......... 
[12/05/2026 14:27:59] Read data (COM11) 
    ff 01 00 02 23 00 c3 00 00 00 00 00 00 00 00 00   ...#.ร......... 
    00 00 00 00 00 00 00 00 00 00 00 00 00 00 00 00   ................ 
    00 00 00 00 39 97 59 eb ff 02 01 02 00 00 e0 00   ....9—Y๋.....เ. 
    00 00 00 00 00 00 00 00 00 00 00 00 00 00 00 00   ................ 
    00 00 00 00 00 00 00 00 00 00 00 00 39 97 5a ea   ............9—Z๊ 
[12/05/2026 14:27:59] Written data (COM11) 
    ff 01 00 00 fc 00 c3 01 5a 30 00 00 00 00 5b 30   ....ร.Z0....[0 
    00 00 00 00 5c 30 00 00 00 00 5d 30 00 00 00 00   ....\0....]0.... 
    5e 30 00 00 00 00 00 ae ff 00 00 00 00 00 5f 30   ^0.....ฎ....._0 
    00 00 00 00 60 30 00 00 00 00 61 30 00 00 00 00   ....`0....a0.... 
    62 30 00 00 00 00 63 30 00 00 00 00 00 00 00 90   b0....c0....... 
    ff 00 00 00 64 30 00 00 00 00 65 30 00 00 00 00   ...d0....e0.... 
    66 30 00 00 00 00 67 30 00 00 00 00 68 30 00 00   f0....g0....h0.. 
    00 00 69 30 00 00 00 fe ff 00 00 00 00 00 00 00   ..i0.......... 
    6a 30 00 00 00 00 6b 30 00 00 00 00 6c 30 00 00   j0....k0....l0.. 
    00 00 6d 30 00 00 00 00 6e 30 00 00 00 00 00 a1   ..m0....n0.....ก 
    ff 00 00 00 00 00 6f 30 00 00 00 00 70 30 00 00   .....o0....p0.. 
    00 00 71 30 00 00 00 00 72 30 00 00 00 00 73 30   ..q0....r0....s0 
    00 00 00 00 00 00 00 a0 ff 00 00 00 74 30 00 00   ....... ...t0.. 
    00 00 75 30 00 00 00 00 76 30 00 00 00 00 77 30   ..u0....v0....w0 
    00 00 00 00 78 30 00 00 00 00 79 30 00 00 00 fe   ....x0....y0... 
    ff 00 00 00 00 00 00 00 7a 30 00 00 00 00 7b 30   .......z0....{0 
    00 00 00 00 7c 30 00 00 00 00 7d 30 00 00 00 00   ....|0....}0.... 
    7e 30 00 00 00 00 00 b1 ff 02 00 00 00 00 7f 30   ~0.....ฑ.....0 
    00 00 00 00 80 30 00 00 00 00 81 30 00 00 00 00   ....€0....0.... 
    82 30 00 00 00 00 00 8c 00 00 00 00 00 00 00 8d   0............ 
[12/05/2026 14:27:59] Read data (COM11) 
    ff 01 00 02 2e 00 c3 00 00 00 00 00 00 00 00 00   .....ร......... 
    00 00 00 00 00 00 00 00 00 00 00 00 00 00 00 00   ................ 
    00 00 00 00 50 97 5b 8d ff 02 01 02 00 00 00 00   ....P—[....... 
    00 00 00 00 00 00 00 00 00 ed 00 00 00 00 00 00   .........ํ...... 
    00 00 00 00 00 00 00 00 00 00 00 00 50 97 5c 88   ............P—\ 
[12/05/2026 14:27:59] Written data (COM11) 
    ff 01 00 00 ba 00 c3 01 83 30 00 00 00 00 84 30   ...บ.ร.0....0 
    00 00 00 00 85 30 00 00 00 00 86 30 00 00 00 00   ....…0....0.... 
    87 30 00 00 00 00 00 35 ff 00 00 00 00 00 88 30   0.....5.....0 
    00 00 00 00 89 30 00 00 00 00 8a 30 00 00 00 00   ....0....0.... 
    8b 30 00 00 00 00 8c 30 00 00 00 00 00 00 00 43   0....0.......C 
    ff 00 00 00 8d 30 00 00 00 00 8e 30 00 00 00 00   ...0....0.... 
    8f 30 00 00 00 00 90 30 00 00 00 00 91 30 00 00   0....0....‘0.. 
    00 00 92 30 00 00 00 e0 ff 00 00 00 00 00 00 00   ..’0...เ....... 
    93 30 00 00 00 00 94 30 00 00 00 00 95 30 00 00   “0....”0....•0.. 
    00 00 96 30 00 00 00 00 97 30 00 00 00 00 00 5c   ..–0....—0.....\ 
    ff 00 00 00 00 00 98 30 00 00 00 00 99 30 00 00   .....0....0.. 
    00 00 9a 30 00 00 00 00 9b 30 00 00 00 00 9c 30   ..0....0....0 
    00 00 00 00 00 00 00 53 ff 02 00 00 9d 30 00 00   .......S...0.. 
    00 00 9e 30 00 00 00 00 9f 30 00 00 00 00 a0 30   ..0....0.... 0 
    00 00 00 00 00 5b 00 00 00 00 00 00 00 00 00 9a   .....[......... 
[12/05/2026 14:27:59] Read data (COM11) 
    ff 01 00 02 23 00 c3 00 00 00 00 00 00 00 00 00   ...#.ร......... 
    00 00 00 00 00 00 00 00 00 00 00 00 00 00 00 00   ................ 
    00 00 00 00 62 97 5d b4 ff 02 01 02 00 00 e0 00   ....b—]ด.....เ. 
    00 00 00 00 00 00 00 00 00 00 00 00 00 00 00 00   ................ 
    00 00 00 00 00 00 00 00 00 00 00 00 62 97 5e b5   ............b—^ต 
[12/05/2026 14:27:59] Written data (COM11) 
    ff 01 00 00 fc 00 c3 01 a1 30 00 00 00 00 a2 30   ....ร.ก0....ข0 
    00 00 00 00 a3 30 00 00 00 00 a4 30 00 00 00 00   ....ฃ0....ค0.... 
    a5 30 00 00 00 00 00 51 ff 00 00 00 00 00 a6 30   ฅ0.....Q.....ฆ0 
    00 00 00 00 a7 30 00 00 00 00 a8 30 00 00 00 00   ....ง0....จ0.... 
    a9 30 00 00 00 00 aa 30 00 00 00 00 00 00 00 65   ฉ0....ช0.......e 
    ff 00 00 00 ab 30 00 00 00 00 ac 30 00 00 00 00   ...ซ0....ฌ0.... 
    ad 30 00 00 00 00 ae 30 00 00 00 00 af 30 00 00   ญ0....ฎ0....ฏ0.. 
    00 00 b0 30 00 00 00 e4 ff 00 00 00 00 00 00 00   ..ฐ0...ไ....... 
    b1 30 00 00 00 00 b2 30 00 00 00 00 b3 30 00 00   ฑ0....ฒ0....ณ0.. 
    00 00 b4 30 00 00 00 00 b5 30 00 00 00 00 00 7e   ..ด0....ต0.....~ 
    ff 00 00 00 00 00 b6 30 00 00 00 00 b7 30 00 00   .....ถ0....ท0.. 
    00 00 b8 30 00 00 00 00 b9 30 00 00 00 00 ba 30   ..ธ0....น0....บ0 
    00 00 00 00 00 00 00 75 ff 00 00 00 bb 30 00 00   .......u...ป0.. 
    00 00 bc 30 00 00 00 00 bd 30 00 00 00 00 be 30   ..ผ0....ฝ0....พ0 
    00 00 00 00 bf 30 00 00 00 00 c0 30 00 00 00 84   ....ฟ0....ภ0... 
    ff 00 00 00 00 00 00 00 c1 30 00 00 00 00 c2 30   .......ม0....ย0 
    00 00 00 00 c3 30 00 00 00 00 c4 30 00 00 00 00   ....ร0....ฤ0.... 
    c5 30 00 00 00 00 00 0e ff 02 00 00 00 00 c6 30   ล0...........ฦ0 
    00 00 00 00 c7 30 00 00 00 00 c8 30 00 00 00 00   ....ว0....ศ0.... 
    c9 30 00 00 00 00 00 af 00 00 00 00 00 00 00 52   ษ0.....ฏ.......R 
[12/05/2026 14:27:59] Read data (COM11) 
    ff 01 00 02 2e 00 c3 00 00 00 00 00 00 00 00 00   .....ร......... 
    00 00 00 00 00 00 00 00 00 00 00 00 00 00 00 00   ................ 
    00 00 00 00 79 97 5f a0 ff 02 01 02 00 00 00 00   ....y—_ ....... 
    00 00 00 00 00 00 00 00 00 ed 00 00 00 00 00 00   .........ํ...... 
    00 00 00 00 00 00 00 00 00 00 00 00 79 97 60 9d   ............y—` 
[12/05/2026 14:27:59] Written data (COM11) 
    ff 01 00 00 ba 00 c3 01 ca 30 00 00 00 00 cb 30   ...บ.ร.ส0....ห0 
    00 00 00 00 cc 30 00 00 00 00 cd 30 00 00 00 00   ....ฬ0....อ0.... 
    ce 30 00 00 00 00 00 78 ff 00 00 00 00 00 cf 30   ฮ0.....x.....ฯ0 
    00 00 00 00 d0 30 00 00 00 00 d1 30 00 00 00 00   ....ะ0....ั0.... 
    d2 30 00 00 00 00 d3 30 00 00 00 00 00 00 00 00   า0....ำ0........ 
    ff 00 00 00 d4 30 00 00 00 00 d5 30 00 00 00 00   ...ิ0....ี0.... 
    d6 30 00 00 00 00 d7 30 00 00 00 00 d8 30 00 00   ึ0....ื0....ุ0.. 
    00 00 d9 30 00 00 00 fe ff 00 00 00 00 00 00 00   ..ู0.......... 
    da 30 00 00 00 00 db 30 00 00 00 00 dc 30 00 00   ฺ0....0....0.. 
    00 00 dd 30 00 00 00 00 de 30 00 00 00 00 00 11   ..0....0...... 
    ff 00 00 00 00 00 df 30 00 00 00 00 e0 30 00 00   .....฿0....เ0.. 
    00 00 e1 30 00 00 00 00 e2 30 00 00 00 00 e3 30   ..แ0....โ0....ใ0 
    00 00 00 00 00 00 00 10 ff 02 00 00 e4 30 00 00   ...........ไ0.. 
    00 00 e5 30 00 00 00 00 e6 30 00 00 00 00 e7 30   ..ๅ0....ๆ0....็0 
    00 00 00 00 00 79 00 00 00 00 00 00 00 00 00 84   .....y......... 
[12/05/2026 14:27:59] Read data (COM11) 
    ff 01 00 02 23 00 c3 00 00 00 00 00 00 00 00 00   ...#.ร......... 
    00 00 00 00 00 00 00 00 00 00 00 00 00 00 00 00   ................ 
    00 00 00 00 8b 97 61 61 ff 02 01 02 00 00 e0 00   ....—aa.....เ. 
    00 00 00 00 00 00 00 00 00 00 00 00 00 00 00 00   ................ 
    00 00 00 00 00 00 00 00 00 00 00 00 8b 97 62 60   ............—b` 
[12/05/2026 14:27:59] Written data (COM11) 
    ff 01 00 00 fc 00 c3 01 e8 30 00 00 00 00 e9 30   ....ร.่0....้0 
    00 00 00 00 ea 30 00 00 00 00 eb 30 00 00 00 00   ....๊0....๋0.... 
    ec 30 00 00 00 00 00 1c ff 00 00 00 00 00 ed 30   ์0...........ํ0 
    00 00 00 00 ee 30 00 00 00 00 ef 30 00 00 00 00   ....๎0....๏0.... 
    f0 30 00 00 00 00 f1 30 00 00 00 00 00 00 00 22   ๐0....๑0......." 
    ff 00 00 00 f2 30 00 00 00 00 f3 30 00 00 00 00   ...๒0....๓0.... 
    f4 30 00 00 00 00 f5 30 00 00 00 00 f6 30 00 00   ๔0....๕0....๖0.. 
    00 00 f7 30 00 00 00 fe ff 00 00 00 00 00 00 00   ..๗0.......... 
    f8 30 00 00 00 00 f9 30 00 00 00 00 fa 30 00 00   ๘0....๙0....๚0.. 
    00 00 fb 30 00 00 00 00 fc 30 00 00 00 00 00 33   ..๛0....0.....3 
    ff 00 00 00 00 00 fd 30 00 00 00 00 fe 30 00 00   .....0....0.. 
    00 00 ff 30 00 00 00 00 00 31 00 00 00 00 01 31   ..0.....1.....1 
    00 00 00 00 00 00 00 32 ff 00 00 00 02 31 00 00   .......2....1.. 
    00 00 03 31 00 00 00 00 04 31 00 00 00 00 05 31   ...1.....1.....1 
    00 00 00 00 06 31 00 00 00 00 07 31 00 00 00 fe   .....1.....1... 
    ff 00 00 00 00 00 00 00 08 31 00 00 00 00 09 31   ........1.....1 
    00 00 00 00 0a 31 00 00 00 00 0b 31 00 00 00 00   .....1.....1.... 
    0c 31 00 00 00 00 00 c2 ff 02 00 00 00 00 0d 31   .1.....ย......1 
    00 00 00 00 0e 31 00 00 00 00 0f 31 00 00 00 00   .....1.....1.... 
    10 31 00 00 00 00 00 1f 00 00 00 00 00 00 00 fe   .1............. 
[12/05/2026 14:27:59] Read data (COM11) 
    ff 01 00 02 2e 00 c3 00 00 00 00 00 00 00 00 00   .....ร......... 
    00 00 00 00 00 00 00 00 00 00 00 00 00 00 00 00   ................ 
    00 00 00 00 a2 97 63 47 ff 02 01 02 00 00 00 00   ....ข—cG....... 
    00 00 00 00 00 00 00 00 00 ed 00 00 00 00 00 00   .........ํ...... 
    00 00 00 00 00 00 00 00 00 00 00 00 a2 97 64 42   ............ข—dB 
[12/05/2026 14:27:59] Written data (COM11) 
    ff 01 00 00 ba 00 c3 01 11 31 00 00 00 00 12 31   ...บ.ร..1.....1 
    00 00 00 00 13 31 00 00 00 00 14 31 00 00 00 00   .....1.....1.... 
    15 31 00 00 00 00 00 a6 ff 00 00 00 00 00 16 31   .1.....ฆ......1 
    00 00 00 00 17 31 00 00 00 00 18 31 00 00 00 00   .....1.....1.... 
    19 31 00 00 00 00 1a 31 00 00 00 00 00 00 00 d4   .1.....1.......ิ 
    ff 00 00 00 1b 31 00 00 00 00 1c 31 00 00 00 00   ....1.....1.... 
    1d 31 00 00 00 00 1e 31 00 00 00 00 1f 31 00 00   .1.....1.....1.. 
    00 00 20 31 00 00 00 c4 ff 00 00 00 00 00 00 00   .. 1...ฤ....... 
    21 31 00 00 00 00 22 31 00 00 00 00 23 31 00 00   !1...."1....#1.. 
    00 00 24 31 00 00 00 00 25 31 00 00 00 00 00 ef   ..$1....%1.....๏ 
    ff 00 00 00 00 00 26 31 00 00 00 00 27 31 00 00   .....&1....'1.. 
    00 00 28 31 00 00 00 00 29 31 00 00 00 00 2a 31   ..(1....)1....*1 
    00 00 00 00 00 00 00 e4 ff 02 00 00 2b 31 00 00   .......ไ...+1.. 
    00 00 2c 31 00 00 00 00 2d 31 00 00 00 00 2e 31   ..,1....-1.....1 
    00 00 00 00 00 47 00 00 00 00 00 00 00 00 00 be   .....G.........พ 
[12/05/2026 14:27:59] Read data (COM11) 
    ff 01 00 02 23 00 c3 00 00 00 00 00 00 00 00 00   ...#.ร......... 
    00 00 00 00 00 00 00 00 00 00 00 00 00 00 00 00   ................ 
    00 00 00 00 b1 97 65 5f ff 02 01 02 00 00 e0 00   ....ฑ—e_.....เ. 
    00 00 00 00 00 00 00 00 00 00 00 00 00 00 00 00   ................ 
    00 00 00 00 00 00 00 00 00 00 00 00 b1 97 66 5e   ............ฑ—f^ 
[12/05/2026 14:27:59] Written data (COM11) 
    ff 01 00 00 fc 00 c3 01 2f 31 00 00 00 00 30 31   ....ร./1....01 
    00 00 00 00 31 31 00 00 00 00 32 31 00 00 00 00   ....11....21.... 
    33 31 00 00 00 00 00 de ff 00 00 00 00 00 34 31   31..........41 
    00 00 00 00 35 31 00 00 00 00 36 31 00 00 00 00   ....51....61.... 
    37 31 00 00 00 00 38 31 00 00 00 00 00 00 00 f6   71....81.......๖ 
    ff 00 00 00 39 31 00 00 00 00 3a 31 00 00 00 00   ...91....:1.... 
    3b 31 00 00 00 00 3c 31 00 00 00 00 3d 31 00 00   ;1....<1....=1.. 
    00 00 3e 31 00 00 00 f8 ff 00 00 00 00 00 00 00   ..>1...๘....... 
    3f 31 00 00 00 00 40 31 00 00 00 00 41 31 00 00   ?1....@1....A1.. 
    00 00 42 31 00 00 00 00 43 31 00 00 00 00 00 f1   ..B1....C1.....๑ 
    ff 00 00 00 00 00 44 31 00 00 00 00 45 31 00 00   .....D1....E1.. 
    00 00 46 31 00 00 00 00 47 31 00 00 00 00 48 31   ..F1....G1....H1 
    00 00 00 00 00 00 00 86 ff 00 00 00 49 31 00 00   ..........I1.. 
    00 00 4a 31 00 00 00 00 4b 31 00 00 00 00 4c 31   ..J1....K1....L1 
    00 00 00 00 4d 31 00 00 00 00 4e 31 00 00 00 f8   ....M1....N1...๘ 
    ff 00 00 00 00 00 00 00 4f 31 00 00 00 00 50 31   .......O1....P1 
    00 00 00 00 51 31 00 00 00 00 52 31 00 00 00 00   ....Q1....R1.... 
    53 31 00 00 00 00 00 81 ff 02 00 00 00 00 54 31   S1..........T1 
    00 00 00 00 55 31 00 00 00 00 56 31 00 00 00 00   ....U1....V1.... 
    57 31 00 00 00 00 00 20 00 00 00 00 00 00 00 dd   W1..... ....... 
[12/05/2026 14:27:59] Read data (COM11) 
    ff 01 00 02 2e 00 c3 00 00 00 00 00 00 00 00 00   .....ร......... 
    00 00 00 00 00 00 00 00 00 00 00 00 00 00 00 00   ................ 
    00 00 00 00 cb 97 67 2a ff 02 01 02 00 00 00 00   ....ห—g*....... 
    00 00 00 00 00 00 00 00 00 ed 00 00 00 00 00 00   .........ํ...... 
    00 00 00 00 00 00 00 00 00 00 00 00 cb 97 68 27   ............ห—h' 
[12/05/2026 14:27:59] Written data (COM11) 
    ff 01 00 00 ba 00 c3 01 58 31 00 00 00 00 59 31   ...บ.ร.X1....Y1 
    00 00 00 00 5a 31 00 00 00 00 5b 31 00 00 00 00   ....Z1....[1.... 
    5c 31 00 00 00 00 00 eb ff 00 00 00 00 00 5d 31   \1.....๋.....]1 
    00 00 00 00 5e 31 00 00 00 00 5f 31 00 00 00 00   ....^1...._1.... 
    60 31 00 00 00 00 61 31 00 00 00 00 00 00 00 93   `1....a1.......“ 
    ff 00 00 00 62 31 00 00 00 00 63 31 00 00 00 00   ...b1....c1.... 
    64 31 00 00 00 00 65 31 00 00 00 00 66 31 00 00   d1....e1....f1.. 
    00 00 67 31 00 00 00 fe ff 00 00 00 00 00 00 00   ..g1.......... 
    68 31 00 00 00 00 69 31 00 00 00 00 6a 31 00 00   h1....i1....j1.. 
    00 00 6b 31 00 00 00 00 6c 31 00 00 00 00 00 a2   ..k1....l1.....ข 
    ff 00 00 00 00 00 6d 31 00 00 00 00 6e 31 00 00   .....m1....n1.. 
    00 00 6f 31 00 00 00 00 70 31 00 00 00 00 71 31   ..o1....p1....q1 
    00 00 00 00 00 00 00 a3 ff 02 00 00 72 31 00 00   .......ฃ...r1.. 
    00 00 73 31 00 00 00 00 74 31 00 00 00 00 75 31   ..s1....t1....u1 
    00 00 00 00 00 79 00 00 00 00 00 00 00 00 00 84   .....y......... 
[12/05/2026 14:27:59] Read data (COM11) 
    ff 01 00 02 23 00 c3 00 00 00 00 00 00 00 00 00   ...#.ร......... 
    00 00 00 00 00 00 00 00 00 00 00 00 00 00 00 00   ................ 
    00 00 00 00 d9 97 69 3b ff 02 01 02 00 00 e0 00   ....ู—i;.....เ. 
    00 00 00 00 00 00 00 00 00 00 00 00 00 00 00 00   ................ 
    00 00 00 00 00 00 00 00 00 00 00 00 d9 97 6a 3a   ............ู—j: 
[12/05/2026 14:27:59] Written data (COM11) 
    ff 01 00 00 fc 00 c3 01 76 31 00 00 00 00 77 31   ....ร.v1....w1 
    00 00 00 00 78 31 00 00 00 00 79 31 00 00 00 00   ....x1....y1.... 
    7a 31 00 00 00 00 00 8b ff 00 00 00 00 00 7b 31   z1..........{1 
    00 00 00 00 7c 31 00 00 00 00 7d 31 00 00 00 00   ....|1....}1.... 
    7e 31 00 00 00 00 7f 31 00 00 00 00 00 00 00 b5   ~1....1.......ต 
    ff 00 00 00 80 31 00 00 00 00 81 31 00 00 00 00   ...€1....1.... 
    82 31 00 00 00 00 83 31 00 00 00 00 84 31 00 00   1....1....1.. 
    00 00 85 31 00 00 00 fe ff 00 00 00 00 00 00 00   ..…1.......... 
    86 31 00 00 00 00 87 31 00 00 00 00 88 31 00 00   1....1....1.. 
    00 00 89 31 00 00 00 00 8a 31 00 00 00 00 00 44   ..1....1.....D 
    ff 00 00 00 00 00 8b 31 00 00 00 00 8c 31 00 00   .....1....1.. 
    00 00 8d 31 00 00 00 00 8e 31 00 00 00 00 8f 31   ..1....1....1 
    00 00 00 00 00 00 00 45 ff 00 00 00 90 31 00 00   .......E...1.. 
    00 00 91 31 00 00 00 00 92 31 00 00 00 00 93 31   ..‘1....’1....“1 
    00 00 00 00 94 31 00 00 00 00 95 31 00 00 00 fe   ....”1....•1... 
    ff 00 00 00 00 00 00 00 96 31 00 00 00 00 97 31   .......–1....—1 
    00 00 00 00 98 31 00 00 00 00 99 31 00 00 00 00   ....1....1.... 
    9a 31 00 00 00 00 00 54 ff 02 00 00 00 00 9b 31   1.....T.....1 
    00 00 00 00 9c 31 00 00 00 00 9d 31 00 00 00 00   ....1....1.... 
    9e 31 00 00 00 00 00 91 00 00 00 00 00 00 00 68   1.....‘.......h 
[12/05/2026 14:27:59] Read data (COM11) 
    ff 01 00 02 2e 00 c3 00 00 00 00 00 00 00 00 00   .....ร......... 
    00 00 00 00 00 00 00 00 00 00 00 00 00 00 00 00   ................ 
    00 00 00 00 f0 97 6b 1d ff 02 01 02 00 00 00 00   ....๐—k........ 
    00 00 00 00 00 00 00 00 00 ed 00 00 00 00 00 00   .........ํ...... 
    00 00 00 00 00 00 00 00 00 00 00 00 f0 97 6c 18   ............๐—l. 
[12/05/2026 14:27:59] Written data (COM11) 
    ff 01 00 00 ba 00 c3 01 9f 31 00 00 00 00 a0 31   ...บ.ร.1.... 1 
    00 00 00 00 a1 31 00 00 00 00 a2 31 00 00 00 00   ....ก1....ข1.... 
    a3 31 00 00 00 00 00 28 ff 00 00 00 00 00 a4 31   ฃ1.....(.....ค1 
    00 00 00 00 a5 31 00 00 00 00 a6 31 00 00 00 00   ....ฅ1....ฆ1.... 
    a7 31 00 00 00 00 a8 31 00 00 00 00 00 00 00 66   ง1....จ1.......f 
    ff 00 00 00 a9 31 00 00 00 00 aa 31 00 00 00 00   ...ฉ1....ช1.... 
    ab 31 00 00 00 00 ac 31 00 00 00 00 ad 31 00 00   ซ1....ฌ1....ญ1.. 
    00 00 ae 31 00 00 00 f8 ff 00 00 00 00 00 00 00   ..ฎ1...๘....... 
    af 31 00 00 00 00 b0 31 00 00 00 00 b1 31 00 00   ฏ1....ฐ1....ฑ1.. 
    00 00 b2 31 00 00 00 00 b3 31 00 00 00 00 00 61   ..ฒ1....ณ1.....a 
    ff 00 00 00 00 00 b4 31 00 00 00 00 b5 31 00 00   .....ด1....ต1.. 
    00 00 b6 31 00 00 00 00 b7 31 00 00 00 00 b8 31   ..ถ1....ท1....ธ1 
    00 00 00 00 00 00 00 76 ff 02 00 00 b9 31 00 00   .......v...น1.. 
    00 00 ba 31 00 00 00 00 bb 31 00 00 00 00 bc 31   ..บ1....ป1....ผ1 
    00 00 00 00 00 5b 00 00 00 00 00 00 00 00 00 a2   .....[.........ข 
[12/05/2026 14:27:59] Read data (COM11) 
    ff 01 00 02 23 00 c3 00 00 00 00 00 00 00 00 00   ...#.ร......... 
    00 00 00 00 00 00 00 00 00 00 00 00 00 00 00 00   ................ 
    00 00 00 00 03 98 6d ea ff 02 01 02 00 00 e0 00   .....m๊.....เ. 
    00 00 00 00 00 00 00 00 00 00 00 00 00 00 00 00   ................ 
    00 00 00 00 00 00 00 00 00 00 00 00 03 98 6e eb   .............n๋ 
[12/05/2026 14:27:59] Written data (COM11) 
    ff 01 00 00 fc 00 c3 01 bd 31 00 00 00 00 be 31   ....ร.ฝ1....พ1 
    00 00 00 00 bf 31 00 00 00 00 c0 31 00 00 00 00   ....ฟ1....ภ1.... 
    c1 31 00 00 00 00 00 4c ff 00 00 00 00 00 c2 31   ม1.....L.....ย1 
    00 00 00 00 c3 31 00 00 00 00 c4 31 00 00 00 00   ....ร1....ฤ1.... 
    c5 31 00 00 00 00 c6 31 00 00 00 00 00 00 00 08   ล1....ฦ1........ 
    ff 00 00 00 c7 31 00 00 00 00 c8 31 00 00 00 00   ...ว1....ศ1.... 
    c9 31 00 00 00 00 ca 31 00 00 00 00 cb 31 00 00   ษ1....ส1....ห1.. 
    00 00 cc 31 00 00 00 f4 ff 00 00 00 00 00 00 00   ..ฬ1...๔....... 
    cd 31 00 00 00 00 ce 31 00 00 00 00 cf 31 00 00   อ1....ฮ1....ฯ1.. 
    00 00 d0 31 00 00 00 00 d1 31 00 00 00 00 00 03   ..ะ1....ั1...... 
    ff 00 00 00 00 00 d2 31 00 00 00 00 d3 31 00 00   .....า1....ำ1.. 
    00 00 d4 31 00 00 00 00 d5 31 00 00 00 00 d6 31   ..ิ1....ี1....ึ1 
    00 00 00 00 00 00 00 18 ff 00 00 00 d7 31 00 00   ...........ื1.. 
    00 00 d8 31 00 00 00 00 d9 31 00 00 00 00 da 31   ..ุ1....ู1....ฺ1 
    00 00 00 00 db 31 00 00 00 00 dc 31 00 00 00 f4   ....1....1...๔ 
    ff 00 00 00 00 00 00 00 dd 31 00 00 00 00 de 31   .......1....1 
    00 00 00 00 df 31 00 00 00 00 e0 31 00 00 00 00   ....฿1....เ1.... 
    e1 31 00 00 00 00 00 13 ff 02 00 00 00 00 e2 31   แ1...........โ1 
    00 00 00 00 e3 31 00 00 00 00 e4 31 00 00 00 00   ....ใ1....ไ1.... 
    e5 31 00 00 00 00 00 b2 00 00 00 00 00 00 00 4f   ๅ1.....ฒ.......O 
[12/05/2026 14:27:59] Read data (COM11) 
    ff 01 00 02 2e 00 c3 00 00 00 00 00 00 00 00 00   .....ร......... 
    00 00 00 00 00 00 00 00 00 00 00 00 00 00 00 00   ................ 
    00 00 00 00 1b 98 6f fd ff 02 01 02 00 00 00 00   .....o....... 
    00 00 00 00 00 00 00 00 00 ed 00 00 00 00 00 00   .........ํ...... 
    00 00 00 00 00 00 00 00 00 00 00 00 1b 98 70 e0   .............pเ 
[12/05/2026 14:27:59] Written data (COM11) 
    ff 01 00 00 ba 00 c3 01 e6 31 00 00 00 00 e7 31   ...บ.ร.ๆ1....็1 
    00 00 00 00 e8 31 00 00 00 00 e9 31 00 00 00 00   ....่1....้1.... 
    ea 31 00 00 00 00 00 5d ff 00 00 00 00 00 eb 31   ๊1.....].....๋1 
    00 00 00 00 ec 31 00 00 00 00 ed 31 00 00 00 00   ....์1....ํ1.... 
    ee 31 00 00 00 00 ef 31 00 00 00 00 00 00 00 25   ๎1....๏1.......% 
    ff 00 00 00 f0 31 00 00 00 00 f1 31 00 00 00 00   ...๐1....๑1.... 
    f2 31 00 00 00 00 f3 31 00 00 00 00 f4 31 00 00   ๒1....๓1....๔1.. 
    00 00 f5 31 00 00 00 fe ff 00 00 00 00 00 00 00   ..๕1.......... 
    f6 31 00 00 00 00 f7 31 00 00 00 00 f8 31 00 00   ๖1....๗1....๘1.. 
    00 00 f9 31 00 00 00 00 fa 31 00 00 00 00 00 34   ..๙1....๚1.....4 
    ff 00 00 00 00 00 fb 31 00 00 00 00 fc 31 00 00   .....๛1....1.. 
    00 00 fd 31 00 00 00 00 fe 31 00 00 00 00 ff 31   ..1....1....1 
    00 00 00 00 00 00 00 35 ff 02 00 00 00 32 00 00   .......5....2.. 
    00 00 01 32 00 00 00 00 02 32 00 00 00 00 03 32   ...2.....2.....2 
    00 00 00 00 00 79 00 00 00 00 00 00 00 00 00 84   .....y......... 
[12/05/2026 14:28:00] Read data (COM11) 
    ff 01 00 02 23 00 c3 00 00 00 00 00 00 00 00 00   ...#.ร......... 
    00 00 00 00 00 00 00 00 00 00 00 00 00 00 00 00   ................ 
    00 00 00 00 2d 98 71 d8 ff 02 01 02 00 00 e0 00   ....-qุ.....เ. 
    00 00 00 00 00 00 00 00 00 00 00 00 00 00 00 00   ................ 
    00 00 00 00 00 00 00 00 00 00 00 00 2d 98 72 d9   ............-rู 
[12/05/2026 14:28:00] Written data (COM11) 
    ff 01 00 00 fc 00 c3 01 04 32 00 00 00 00 05 32   ....ร..2.....2 
    00 00 00 00 06 32 00 00 00 00 07 32 00 00 00 00   .....2.....2.... 
    08 32 00 00 00 00 00 fa ff 00 00 00 00 00 09 32   .2.....๚......2 
    00 00 00 00 0a 32 00 00 00 00 0b 32 00 00 00 00   .....2.....2.... 
    0c 32 00 00 00 00 0d 32 00 00 00 00 00 00 00 c4   .2.....2.......ฤ 
    ff 00 00 00 0e 32 00 00 00 00 0f 32 00 00 00 00   ....2.....2.... 
    10 32 00 00 00 00 11 32 00 00 00 00 12 32 00 00   .2.....2.....2.. 
    00 00 13 32 00 00 00 fe ff 00 00 00 00 00 00 00   ...2.......... 
    14 32 00 00 00 00 15 32 00 00 00 00 16 32 00 00   .2.....2.....2.. 
    00 00 17 32 00 00 00 00 18 32 00 00 00 00 00 d5   ...2.....2.....ี 
    ff 00 00 00 00 00 19 32 00 00 00 00 1a 32 00 00   ......2.....2.. 
    00 00 1b 32 00 00 00 00 1c 32 00 00 00 00 1d 32   ...2.....2.....2 
    00 00 00 00 00 00 00 d4 ff 00 00 00 1e 32 00 00   .......ิ....2.. 
    00 00 1f 32 00 00 00 00 20 32 00 00 00 00 21 32   ...2.... 2....!2 
    00 00 00 00 22 32 00 00 00 00 23 32 00 00 00 fe   ...."2....#2... 
    ff 00 00 00 00 00 00 00 24 32 00 00 00 00 25 32   .......$2....%2 
    00 00 00 00 26 32 00 00 00 00 27 32 00 00 00 00   ....&2....'2.... 
    28 32 00 00 00 00 00 e5 ff 02 00 00 00 00 29 32   (2.....ๅ.....)2 
    00 00 00 00 2a 32 00 00 00 00 2b 32 00 00 00 00   ....*2....+2.... 
    2c 32 00 00 00 00 00 20 00 00 00 00 00 00 00 d9   ,2..... .......ู 
[12/05/2026 14:28:00] Read data (COM11) 
    ff 01 00 02 2e 00 c3 00 00 00 00 00 00 00 00 00   .....ร......... 
    00 00 00 00 00 00 00 00 00 00 00 00 00 00 00 00   ................ 
    00 00 00 00 44 98 73 be ff 02 01 02 00 00 00 00   ....Dsพ....... 
    00 00 00 00 00 00 00 00 00 ed 00 00 00 00 00 00   .........ํ...... 
    00 00 00 00 00 00 00 00 00 00 00 00 44 98 74 bb   ............Dtป 
[12/05/2026 14:28:00] Written data (COM11) 
    ff 01 00 00 ba 00 c3 01 2d 32 00 00 00 00 2e 32   ...บ.ร.-2.....2 
    00 00 00 00 2f 32 00 00 00 00 30 32 00 00 00 00   ..../2....02.... 
    31 32 00 00 00 00 00 99 ff 00 00 00 00 00 32 32   12..........22 
    00 00 00 00 33 32 00 00 00 00 34 32 00 00 00 00   ....32....42.... 
    35 32 00 00 00 00 36 32 00 00 00 00 00 00 00 fb   52....62.......๛ 
    ff 00 00 00 37 32 00 00 00 00 38 32 00 00 00 00   ...72....82.... 
    39 32 00 00 00 00 3a 32 00 00 00 00 3b 32 00 00   92....:2....;2.. 
    00 00 3c 32 00 00 00 f4 ff 00 00 00 00 00 00 00   ..<2...๔....... 
    3d 32 00 00 00 00 3e 32 00 00 00 00 3f 32 00 00   =2....>2....?2.. 
    00 00 40 32 00 00 00 00 41 32 00 00 00 00 00 f0   ..@2....A2.....๐ 
    ff 00 00 00 00 00 42 32 00 00 00 00 43 32 00 00   .....B2....C2.. 
    00 00 44 32 00 00 00 00 45 32 00 00 00 00 46 32   ..D2....E2....F2 
    00 00 00 00 00 00 00 8b ff 02 00 00 47 32 00 00   ..........G2.. 
    00 00 48 32 00 00 00 00 49 32 00 00 00 00 4a 32   ..H2....I2....J2 
    00 00 00 00 00 1f 00 00 00 00 00 00 00 00 00 ee   ...............๎ 
[12/05/2026 14:28:00] Read data (COM11) 
    ff 01 00 02 23 00 c3 00 00 00 00 00 00 00 00 00   ...#.ร......... 
    00 00 00 00 00 00 00 00 00 00 00 00 00 00 00 00   ................ 
    00 00 00 00 57 98 75 a6 ff 02 01 02 00 00 e0 00   ....Wuฆ.....เ. 
    00 00 00 00 00 00 00 00 00 00 00 00 00 00 00 00   ................ 
    00 00 00 00 00 00 00 00 00 00 00 00 57 98 76 a7   ............Wvง 
[12/05/2026 14:28:00] Written data (COM11) 
    ff 01 00 00 fc 00 c3 01 4b 32 00 00 00 00 4c 32   ....ร.K2....L2 
    00 00 00 00 4d 32 00 00 00 00 4e 32 00 00 00 00   ....M2....N2.... 
    4f 32 00 00 00 00 00 b9 ff 00 00 00 00 00 50 32   O2.....น.....P2 
    00 00 00 00 51 32 00 00 00 00 52 32 00 00 00 00   ....Q2....R2.... 
    53 32 00 00 00 00 54 32 00 00 00 00 00 00 00 99   S2....T2....... 
    ff 00 00 00 55 32 00 00 00 00 56 32 00 00 00 00   ...U2....V2.... 
    57 32 00 00 00 00 58 32 00 00 00 00 59 32 00 00   W2....X2....Y2.. 
    00 00 5a 32 00 00 00 f0 ff 00 00 00 00 00 00 00   ..Z2...๐....... 
    5b 32 00 00 00 00 5c 32 00 00 00 00 5d 32 00 00   [2....\2....]2.. 
    00 00 5e 32 00 00 00 00 5f 32 00 00 00 00 00 96   ..^2...._2.....– 
    ff 00 00 00 00 00 60 32 00 00 00 00 61 32 00 00   .....`2....a2.. 
    00 00 62 32 00 00 00 00 63 32 00 00 00 00 64 32   ..b2....c2....d2 
    00 00 00 00 00 00 00 a9 ff 00 00 00 65 32 00 00   .......ฉ...e2.. 
    00 00 66 32 00 00 00 00 67 32 00 00 00 00 68 32   ..f2....g2....h2 
    00 00 00 00 69 32 00 00 00 00 6a 32 00 00 00 f0   ....i2....j2...๐ 
    ff 00 00 00 00 00 00 00 6b 32 00 00 00 00 6c 32   .......k2....l2 
    00 00 00 00 6d 32 00 00 00 00 6e 32 00 00 00 00   ....m2....n2.... 
    6f 32 00 00 00 00 00 a6 ff 02 00 00 00 00 70 32   o2.....ฆ.....p2 
    00 00 00 00 71 32 00 00 00 00 72 32 00 00 00 00   ....q2....r2.... 
    73 32 00 00 00 00 00 47 00 00 00 00 00 00 00 ba   s2.....G.......บ 
[12/05/2026 14:28:00] Read data (COM11) 
    ff 01 00 02 2e 00 c3 00 00 00 00 00 00 00 00 00   .....ร......... 
    00 00 00 00 00 00 00 00 00 00 00 00 00 00 00 00   ................ 
    00 00 00 00 6f 98 77 91 ff 02 01 02 00 00 00 00   ....ow‘....... 
    00 00 00 00 00 00 00 00 00 ed 00 00 00 00 00 00   .........ํ...... 
    00 00 00 00 00 00 00 00 00 00 00 00 6f 98 78 9c   ............ox 
[12/05/2026 14:28:00] Written data (COM11) 
    ff 01 00 00 ba 00 c3 01 74 32 00 00 00 00 75 32   ...บ.ร.t2....u2 
    00 00 00 00 76 32 00 00 00 00 77 32 00 00 00 00   ....v2....w2.... 
    78 32 00 00 00 00 00 cc ff 00 00 00 00 00 79 32   x2.....ฬ.....y2 
    00 00 00 00 7a 32 00 00 00 00 7b 32 00 00 00 00   ....z2....{2.... 
    7c 32 00 00 00 00 7d 32 00 00 00 00 00 00 00 b4   |2....}2.......ด 
    ff 00 00 00 7e 32 00 00 00 00 7f 32 00 00 00 00   ...~2....2.... 
    80 32 00 00 00 00 81 32 00 00 00 00 82 32 00 00   €2....2....2.. 
    00 00 83 32 00 00 00 fe ff 00 00 00 00 00 00 00   ..2.......... 
    84 32 00 00 00 00 85 32 00 00 00 00 86 32 00 00   2....…2....2.. 
    00 00 87 32 00 00 00 00 88 32 00 00 00 00 00 45   ..2....2.....E 
    ff 00 00 00 00 00 89 32 00 00 00 00 8a 32 00 00   .....2....2.. 
    00 00 8b 32 00 00 00 00 8c 32 00 00 00 00 8d 32   ..2....2....2 
    00 00 00 00 00 00 00 44 ff 02 00 00 8e 32 00 00   .......D...2.. 
    00 00 8f 32 00 00 00 00 90 32 00 00 00 00 91 32   ..2....2....‘2 
    00 00 00 00 00 79 00 00 00 00 00 00 00 00 00 84   .....y......... 
[12/05/2026 14:28:00] Read data (COM11) 
    ff 01 00 02 23 00 c3 00 00 00 00 00 00 00 00 00   ...#.ร......... 
    00 00 00 00 00 00 00 00 00 00 00 00 00 00 00 00   ................ 
    00 00 00 00 81 98 79 7c ff 02 01 02 00 00 e0 00   ....y|.....เ. 
    00 00 00 00 00 00 00 00 00 00 00 00 00 00 00 00   ................ 
    00 00 00 00 00 00 00 00 00 00 00 00 81 98 7a 7d   ............z} 
[12/05/2026 14:28:00] Written data (COM11) 
    ff 01 00 00 fc 00 c3 01 92 32 00 00 00 00 93 32   ....ร.’2....“2 
    00 00 00 00 94 32 00 00 00 00 95 32 00 00 00 00   ....”2....•2.... 
    96 32 00 00 00 00 00 64 ff 00 00 00 00 00 97 32   –2.....d.....—2 
    00 00 00 00 98 32 00 00 00 00 99 32 00 00 00 00   ....2....2.... 
    9a 32 00 00 00 00 9b 32 00 00 00 00 00 00 00 5a   2....2.......Z 
    ff 00 00 00 9c 32 00 00 00 00 9d 32 00 00 00 00   ...2....2.... 
    9e 32 00 00 00 00 9f 32 00 00 00 00 a0 32 00 00   2....2.... 2.. 
    00 00 a1 32 00 00 00 fe ff 00 00 00 00 00 00 00   ..ก2.......... 
    a2 32 00 00 00 00 a3 32 00 00 00 00 a4 32 00 00   ข2....ฃ2....ค2.. 
    00 00 a5 32 00 00 00 00 a6 32 00 00 00 00 00 6b   ..ฅ2....ฆ2.....k 
    ff 00 00 00 00 00 a7 32 00 00 00 00 a8 32 00 00   .....ง2....จ2.. 
    00 00 a9 32 00 00 00 00 aa 32 00 00 00 00 ab 32   ..ฉ2....ช2....ซ2 
    00 00 00 00 00 00 00 6a ff 00 00 00 ac 32 00 00   .......j...ฌ2.. 
    00 00 ad 32 00 00 00 00 ae 32 00 00 00 00 af 32   ..ญ2....ฎ2....ฏ2 
    00 00 00 00 b0 32 00 00 00 00 b1 32 00 00 00 fe   ....ฐ2....ฑ2... 
    ff 00 00 00 00 00 00 00 b2 32 00 00 00 00 b3 32   .......ฒ2....ณ2 
    00 00 00 00 b4 32 00 00 00 00 b5 32 00 00 00 00   ....ด2....ต2.... 
    b6 32 00 00 00 00 00 7b ff 02 00 00 00 00 b7 32   ถ2.....{.....ท2 
    00 00 00 00 b8 32 00 00 00 00 b9 32 00 00 00 00   ....ธ2....น2.... 
    ba 32 00 00 00 00 00 b6 00 00 00 00 00 00 00 47   บ2.....ถ.......G 
[12/05/2026 14:28:00] Read data (COM11) 
    ff 01 00 02 2e 00 c3 00 00 00 00 00 00 00 00 00   .....ร......... 
    00 00 00 00 00 00 00 00 00 00 00 00 00 00 00 00   ................ 
    00 00 00 00 98 98 7b 6a ff 02 01 02 00 00 00 00   ....{j....... 
    00 00 00 00 00 00 00 00 00 ed 00 00 00 00 00 00   .........ํ...... 
    00 00 00 00 00 00 00 00 00 00 00 00 98 98 7c 6f   ............|o 
[12/05/2026 14:28:00] Written data (COM11) 
    ff 01 00 00 ba 00 c3 01 bb 32 00 00 00 00 bc 32   ...บ.ร.ป2....ผ2 
    00 00 00 00 bd 32 00 00 00 00 be 32 00 00 00 00   ....ฝ2....พ2.... 
    bf 32 00 00 00 00 00 0f ff 00 00 00 00 00 c0 32   ฟ2...........ภ2 
    00 00 00 00 c1 32 00 00 00 00 c2 32 00 00 00 00   ....ม2....ย2.... 
    c3 32 00 00 00 00 c4 32 00 00 00 00 00 00 00 09   ร2....ฤ2........ 
    ff 00 00 00 c5 32 00 00 00 00 c6 32 00 00 00 00   ...ล2....ฦ2.... 
    c7 32 00 00 00 00 c8 32 00 00 00 00 c9 32 00 00   ว2....ศ2....ษ2.. 
    00 00 ca 32 00 00 00 f0 ff 00 00 00 00 00 00 00   ..ส2...๐....... 
    cb 32 00 00 00 00 cc 32 00 00 00 00 cd 32 00 00   ห2....ฬ2....อ2.. 
    00 00 ce 32 00 00 00 00 cf 32 00 00 00 00 00 06   ..ฮ2....ฯ2...... 
    ff 00 00 00 00 00 d0 32 00 00 00 00 d1 32 00 00   .....ะ2....ั2.. 
    00 00 d2 32 00 00 00 00 d3 32 00 00 00 00 d4 32   ..า2....ำ2....ิ2 
    00 00 00 00 00 00 00 19 ff 02 00 00 d5 32 00 00   ...........ี2.. 
    00 00 d6 32 00 00 00 00 d7 32 00 00 00 00 d8 32   ..ึ2....ื2....ุ2 
    00 00 00 00 00 1b 00 00 00 00 00 00 00 00 00 ea   ...............๊ 
[12/05/2026 14:28:00] Read data (COM11) 
    ff 01 00 02 23 00 c3 00 00 00 00 00 00 00 00 00   ...#.ร......... 
    00 00 00 00 00 00 00 00 00 00 00 00 00 00 00 00   ................ 
    00 00 00 00 aa 98 7d 53 ff 02 01 02 00 00 e0 00   ....ช}S.....เ. 
    00 00 00 00 00 00 00 00 00 00 00 00 00 00 00 00   ................ 
    00 00 00 00 00 00 00 00 00 00 00 00 aa 98 7e 52   ............ช~R 
[12/05/2026 14:28:00] Written data (COM11) 
    ff 01 00 00 fc 00 c3 01 d9 32 00 00 00 00 da 32   ....ร.ู2....ฺ2 
    00 00 00 00 db 32 00 00 00 00 dc 32 00 00 00 00   ....2....2.... 
    dd 32 00 00 00 00 00 2b ff 00 00 00 00 00 de 32   2.....+.....2 
    00 00 00 00 df 32 00 00 00 00 e0 32 00 00 00 00   ....฿2....เ2.... 
    e1 32 00 00 00 00 e2 32 00 00 00 00 00 00 00 2f   แ2....โ2......./ 
    ff 00 00 00 e3 32 00 00 00 00 e4 32 00 00 00 00   ...ใ2....ไ2.... 
    e5 32 00 00 00 00 e6 32 00 00 00 00 e7 32 00 00   ๅ2....ๆ2....็2.. 
    00 00 e8 32 00 00 00 f4 ff 00 00 00 00 00 00 00   ..่2...๔....... 
    e9 32 00 00 00 00 ea 32 00 00 00 00 eb 32 00 00   ้2....๊2....๋2.. 
    00 00 ec 32 00 00 00 00 ed 32 00 00 00 00 00 24   ..์2....ํ2.....$ 
    ff 00 00 00 00 00 ee 32 00 00 00 00 ef 32 00 00   .....๎2....๏2.. 
    00 00 f0 32 00 00 00 00 f1 32 00 00 00 00 f2 32   ..๐2....๑2....๒2 
    00 00 00 00 00 00 00 3f ff 00 00 00 f3 32 00 00   .......?...๓2.. 
    00 00 f4 32 00 00 00 00 f5 32 00 00 00 00 f6 32   ..๔2....๕2....๖2 
    00 00 00 00 f7 32 00 00 00 00 f8 32 00 00 00 f4   ....๗2....๘2...๔ 
    ff 00 00 00 00 00 00 00 f9 32 00 00 00 00 fa 32   .......๙2....๚2 
    00 00 00 00 fb 32 00 00 00 00 fc 32 00 00 00 00   ....๛2....2.... 
    fd 32 00 00 00 00 00 34 ff 02 00 00 00 00 fe 32   2.....4.....2 
    00 00 00 00 ff 32 00 00 00 00 00 33 00 00 00 00   ....2.....3.... 
    01 33 00 00 00 00 00 d5 00 00 00 00 00 00 00 28   .3.....ี.......( 
[12/05/2026 14:28:00] Read data (COM11) 
    ff 01 00 02 2e 00 c3 00 00 00 00 00 00 00 00 00   .....ร......... 
    00 00 00 00 00 00 00 00 00 00 00 00 00 00 00 00   ................ 
    00 00 00 00 c1 98 7f 37 ff 02 01 02 00 00 00 00   ....ม7....... 
    00 00 00 00 00 00 00 00 00 ed 00 00 00 00 00 00   .........ํ...... 
    00 00 00 00 00 00 00 00 00 00 00 00 c1 98 80 ca   ............ม€ส 
[12/05/2026 14:28:00] Written data (COM11) 
    ff 01 00 00 ba 00 c3 01 02 33 00 00 00 00 03 33   ...บ.ร..3.....3 
    00 00 00 00 04 33 00 00 00 00 05 33 00 00 00 00   .....3.....3.... 
    06 33 00 00 00 00 00 b3 ff 00 00 00 00 00 07 33   .3.....ณ......3 
    00 00 00 00 08 33 00 00 00 00 09 33 00 00 00 00   .....3.....3.... 
    0a 33 00 00 00 00 0b 33 00 00 00 00 00 00 00 cb   .3.....3.......ห 
    ff 00 00 00 0c 33 00 00 00 00 0d 33 00 00 00 00   ....3.....3.... 
    0e 33 00 00 00 00 0f 33 00 00 00 00 10 33 00 00   .3.....3.....3.. 
    00 00 11 33 00 00 00 fe ff 00 00 00 00 00 00 00   ...3.......... 
    12 33 00 00 00 00 13 33 00 00 00 00 14 33 00 00   .3.....3.....3.. 
    00 00 15 33 00 00 00 00 16 33 00 00 00 00 00 da   ...3.....3.....ฺ 
    ff 00 00 00 00 00 17 33 00 00 00 00 18 33 00 00   ......3.....3.. 
    00 00 19 33 00 00 00 00 1a 33 00 00 00 00 1b 33   ...3.....3.....3 
    00 00 00 00 00 00 00 db ff 02 00 00 1c 33 00 00   ...........3.. 
    00 00 1d 33 00 00 00 00 1e 33 00 00 00 00 1f 33   ...3.....3.....3 
    00 00 00 00 00 79 00 00 00 00 00 00 00 00 00 84   .....y......... 
[12/05/2026 14:28:00] Read data (COM11) 
    ff 01 00 02 23 00 c3 00 00 00 00 00 00 00 00 00   ...#.ร......... 
    00 00 00 00 00 00 00 00 00 00 00 00 00 00 00 00   ................ 
    00 00 00 00 d3 98 81 d6 ff 02 01 02 00 00 e0 00   ....ำึ.....เ. 
    00 00 00 00 00 00 00 00 00 00 00 00 00 00 00 00   ................ 
    00 00 00 00 00 00 00 00 00 00 00 00 d3 98 82 d7   ............ำื 
[12/05/2026 14:28:00] Written data (COM11) 
    ff 01 00 00 fc 00 c3 01 20 33 00 00 00 00 21 33   ....ร. 3....!3 
    00 00 00 00 22 33 00 00 00 00 23 33 00 00 00 00   ...."3....#3.... 
    24 33 00 00 00 00 00 d7 ff 00 00 00 00 00 25 33   $3.....ื.....%3 
    00 00 00 00 26 33 00 00 00 00 27 33 00 00 00 00   ....&3....'3.... 
    28 33 00 00 00 00 29 33 00 00 00 00 00 00 00 e9   (3....)3.......้ 
    ff 00 00 00 2a 33 00 00 00 00 2b 33 00 00 00 00   ...*3....+3.... 
    2c 33 00 00 00 00 2d 33 00 00 00 00 2e 33 00 00   ,3....-3.....3.. 
    00 00 2f 33 00 00 00 fe ff 00 00 00 00 00 00 00   ../3.......... 
    30 33 00 00 00 00 31 33 00 00 00 00 32 33 00 00   03....13....23.. 
    00 00 33 33 00 00 00 00 34 33 00 00 00 00 00 f8   ..33....43.....๘ 
    ff 00 00 00 00 00 35 33 00 00 00 00 36 33 00 00   .....53....63.. 
    00 00 37 33 00 00 00 00 38 33 00 00 00 00 39 33   ..73....83....93 
    00 00 00 00 00 00 00 f9 ff 00 00 00 3a 33 00 00   .......๙...:3.. 
    00 00 3b 33 00 00 00 00 3c 33 00 00 00 00 3d 33   ..;3....<3....=3 
    00 00 00 00 3e 33 00 00 00 00 3f 33 00 00 00 fe   ....>3....?3... 
    ff 00 00 00 00 00 00 00 40 33 00 00 00 00 41 33   .......@3....A3 
    00 00 00 00 42 33 00 00 00 00 43 33 00 00 00 00   ....B3....C3.... 
    44 33 00 00 00 00 00 88 ff 02 00 00 00 00 45 33   D3..........E3 
    00 00 00 00 46 33 00 00 00 00 47 33 00 00 00 00   ....F3....G3.... 
    48 33 00 00 00 00 00 45 00 00 00 00 00 00 00 b4   H3.....E.......ด 
[12/05/2026 14:28:00] Read data (COM11) 
    ff 01 00 02 2e 00 c3 00 00 00 00 00 00 00 00 00   .....ร......... 
    00 00 00 00 00 00 00 00 00 00 00 00 00 00 00 00   ................ 
    00 00 00 00 e9 98 83 e3 ff 02 01 02 00 00 00 00   ....้ใ....... 
    00 00 00 00 00 00 00 00 00 ed 00 00 00 00 00 00   .........ํ...... 
    00 00 00 00 00 00 00 00 00 00 00 00 e9 98 84 e6   ............้ๆ 
[12/05/2026 14:28:00] Written data (COM11) 
    ff 01 00 00 ba 00 c3 01 49 33 00 00 00 00 4a 33   ...บ.ร.I3....J3 
    00 00 00 00 4b 33 00 00 00 00 4c 33 00 00 00 00   ....K3....L3.... 
    4d 33 00 00 00 00 00 fc ff 00 00 00 00 00 4e 33   M3..........N3 
    00 00 00 00 4f 33 00 00 00 00 50 33 00 00 00 00   ....O3....P3.... 
    51 33 00 00 00 00 52 33 00 00 00 00 00 00 00 9e   Q3....R3....... 
    ff 00 00 00 53 33 00 00 00 00 54 33 00 00 00 00   ...S3....T3.... 
    55 33 00 00 00 00 56 33 00 00 00 00 57 33 00 00   U3....V3....W3.. 
    00 00 58 33 00 00 00 f4 ff 00 00 00 00 00 00 00   ..X3...๔....... 
    59 33 00 00 00 00 5a 33 00 00 00 00 5b 33 00 00   Y3....Z3....[3.. 
    00 00 5c 33 00 00 00 00 5d 33 00 00 00 00 00 95   ..\3....]3.....• 
    ff 00 00 00 00 00 5e 33 00 00 00 00 5f 33 00 00   .....^3...._3.. 
    00 00 60 33 00 00 00 00 61 33 00 00 00 00 62 33   ..`3....a3....b3 
    00 00 00 00 00 00 00 ae ff 02 00 00 63 33 00 00   .......ฎ...c3.. 
    00 00 64 33 00 00 00 00 65 33 00 00 00 00 66 33   ..d3....e3....f3 
    00 00 00 00 00 57 00 00 00 00 00 00 00 00 00 ae   .....W.........ฎ 
[12/05/2026 14:28:00] Read data (COM11) 
    ff 01 00 02 23 00 c3 00 00 00 00 00 00 00 00 00   ...#.ร......... 
    00 00 00 00 00 00 00 00 00 00 00 00 00 00 00 00   ................ 
    00 00 00 00 f7 98 85 f6 ff 02 01 02 00 00 e0 00   ....๗…๖.....เ. 
    00 00 00 00 00 00 00 00 00 00 00 00 00 00 00 00   ................ 
    00 00 00 00 00 00 00 00 00 00 00 00 f7 98 86 f7   ............๗๗ 
[12/05/2026 14:28:00] Written data (COM11) 
    ff 01 00 00 fc 00 c3 01 67 33 00 00 00 00 68 33   ....ร.g3....h3 
    00 00 00 00 69 33 00 00 00 00 6a 33 00 00 00 00   ....i3....j3.... 
    6b 33 00 00 00 00 00 94 ff 00 00 00 00 00 6c 33   k3.....”.....l3 
    00 00 00 00 6d 33 00 00 00 00 6e 33 00 00 00 00   ....m3....n3.... 
    6f 33 00 00 00 00 70 33 00 00 00 00 00 00 00 bc   o3....p3.......ผ 
    ff 00 00 00 71 33 00 00 00 00 72 33 00 00 00 00   ...q3....r3.... 
    73 33 00 00 00 00 74 33 00 00 00 00 75 33 00 00   s3....t3....u3.. 
    00 00 76 33 00 00 00 f8 ff 00 00 00 00 00 00 00   ..v3...๘....... 
    77 33 00 00 00 00 78 33 00 00 00 00 79 33 00 00   w3....x3....y3.. 
    00 00 7a 33 00 00 00 00 7b 33 00 00 00 00 00 bb   ..z3....{3.....ป 
    ff 00 00 00 00 00 7c 33 00 00 00 00 7d 33 00 00   .....|3....}3.. 
    00 00 7e 33 00 00 00 00 7f 33 00 00 00 00 80 33   ..~3....3....€3 
    00 00 00 00 00 00 00 4c ff 00 00 00 81 33 00 00   .......L...3.. 
    00 00 82 33 00 00 00 00 83 33 00 00 00 00 84 33   ..3....3....3 
    00 00 00 00 85 33 00 00 00 00 86 33 00 00 00 f8   ....…3....3...๘ 
    ff 00 00 00 00 00 00 00 87 33 00 00 00 00 88 33   .......3....3 
    00 00 00 00 89 33 00 00 00 00 8a 33 00 00 00 00   ....3....3.... 
    8b 33 00 00 00 00 00 4b ff 02 00 00 00 00 8c 33   3.....K.....3 
    00 00 00 00 8d 33 00 00 00 00 8e 33 00 00 00 00   ....3....3.... 
    8f 33 00 00 00 00 00 6a 00 00 00 00 00 00 00 97   3.....j.......— 
[12/05/2026 14:28:00] Read data (COM11) 
    ff 01 00 02 2e 00 c3 00 00 00 00 00 00 00 00 00   .....ร......... 
    00 00 00 00 00 00 00 00 00 00 00 00 00 00 00 00   ................ 
    00 00 00 00 13 99 87 1c ff 02 01 02 00 00 00 00   ............. 
    00 00 00 00 00 00 00 00 00 ed 00 00 00 00 00 00   .........ํ...... 
    00 00 00 00 00 00 00 00 00 00 00 00 13 99 88 11   .............. 
[12/05/2026 14:28:00] Written data (COM11) 
    ff 01 00 00 ba 00 c3 01 90 33 00 00 00 00 91 33   ...บ.ร.3....‘3 
    00 00 00 00 92 33 00 00 00 00 93 33 00 00 00 00   ....’3....“3.... 
    94 33 00 00 00 00 00 21 ff 00 00 00 00 00 95 33   ”3.....!.....•3 
    00 00 00 00 96 33 00 00 00 00 97 33 00 00 00 00   ....–3....—3.... 
    98 33 00 00 00 00 99 33 00 00 00 00 00 00 00 59   3....3.......Y 
    ff 00 00 00 9a 33 00 00 00 00 9b 33 00 00 00 00   ...3....3.... 
    9c 33 00 00 00 00 9d 33 00 00 00 00 9e 33 00 00   3....3....3.. 
    00 00 9f 33 00 00 00 fe ff 00 00 00 00 00 00 00   ..3.......... 
    a0 33 00 00 00 00 a1 33 00 00 00 00 a2 33 00 00    3....ก3....ข3.. 
    00 00 a3 33 00 00 00 00 a4 33 00 00 00 00 00 68   ..ฃ3....ค3.....h 
    ff 00 00 00 00 00 a5 33 00 00 00 00 a6 33 00 00   .....ฅ3....ฆ3.. 
    00 00 a7 33 00 00 00 00 a8 33 00 00 00 00 a9 33   ..ง3....จ3....ฉ3 
    00 00 00 00 00 00 00 69 ff 02 00 00 aa 33 00 00   .......i...ช3.. 
    00 00 ab 33 00 00 00 00 ac 33 00 00 00 00 ad 33   ..ซ3....ฌ3....ญ3 
    00 00 00 00 00 79 00 00 00 00 00 00 00 00 00 84   .....y......... 
[12/05/2026 14:28:00] Read data (COM11) 
    ff 01 00 02 23 00 c3 00 00 00 00 00 00 00 00 00   ...#.ร......... 
    00 00 00 00 00 00 00 00 00 00 00 00 00 00 00 00   ................ 
    00 00 00 00 21 99 89 2d ff 02 01 02 00 00 e0 00   ....!-.....เ. 
    00 00 00 00 00 00 00 00 00 00 00 00 00 00 00 00   ................ 
    00 00 00 00 00 00 00 00 00 00 00 00 21 99 8a 2c   ............!, 
[12/05/2026 14:28:00] Written data (COM11) 
    ff 01 00 00 fc 00 c3 01 ae 33 00 00 00 00 af 33   ....ร.ฎ3....ฏ3 
    00 00 00 00 b0 33 00 00 00 00 b1 33 00 00 00 00   ....ฐ3....ฑ3.... 
    b2 33 00 00 00 00 00 41 ff 00 00 00 00 00 b3 33   ฒ3.....A.....ณ3 
    00 00 00 00 b4 33 00 00 00 00 b5 33 00 00 00 00   ....ด3....ต3.... 
    b6 33 00 00 00 00 b7 33 00 00 00 00 00 00 00 7f   ถ3....ท3....... 
    ff 00 00 00 b8 33 00 00 00 00 b9 33 00 00 00 00   ...ธ3....น3.... 
    ba 33 00 00 00 00 bb 33 00 00 00 00 bc 33 00 00   บ3....ป3....ผ3.. 
    00 00 bd 33 00 00 00 fe ff 00 00 00 00 00 00 00   ..ฝ3.......... 
    be 33 00 00 00 00 bf 33 00 00 00 00 c0 33 00 00   พ3....ฟ3....ภ3.. 
    00 00 c1 33 00 00 00 00 c2 33 00 00 00 00 00 0e   ..ม3....ย3...... 
    ff 00 00 00 00 00 c3 33 00 00 00 00 c4 33 00 00   .....ร3....ฤ3.. 
    00 00 c5 33 00 00 00 00 c6 33 00 00 00 00 c7 33   ..ล3....ฦ3....ว3 
    00 00 00 00 00 00 00 0f ff 00 00 00 c8 33 00 00   ...........ศ3.. 
    00 00 c9 33 00 00 00 00 ca 33 00 00 00 00 cb 33   ..ษ3....ส3....ห3 
    00 00 00 00 cc 33 00 00 00 00 cd 33 00 00 00 fe   ....ฬ3....อ3... 
    ff 00 00 00 00 00 00 00 ce 33 00 00 00 00 cf 33   .......ฮ3....ฯ3 
    00 00 00 00 d0 33 00 00 00 00 d1 33 00 00 00 00   ....ะ3....ั3.... 
    d2 33 00 00 00 00 00 1e ff 02 00 00 00 00 d3 33   า3...........ำ3 
    00 00 00 00 d4 33 00 00 00 00 d5 33 00 00 00 00   ....ิ3....ี3.... 
    d6 33 00 00 00 00 00 db 00 00 00 00 00 00 00 22   ึ3............" 
[12/05/2026 14:28:00] Read data (COM11) 
    ff 01 00 02 2e 00 c3 00 00 00 00 00 00 00 00 00   .....ร......... 
    00 00 00 00 00 00 00 00 00 00 00 00 00 00 00 00   ................ 
    00 00 00 00 3c 99 8b 3f ff 02 01 02 00 00 00 00   ....<?....... 
    00 00 00 00 00 00 00 00 00 ed 00 00 00 00 00 00   .........ํ...... 
    00 00 00 00 00 00 00 00 00 00 00 00 3c 99 8c 3a   ............<: 
[12/05/2026 14:28:00] Written data (COM11) 
    ff 01 00 00 ba 00 c3 01 d7 33 00 00 00 00 d8 33   ...บ.ร.ื3....ุ3 
    00 00 00 00 d9 33 00 00 00 00 da 33 00 00 00 00   ....ู3....ฺ3.... 
    db 33 00 00 00 00 00 62 ff 00 00 00 00 00 dc 33   3.....b.....3 
    00 00 00 00 dd 33 00 00 00 00 de 33 00 00 00 00   ....3....3.... 
    df 33 00 00 00 00 e0 33 00 00 00 00 00 00 00 2c   ฿3....เ3......., 
    ff 00 00 00 e1 33 00 00 00 00 e2 33 00 00 00 00   ...แ3....โ3.... 
    e3 33 00 00 00 00 e4 33 00 00 00 00 e5 33 00 00   ใ3....ไ3....ๅ3.. 
    00 00 e6 33 00 00 00 f8 ff 00 00 00 00 00 00 00   ..ๆ3...๘....... 
    e7 33 00 00 00 00 e8 33 00 00 00 00 e9 33 00 00   ็3....่3....้3.. 
    00 00 ea 33 00 00 00 00 eb 33 00 00 00 00 00 2b   ..๊3....๋3.....+ 
    ff 00 00 00 00 00 ec 33 00 00 00 00 ed 33 00 00   .....์3....ํ3.. 
    00 00 ee 33 00 00 00 00 ef 33 00 00 00 00 f0 33   ..๎3....๏3....๐3 
    00 00 00 00 00 00 00 3c ff 02 00 00 f1 33 00 00   .......<...๑3.. 
    00 00 f2 33 00 00 00 00 f3 33 00 00 00 00 f4 33   ..๒3....๓3....๔3 
    00 00 00 00 00 5b 00 00 00 00 00 00 00 00 00 a2   .....[.........ข 
[12/05/2026 14:28:00] Read data (COM11) 
    ff 01 00 02 23 00 c3 00 00 00 00 00 00 00 00 00   ...#.ร......... 
    00 00 00 00 00 00 00 00 00 00 00 00 00 00 00 00   ................ 
    00 00 00 00 4f 99 8d 47 ff 02 01 02 00 00 e0 00   ....OG.....เ. 
    00 00 00 00 00 00 00 00 00 00 00 00 00 00 00 00   ................ 
    00 00 00 00 00 00 00 00 00 00 00 00 4f 99 8e 46   ............OF 
[12/05/2026 14:28:00] Written data (COM11) 
    ff 01 00 00 fc 00 c3 01 f5 33 00 00 00 00 f6 33   ....ร.๕3....๖3 
    00 00 00 00 f7 33 00 00 00 00 f8 33 00 00 00 00   ....๗3....๘3.... 
    f9 33 00 00 00 00 00 06 ff 00 00 00 00 00 fa 33   ๙3...........๚3 
    00 00 00 00 fb 33 00 00 00 00 fc 33 00 00 00 00   ....๛3....3.... 
    fd 33 00 00 00 00 fe 33 00 00 00 00 00 00 00 32   3....3.......2 
    ff 00 00 00 ff 33 00 00 00 00 00 34 00 00 00 00   ...3.....4.... 
    01 34 00 00 00 00 02 34 00 00 00 00 03 34 00 00   .4.....4.....4.. 
    00 00 04 34 00 00 00 03 ff 00 00 00 00 00 00 00   ...4........... 
    05 34 00 00 00 00 06 34 00 00 00 00 07 34 00 00   .4.....4.....4.. 
    00 00 08 34 00 00 00 00 09 34 00 00 00 00 00 ce   ...4.....4.....ฮ 
    ff 00 00 00 00 00 0a 34 00 00 00 00 0b 34 00 00   ......4.....4.. 
    00 00 0c 34 00 00 00 00 0d 34 00 00 00 00 0e 34   ...4.....4.....4 
    00 00 00 00 00 00 00 c5 ff 00 00 00 0f 34 00 00   .......ล....4.. 
    00 00 10 34 00 00 00 00 11 34 00 00 00 00 12 34   ...4.....4.....4 
    00 00 00 00 13 34 00 00 00 00 14 34 00 00 00 e4   .....4.....4...ไ 
    ff 00 00 00 00 00 00 00 15 34 00 00 00 00 16 34   ........4.....4 
    00 00 00 00 17 34 00 00 00 00 18 34 00 00 00 00   .....4.....4.... 
    19 34 00 00 00 00 00 de ff 02 00 00 00 00 1a 34   .4...........4 
    00 00 00 00 1b 34 00 00 00 00 1c 34 00 00 00 00   .....4.....4.... 
    1d 34 00 00 00 00 00 f8 00 00 00 00 00 00 00 05   .4.....๘........ 
[12/05/2026 14:28:00] Read data (COM11) 
    ff 01 00 02 2e 00 c3 00 00 00 00 00 00 00 00 00   .....ร......... 
    00 00 00 00 00 00 00 00 00 00 00 00 00 00 00 00   ................ 
    00 00 00 00 69 99 8f 6e ff 02 01 02 00 00 00 00   ....in....... 
    00 00 00 00 00 00 00 00 00 ed 00 00 00 00 00 00   .........ํ...... 
    00 00 00 00 00 00 00 00 00 00 00 00 69 99 90 73   ............is 
[12/05/2026 14:28:00] Written data (COM11) 
    ff 01 00 00 ba 00 c3 01 1e 34 00 00 00 00 1f 34   ...บ.ร..4.....4 
    00 00 00 00 20 34 00 00 00 00 21 34 00 00 00 00   .... 4....!4.... 
    22 34 00 00 00 00 00 90 ff 00 00 00 00 00 23 34   "4..........#4 
    00 00 00 00 24 34 00 00 00 00 25 34 00 00 00 00   ....$4....%4.... 
    26 34 00 00 00 00 27 34 00 00 00 00 00 00 00 e8   &4....'4.......่ 
    ff 00 00 00 28 34 00 00 00 00 29 34 00 00 00 00   ...(4....)4.... 
    2a 34 00 00 00 00 2b 34 00 00 00 00 2c 34 00 00   *4....+4....,4.. 
    00 00 2d 34 00 00 00 fe ff 00 00 00 00 00 00 00   ..-4.......... 
    2e 34 00 00 00 00 2f 34 00 00 00 00 30 34 00 00   .4..../4....04.. 
    00 00 31 34 00 00 00 00 32 34 00 00 00 00 00 f9   ..14....24.....๙ 
    ff 00 00 00 00 00 33 34 00 00 00 00 34 34 00 00   .....34....44.. 
    00 00 35 34 00 00 00 00 36 34 00 00 00 00 37 34   ..54....64....74 
    00 00 00 00 00 00 00 f8 ff 02 00 00 38 34 00 00   .......๘...84.. 
    00 00 39 34 00 00 00 00 3a 34 00 00 00 00 3b 34   ..94....:4....;4 
    00 00 00 00 00 79 00 00 00 00 00 00 00 00 00 84   .....y......... 
[12/05/2026 14:28:00] Read data (COM11) 
    ff 01 00 02 23 00 c3 00 00 00 00 00 00 00 00 00   ...#.ร......... 
    00 00 00 00 00 00 00 00 00 00 00 00 00 00 00 00   ................ 
    00 00 00 00 80 99 91 94 ff 02 01 02 00 00 e0 00   ....€‘”.....เ. 
    00 00 00 00 00 00 00 00 00 00 00 00 00 00 00 00   ................ 
    00 00 00 00 00 00 00 00 00 00 00 00 80 99 92 95   ............€’• 
[12/05/2026 14:28:00] Written data (COM11) 
    ff 01 00 00 fc 00 c3 01 3c 34 00 00 00 00 3d 34   ....ร.<4....=4 
    00 00 00 00 3e 34 00 00 00 00 3f 34 00 00 00 00   ....>4....?4.... 
    40 34 00 00 00 00 00 b4 ff 00 00 00 00 00 41 34   @4.....ด.....A4 
    00 00 00 00 42 34 00 00 00 00 43 34 00 00 00 00   ....B4....C4.... 
    44 34 00 00 00 00 45 34 00 00 00 00 00 00 00 8a   D4....E4....... 
    ff 00 00 00 46 34 00 00 00 00 47 34 00 00 00 00   ...F4....G4.... 
    48 34 00 00 00 00 49 34 00 00 00 00 4a 34 00 00   H4....I4....J4.. 
    00 00 4b 34 00 00 00 fe ff 00 00 00 00 00 00 00   ..K4.......... 
    4c 34 00 00 00 00 4d 34 00 00 00 00 4e 34 00 00   L4....M4....N4.. 
    00 00 4f 34 00 00 00 00 50 34 00 00 00 00 00 9b   ..O4....P4..... 
    ff 00 00 00 00 00 51 34 00 00 00 00 52 34 00 00   .....Q4....R4.. 
    00 00 53 34 00 00 00 00 54 34 00 00 00 00 55 34   ..S4....T4....U4 
    00 00 00 00 00 00 00 9a ff 00 00 00 56 34 00 00   ..........V4.. 
    00 00 57 34 00 00 00 00 58 34 00 00 00 00 59 34   ..W4....X4....Y4 
    00 00 00 00 5a 34 00 00 00 00 5b 34 00 00 00 fe   ....Z4....[4... 
    ff 00 00 00 00 00 00 00 5c 34 00 00 00 00 5d 34   .......\4....]4 
    00 00 00 00 5e 34 00 00 00 00 5f 34 00 00 00 00   ....^4...._4.... 
    60 34 00 00 00 00 00 ab ff 02 00 00 00 00 61 34   `4.....ซ.....a4 
    00 00 00 00 62 34 00 00 00 00 63 34 00 00 00 00   ....b4....c4.... 
    64 34 00 00 00 00 00 6e 00 00 00 00 00 00 00 97   d4.....n.......— 
[12/05/2026 14:28:00] Read data (COM11) 
    ff 01 00 02 2e 00 c3 00 00 00 00 00 00 00 00 00   .....ร......... 
    00 00 00 00 00 00 00 00 00 00 00 00 00 00 00 00   ................ 
    00 00 00 00 97 99 93 8c ff 02 01 02 00 00 00 00   ....—“....... 
    00 00 00 00 00 00 00 00 00 ed 00 00 00 00 00 00   .........ํ...... 
    00 00 00 00 00 00 00 00 00 00 00 00 97 99 94 89   ............—” 
[12/05/2026 14:28:00] Written data (COM11) 
    ff 01 00 00 ba 00 c3 01 65 34 00 00 00 00 66 34   ...บ.ร.e4....f4 
    00 00 00 00 67 34 00 00 00 00 68 34 00 00 00 00   ....g4....h4.... 
    69 34 00 00 00 00 00 d7 ff 00 00 00 00 00 6a 34   i4.....ื.....j4 
    00 00 00 00 6b 34 00 00 00 00 6c 34 00 00 00 00   ....k4....l4.... 
    6d 34 00 00 00 00 6e 34 00 00 00 00 00 00 00 a5   m4....n4.......ฅ 
    ff 00 00 00 6f 34 00 00 00 00 70 34 00 00 00 00   ...o4....p4.... 
    71 34 00 00 00 00 72 34 00 00 00 00 73 34 00 00   q4....r4....s4.. 
    00 00 74 34 00 00 00 e4 ff 00 00 00 00 00 00 00   ..t4...ไ....... 
    75 34 00 00 00 00 76 34 00 00 00 00 77 34 00 00   u4....v4....w4.. 
    00 00 78 34 00 00 00 00 79 34 00 00 00 00 00 be   ..x4....y4.....พ 
    ff 00 00 00 00 00 7a 34 00 00 00 00 7b 34 00 00   .....z4....{4.. 
    00 00 7c 34 00 00 00 00 7d 34 00 00 00 00 7e 34   ..|4....}4....~4 
    00 00 00 00 00 00 00 b5 ff 02 00 00 7f 34 00 00   .......ต...4.. 
    00 00 80 34 00 00 00 00 81 34 00 00 00 00 82 34   ..€4....4....4 
    00 00 00 00 00 9f 00 00 00 00 00 00 00 00 00 9e   .............. 
[12/05/2026 14:28:00] Read data (COM11) 
    ff 01 00 02 23 00 c3 00 00 00 00 00 00 00 00 00   ...#.ร......... 
    00 00 00 00 00 00 00 00 00 00 00 00 00 00 00 00   ................ 
    00 00 00 00 a9 99 95 b9 ff 02 01 02 00 00 e0 00   ....ฉ•น.....เ. 
    00 00 00 00 00 00 00 00 00 00 00 00 00 00 00 00   ................ 
    00 00 00 00 00 00 00 00 00 00 00 00 a9 99 96 b8   ............ฉ–ธ 
[12/05/2026 14:28:00] Written data (COM11) 
    ff 01 00 00 fc 00 c3 01 83 34 00 00 00 00 84 34   ....ร.4....4 
    00 00 00 00 85 34 00 00 00 00 86 34 00 00 00 00   ....…4....4.... 
    87 34 00 00 00 00 00 77 ff 00 00 00 00 00 88 34   4.....w.....4 
    00 00 00 00 89 34 00 00 00 00 8a 34 00 00 00 00   ....4....4.... 
    8b 34 00 00 00 00 8c 34 00 00 00 00 00 00 00 47   4....4.......G 
    ff 00 00 00 8d 34 00 00 00 00 8e 34 00 00 00 00   ...4....4.... 
    8f 34 00 00 00 00 90 34 00 00 00 00 91 34 00 00   4....4....‘4.. 
    00 00 92 34 00 00 00 e0 ff 00 00 00 00 00 00 00   ..’4...เ....... 
    93 34 00 00 00 00 94 34 00 00 00 00 95 34 00 00   “4....”4....•4.. 
    00 00 96 34 00 00 00 00 97 34 00 00 00 00 00 58   ..–4....—4.....X 
    ff 00 00 00 00 00 98 34 00 00 00 00 99 34 00 00   .....4....4.. 
    00 00 9a 34 00 00 00 00 9b 34 00 00 00 00 9c 34   ..4....4....4 
    00 00 00 00 00 00 00 57 ff 00 00 00 9d 34 00 00   .......W...4.. 
    00 00 9e 34 00 00 00 00 9f 34 00 00 00 00 a0 34   ..4....4.... 4 
    00 00 00 00 a1 34 00 00 00 00 a2 34 00 00 00 c0   ....ก4....ข4...ภ 
    ff 00 00 00 00 00 00 00 a3 34 00 00 00 00 a4 34   .......ฃ4....ค4 
    00 00 00 00 a5 34 00 00 00 00 a6 34 00 00 00 00   ....ฅ4....ฆ4.... 
    a7 34 00 00 00 00 00 68 ff 02 00 00 00 00 a8 34   ง4.....h.....จ4 
    00 00 00 00 a9 34 00 00 00 00 aa 34 00 00 00 00   ....ฉ4....ช4.... 
    ab 34 00 00 00 00 00 89 00 00 00 00 00 00 00 74   ซ4............t 
[12/05/2026 14:28:00] Read data (COM11) 
    ff 01 00 02 2e 00 c3 00 00 00 00 00 00 00 00 00   .....ร......... 
    00 00 00 00 00 00 00 00 00 00 00 00 00 00 00 00   ................ 
    00 00 00 00 c0 99 97 df ff 02 01 02 00 00 00 00   ....ภ—฿....... 
    00 00 00 00 00 00 00 00 00 ed 00 00 00 00 00 00   .........ํ...... 
    00 00 00 00 00 00 00 00 00 00 00 00 c0 99 98 d2   ............ภา 
[12/05/2026 14:28:00] Written data (COM11) 
    ff 01 00 00 ba 00 c3 01 ac 34 00 00 00 00 ad 34   ...บ.ร.ฌ4....ญ4 
    00 00 00 00 ae 34 00 00 00 00 af 34 00 00 00 00   ....ฎ4....ฏ4.... 
    b0 34 00 00 00 00 00 02 ff 00 00 00 00 00 b1 34   ฐ4...........ฑ4 
    00 00 00 00 b2 34 00 00 00 00 b3 34 00 00 00 00   ....ฒ4....ณ4.... 
    b4 34 00 00 00 00 b5 34 00 00 00 00 00 00 00 7a   ด4....ต4.......z 
    ff 00 00 00 b6 34 00 00 00 00 b7 34 00 00 00 00   ...ถ4....ท4.... 
    b8 34 00 00 00 00 b9 34 00 00 00 00 ba 34 00 00   ธ4....น4....บ4.. 
    00 00 bb 34 00 00 00 fe ff 00 00 00 00 00 00 00   ..ป4.......... 
    bc 34 00 00 00 00 bd 34 00 00 00 00 be 34 00 00   ผ4....ฝ4....พ4.. 
    00 00 bf 34 00 00 00 00 c0 34 00 00 00 00 00 0b   ..ฟ4....ภ4...... 
    ff 00 00 00 00 00 c1 34 00 00 00 00 c2 34 00 00   .....ม4....ย4.. 
    00 00 c3 34 00 00 00 00 c4 34 00 00 00 00 c5 34   ..ร4....ฤ4....ล4 
    00 00 00 00 00 00 00 0a ff 02 00 00 c6 34 00 00   ...........ฦ4.. 
    00 00 c7 34 00 00 00 00 c8 34 00 00 00 00 c9 34   ..ว4....ศ4....ษ4 
    00 00 00 00 00 79 00 00 00 00 00 00 00 00 00 84   .....y......... 
[12/05/2026 14:28:00] Read data (COM11) 
    ff 01 00 02 23 00 c3 00 00 00 00 00 00 00 00 00   ...#.ร......... 
    00 00 00 00 00 00 00 00 00 00 00 00 00 00 00 00   ................ 
    00 00 00 00 d2 99 99 ce ff 02 01 02 00 00 e0 00   ....าฮ.....เ. 
    00 00 00 00 00 00 00 00 00 00 00 00 00 00 00 00   ................ 
    00 00 00 00 00 00 00 00 00 00 00 00 d2 99 9a cf   ............าฯ 
[12/05/2026 14:28:00] Written data (COM11) 
    ff 01 00 00 fc 00 c3 01 ca 34 00 00 00 00 cb 34   ....ร.ส4....ห4 
    00 00 00 00 cc 34 00 00 00 00 cd 34 00 00 00 00   ....ฬ4....อ4.... 
    ce 34 00 00 00 00 00 3a ff 00 00 00 00 00 cf 34   ฮ4.....:.....ฯ4 
    00 00 00 00 d0 34 00 00 00 00 d1 34 00 00 00 00   ....ะ4....ั4.... 
    d2 34 00 00 00 00 d3 34 00 00 00 00 00 00 00 04   า4....ำ4........ 
    ff 00 00 00 d4 34 00 00 00 00 d5 34 00 00 00 00   ...ิ4....ี4.... 
    d6 34 00 00 00 00 d7 34 00 00 00 00 d8 34 00 00   ึ4....ื4....ุ4.. 
    00 00 d9 34 00 00 00 fe ff 00 00 00 00 00 00 00   ..ู4.......... 
    da 34 00 00 00 00 db 34 00 00 00 00 dc 34 00 00   ฺ4....4....4.. 
    00 00 dd 34 00 00 00 00 de 34 00 00 00 00 00 15   ..4....4...... 
    ff 00 00 00 00 00 df 34 00 00 00 00 e0 34 00 00   .....฿4....เ4.. 
    00 00 e1 34 00 00 00 00 e2 34 00 00 00 00 e3 34   ..แ4....โ4....ใ4 
    00 00 00 00 00 00 00 14 ff 00 00 00 e4 34 00 00   ...........ไ4.. 
    00 00 e5 34 00 00 00 00 e6 34 00 00 00 00 e7 34   ..ๅ4....ๆ4....็4 
    00 00 00 00 e8 34 00 00 00 00 e9 34 00 00 00 fe   ....่4....้4... 
    ff 00 00 00 00 00 00 00 ea 34 00 00 00 00 eb 34   .......๊4....๋4 
    00 00 00 00 ec 34 00 00 00 00 ed 34 00 00 00 00   ....์4....ํ4.... 
    ee 34 00 00 00 00 00 25 ff 02 00 00 00 00 ef 34   ๎4.....%.....๏4 
    00 00 00 00 f0 34 00 00 00 00 f1 34 00 00 00 00   ....๐4....๑4.... 
    f2 34 00 00 00 00 00 f8 00 00 00 00 00 00 00 19   ๒4.....๘........ 
[12/05/2026 14:28:00] Read data (COM11) 
    ff 01 00 02 2e 00 c3 00 00 00 00 00 00 00 00 00   .....ร......... 
    00 00 00 00 00 00 00 00 00 00 00 00 00 00 00 00   ................ 
    00 00 00 00 ec 99 9b ff ff 02 01 02 00 00 00 00   ....์....... 
    00 00 00 00 00 00 00 00 00 ed 00 00 00 00 00 00   .........ํ...... 
    00 00 00 00 00 00 00 00 00 00 00 00 ec 99 9c fa   ............์๚ 
[12/05/2026 14:28:00] Written data (COM11) 
    ff 01 00 00 ba 00 c3 01 f3 34 00 00 00 00 f4 34   ...บ.ร.๓4....๔4 
    00 00 00 00 f5 34 00 00 00 00 f6 34 00 00 00 00   ....๕4....๖4.... 
    f7 34 00 00 00 00 00 41 ff 00 00 00 00 00 f8 34   ๗4.....A.....๘4 
    00 00 00 00 f9 34 00 00 00 00 fa 34 00 00 00 00   ....๙4....๚4.... 
    fb 34 00 00 00 00 fc 34 00 00 00 00 00 00 00 37   ๛4....4.......7 
    ff 00 00 00 fd 34 00 00 00 00 fe 34 00 00 00 00   ...4....4.... 
    ff 34 00 00 00 00 14 61 01 00 00 00 88 61 01 00   4.....a....a.. 
    00 00 c0 63 00 00 00 08 ff 00 00 00 37 00 00 00   ..ภc.......7... 
    c1 63 2f 00 00 00 c2 63 2b 00 00 00 c3 63 1f 00   มc/...ยc+...รc.. 
    00 00 c4 63 1b 00 00 00 ec 63 00 00 00 00 00 43   ..ฤc....์c.....C 
    ff 00 00 00 00 00 ed 63 00 00 00 00 ee 63 78 00   .....ํc....๎cx. 
    00 00 f0 63 c0 00 00 00 f1 63 a8 00 00 00 f2 63   ..๐cภ...๑cจ...๒c 
    01 00 00 00 00 00 00 7d ff 02 00 00 f3 63 01 00   .......}...๓c.. 
    00 00 f4 63 ff 00 00 00 f5 63 ff 00 00 00 f6 63   ..๔c...๕c...๖c 
    ff 00 00 00 00 44 00 00 00 00 00 00 00 00 00 43   ....D.........C 
[12/05/2026 14:28:00] Read data (COM11) 
    ff 01 00 02 23 00 c3 00 00 00 00 00 00 00 00 00   ...#.ร......... 
    00 00 00 00 00 00 00 00 00 00 00 00 00 00 00 00   ................ 
    00 00 00 00 f7 99 9d ef ff 02 01 02 00 00 e0 00   ....๗๏.....เ. 
    00 00 00 00 00 00 00 00 00 00 00 00 00 00 00 00   ................ 
    00 00 00 00 00 00 00 00 00 00 00 00 f7 99 9e ee   ............๗๎ 
[12/05/2026 14:28:00] Written data (COM11) 
    ff 01 00 00 48 00 c3 01 f7 63 00 00 00 00 f8 63   ...H.ร.๗c....๘c 
    00 00 00 00 f9 63 00 00 00 00 fa 63 00 00 00 00   ....๙c....๚c.... 
    fb 63 00 00 00 00 00 e0 ff 00 00 00 00 00 fc 63   ๛c.....เ.....c 
    00 00 00 00 fd 63 01 00 00 00 00 64 7c 00 00 00   ....c.....d|... 
    01 64 7d 00 00 00 02 64 6d 00 00 00 00 00 00 f4   .d}....dm......๔ 
    ff 02 00 00 03 64 7f 00 00 00 00 0d 00 00 00 00   ....d......... 
    00 00 00 00 00 00 00 00 00 00 00 00 00 00 00 00   ................ 
    00 00 00 00 00 00 00 e8                           .......่         
[12/05/2026 14:28:00] Read data (COM11) 
    ff 03 00 01 10 00 c3 00 00 00 00 00 00 00 00 00   .....ร......... 
    00 00 00 d3 00 00 00 00 00 00 00 00 00 00 00 00   ...ำ............ 
    00 00 00 00 fc 99 9f 07                           .....         
[12/05/2026 14:28:00] Written data (COM11) 
    ff 03 00 00 0c 00 83 00 00 01 20 58 50 4b 00 ed   ........ XPK.ํ 
    00 00 00 00 00 00 00 00 00 00 00 00 00 00 00 00   ................ 
    00 00 00 00 00 00 00 fc                           .......         
[12/05/2026 14:28:00] Read data (COM11) 
    ff 03 00 01 06 00 83 00 00 85 00 00 00 00 00 00   .......…...... 
    00 00 00 00 00 00 00 00 00 00 00 00 00 00 00 00   ................ 
    00 00 00 00 5d 9a a0 9a                           ....]          
[12/05/2026 14:28:00] Written data (COM11) 
    ff 03 00 00 0c 00 83 00 80 01 01 00 00 00 00 0f   ......€....... 
    00 00 00 00 00 00 00 00 00 00 00 00 00 00 00 00   ................ 
    00 00 00 00 00 00 00 fc                           .......         
[12/05/2026 14:28:00] Read data (COM11) 
    ff 03 00 01 06 00 83 00 00 85 00 00 00 00 00 00   .......…...... 
    00 00 00 00 00 00 00 00 00 00 00 00 00 00 00 00   ................ 
    00 00 00 00 6d 9a a1 ab                           ....mกซ         
[12/05/2026 14:28:00] Written data (COM11) 
    ff 03 00 00 0a 00 82 00 e5 00 e6 00 00 8b 00 00   ......ๅ.ๆ.... 
    00 00 00 00 00 00 00 00 00 00 00 00 00 00 00 00   ................ 
    00 00 00 00 00 00 00 fc                           .......         
[12/05/2026 14:28:00] Read data (COM11) 
    ff 03 00 01 0d 00 82 00 00 00 00 00 00 00 00 00   .............. 
    8f 00 00 00 00 00 00 00 00 00 00 00 00 00 00 00   ............... 
    00 00 00 00 78 9a a2 bd                           ....xขฝ         
[12/05/2026 14:28:00] Written data (COM11) 
    ff 03 00 00 05 00 03 00 06 00 00 00 00 00 00 00   ............... 
    00 00 00 00 00 00 00 00 00 00 00 00 00 00 00 00   ................ 
    00 00 00 00 00 00 00 fc                           .......         
[12/05/2026 14:28:00] Read data (COM11) 
    ff 03 00 01 05 00 03 00 06 00 00 00 00 00 00 00   ............... 
    00 00 00 00 00 00 00 00 00 00 00 00 00 00 00 00   ................ 
    00 00 00 00 81 9a a3 45                           ....ฃE         
